<?xml version="1.0" encoding="utf-8" ?>
<localizationDictionary culture="th">
	<texts>
		<text name="{0}IsInvalid">{0} ไม่ถูกต้อง</text>
		<text name="{0}UserCannotBeDeleted">ผู้ใช้{0}ไม่สามารถลบได้</text>
		<text name="AboutUs">เกี่ยวกับเรา</text>
		<text name="Abp.Organizations.OrganizationUnit">หน่วยงาน</text>
		<text name="AccountSettings">การตั้งค่าบัญชี</text>
		<text name="Action">การกระทํา</text>
		<text name="ActionInformations">ข้อมูลการดําเนินการ</text>
		<text name="Actions">การกระทํา</text>
		<text name="Activate">เปิดใช้งาน</text>
		<text name="Active">ใช้งานอยู่</text>
		<text name="Add">เพิ่ม</text>
		<text name="AddedTime">เวลาเพิ่ม</text>
		<text name="AddMember">เพิ่มสมาชิก</text>
		<text name="Address">ที่อยู่</text>
		<text name="AddRole">เพิ่มบทบาท</text>
		<text name="AddRootUnit">เพิ่มหน่วยราก</text>
		<text name="AddSubUnit">เพิ่มหน่วยย่อย</text>
		<text name="AddUser">เพิ่มผู้ใช้</text>
		<text name="AdminEmailAddress">อีเมลผู้ดูแลระบบ</text>
		<text name="Administration">การบริหาร</text>
		<text name="AdminPassword">รหัสผ่านผู้ดูแลระบบ</text>
		<text name="AdminPasswordRepeat">รหัสผ่านผู้ดูแลระบบ (ซ้ํา)</text>
		<text name="AdminRoleCannotRemoveFromAdminUser">ไม่สามารถลบบทบาทผู้ดูแลระบบออกจากผู้ใช้ผู้ดูแลระบบ</text>
		<text name="All">ทั้งหมด</text>
		<text name="AllCachesSuccessfullyCleared">ล้างแคชทั้งหมดเรียบร้อยแล้ว</text>
		<text name="AllFunctionalityYouHaveInTheApplication">ฟังก์ชันทั้งหมดที่คุณมีในแอปพลิเคชัน</text>
		<text name="AllOfThesePermissionsMustBeGranted">สิทธิ์ที่จำเป็นไม่ได้รับอนุญาต ต้องได้รับสิทธิ์เหล่านี้ทั้งหมด: {0}</text>
		<text name="Allow">อนุญาต</text>
		<text name="AllowToRememberBrowserForTwoFactorLogin">อนุญาตให้จดจําเบราว์เซอร์ ถ้าคุณอนุญาตให้ผู้ใช้เลือกจดจําเบราว์เซอร์เพื่อข้ามการยืนยันสองระบบในการเข้าสู่ระบบสําหรับเบราว์เซอร์เดียวกัน</text>
		<text name="AllowUsersToRegisterThemselves">อนุญาตให้ผู้ใช้ลงทะเบียนกับระบบ</text>
		<text name="AllowUsersToRegisterThemselves_Hint">ถ้าคุณปิดใช้งานนี้ ผู้ใช้จะถูกเพิ่มโดยแอดมินโดยการใช้เพจจัดการผู้ใช้งาน</text>
		<text name="AllUsersSuccessfullyImportedFromExcel">กระบวนการนําเข้าของผู้ใช้เสร็จสมบูรณ์แล้ว ผู้ใช้ทั้งหมดในไฟล์จะถูกนําเข้า</text>
		<text name="Amount">จำนวน</text>
		<text name="AnErrorOccurred">มีข้อผิดพลาดเกิดขึ้น โปรดลองอีกครั้งในภายหลัง</text>
		<text name="AnHttpErrorOccured">เกิดข้อผิดพลาดในการสื่อสารกับเซิร์ฟเวอร์</text>
		<text name="Anonymous">ไม่ระบุชื่อ</text>
		<text name="Apply">ใช้</text>
		<text name="AreYouSure">คุณแน่ใจหรือไม่?</text>
		<text name="AtLeastOneOfThesePermissionsMustBeGranted">สิทธิ์ที่จำเป็นไม่ได้รับอนุญาต ต้องได้รับสิทธิ์เหล่านี้อย่างน้อยหนึ่งสิทธิ์: {0}</text>
		<text name="Attach">แนบ</text>
		<text name="AuditLogDetail">รายละเอียดบันทึกการตรวจสอบ</text>
		<text name="AuditLogImpersonatedOperationInfo">หมายเหตุ: การดําเนินการนี้จะดําเนินการโดยผู้ใช้อื่นในนามของผู้ใช้รายนี้</text>
		<text name="AuditLogs">บันทึกการตรวจสอบ</text>
		<text name="AutomaticallyBillMyAccount">เปิดใช้งานการชําระเงินที่เกิดขึ้นประจำ</text>
		<text name="Back">ย้อนกลับ</text>
		<text name="BackToDefaultPage">กลับไปที่ค่าเริ่มต้น</text>
		<text name="BackToMyAccount">กลับไปที่บัญชีของฉัน</text>
		<text name="BaseLanguage">ภาษาพื้นฐาน</text>
		<text name="BaseValue">ค่าพื้นฐาน</text>
		<text name="BlockedUsers">ผู้ใช้ที่ถูกบล็อก</text>
		<text name="BlockUser">บล็อกผู้ใช้</text>
		<text name="Blue">สีฟ้า</text>
		<text name="Browse">เรียกดู</text>
		<text name="Browser">เบราว์เซอร์</text>
		<text name="BuyNow_Edition_Description">รุ่น{0}</text>
		<text name="Cancel">ยกเลิก</text>
		<text name="CaptchaCanNotBeEmpty">คุณต้องพิสูจน์ว่าคุณไม่ใช่หุ่นยนต์</text>
		<text name="Captha_Hint">กรุณาพิสูจน์ว่าคุณไม่ใช่หุ่นยนต์</text>
		<text name="Change">เปลี่ยน</text>
		<text name="ChangeDateRange">เปลี่ยนช่วงวันที่</text>
		<text name="ChangeLogs">บันทึกการเปลี่ยนแปลง</text>
		<text name="ChangePassword">เปลี่ยนรหัสผ่าน</text>
		<text name="ChangePasswordBeforeLinkToAnAccount">คุณต้องเปลี่ยนรหัสผ่านของคุณก่อนที่จะเชื่อมโยงบัญชีนี้!</text>
		<text name="ChangePasswordToLogin">คุณต้องเปลี่ยนรหัสผ่านของคุณก่อนที่จะเข้าสู่ระบบ!</text>
		<text name="ChangeProfilePicture">เปลี่ยนรูปโปรไฟล์</text>
		<text name="ChangeTenant">สลับผู้เช่า</text>
		<text name="ChangeTexts">เปลี่ยนข้อความ</text>
		<text name="ChangingFeatures">การเปลี่ยนคุณลักษณะ</text>
		<text name="ChangingPermissions">การเปลี่ยนสิทธิ์</text>
		<text name="ChangingTexts">การเปลี่ยนข้อความ</text>
		<text name="ChartDateFormat">%m/%d/%Y</text>
		<text name="ChatIsConnecting">การสนทนากําลังเชื่อมต่อ...</text>
		<text name="ChatMessage_From">จาก</text>
		<text name="ChatMessage_To">ถึง</text>
		<text name="CheckoutWithStripe">ชำระเงินด้วย Stripe</text>
		<text name="Clear">ล้าง</text>
		<text name="ClearAll">ล้างทั้งหมด</text>
		<text name="ClearedSuccessfully">ล้างเสร็จเรียบร้อยแล้ว</text>
		<text name="ClickHere">คลิกที่นี่</text>
		<text name="ClickToSeeInvalidUsers">กระบวนการนําเข้าของผู้ใช้เสร็จสมบูรณ์แล้ว มีข้อมูลที่ไม่ถูกต้อง คลิกเพื่อดูการนําเข้าของผู้ใช้ที่ไม่ถูกต้อง</text>
		<text name="Client">ลูกค้า</text>
		<text name="Close">ปิด</text>
		<text name="Code">รหัส</text>
		<text name="Collapse">พัง</text>
		<text name="ConfirmationMailSentPleaseClickLinkInTheEmail">อีเมลยืนยันที่ส่งถึง{0} โปรดคลิกลิงก์ในอีเมลเพื่อยืนยันที่อยู่อีเมลของคุณ</text>
		<text name="CookieConsent">ความยินยอมให้ใช้คุกกี้</text>
		<text name="CookieConsent_Dismiss">เข้าใจแล้ว!</text>
		<text name="CookieConsent_Message">เว็บไซต์นี้ใช้คุกกี้เพื่อให้แน่ใจว่าคุณได้รับประสบการณ์ที่ดีที่สุดในเว็บไซต์ของเรา</text>
		<text name="CouldNotCompleteLoginOperation">ไม่สามารถดําเนินการล็อกอินให้เสร็จสมบูรณ์ได้</text>
		<text name="CouldNotValidateExternalUser">ไม่สามารถตรวจสอบความถูกต้องของล็อกอินของผู้ใช้ภายนอก</text>
		<text name="CreateAnAccount">สร้างบัญชี</text>
		<text name="CreatedAtByUser">สร้างที่ &lt;b&gt;{0}&lt;/b&gt; โดย &lt;b&gt;{1}&lt;/b&gt;</text>
		<text name="CreateNewEdition">สร้างรุ่นใหม่</text>
		<text name="CreateNewLanguage">สร้างภาษาใหม่</text>
		<text name="CreateNewRole">สร้างบทบาทใหม่</text>
		<text name="CreateNewTenant">สร้างผู้เช่าใหม่</text>
		<text name="CreateNewUser">สร้างผู้ใช้ใหม่</text>
		<text name="CreatingNewEdition">การสร้างรุ่นใหม่</text>
		<text name="CreatingNewLanguage">การสร้างภาษาใหม่</text>
		<text name="CreatingNewRole">การสร้างบทบาทใหม่</text>
		<text name="CreatingNewTenant">การสร้างผู้เช่าใหม่</text>
		<text name="CreatingNewUser">การสร้างผู้ใช้ใหม่</text>
		<text name="CreationTime">เวลาสร้าง</text>
		<text name="CurrentPassword">รหัสผ่านปัจจุบัน</text>
		<text name="CurrentTenant">ผู้เช่าปัจจุบัน</text>
		<text name="CurrentUserDidNotLoginToTheApplication">ผู้ใช้ปัจจุบันไม่ได้เข้าสู่ระบบแอปพลิเคชัน!</text>
		<text name="CustomData">ข้อมูลที่กําหนดเอง</text>
		<text name="CustomRange">ช่วงที่กําหนดเอง</text>
		<text name="Daily">ประจำวัน</text>
		<text name="Dashboard">แดชบอร์ด</text>
		<text name="DashboardFilters">ตัวกรองแดชบอร์ด</text>
		<text name="DashboardHeaderInfo">สถิติและรายงาน</text>
		<text name="DashboardSampleStatistics">สถิติตัวอย่าง</text>
		<text name="DashboardSampleStatisticsHelpText">ความคืบหน้า</text>
		<text name="Data">ข้อมูล</text>
		<text name="Date">วัน</text>
		<text name="DateFormatShort">วว.ดด.ปปปป.</text>
		<text name="DateRange">ช่วงวันที่</text>
		<text name="DayCount">จํานวนวัน</text>
		<text name="Days">วัน</text>
		<text name="Deactivate">ปิดใช้งาน</text>
		<text name="Default">ค่าเริ่มต้น</text>
		<text name="Default (all) API">ค่าเริ่มต้น API (ทั้งหมด)</text>
		<text name="DefaultAccountLockoutDurationAsSeconds">ระยะเวลาการล็อคบัญชี (เป็นวินาที)</text>
		<text name="DefaultFromSenderDisplayName">ค่าเริ่มต้นจาก (ผู้ส่ง) ชื่อที่แสดง</text>
		<text name="DefaultFromSenderEmailAddress">ค่าเริ่มต้นจาก (ผู้ส่ง) ที่อยู่อีเมล</text>
		<text name="DefaultLanguage">ภาษาเริ่มต้น</text>
		<text name="DefaultRole_Description">กําหนดให้กับผู้ใช้ใหม่โดยค่าเริ่มต้น</text>
		<text name="Definitions">การกำหนด</text>
		<text name="Delete">ลบ</text>
		<text name="DeleteEntityDynamicParameterValueMessage">ค่า{0}จะถูกล้างออก</text>
		<text name="DeleteListedNotifications">ลบการแจ้งเตือนตามรายการ</text>
		<text name="DeleteListedNotificationsWarningMessage">การแจ้งเตือนที่แสดงทั้งหมดจะถูกลบ</text>
		<text name="DeletingEdition">การลบรุ่น</text>
		<text name="DeletingLanguages">การลบภาษา</text>
		<text name="DeletingRole">การลบบทบาท</text>
		<text name="DeletingTenant">การลบผู้เช่า</text>
		<text name="DeletingUser">การลบผู้ใช้</text>
		<text name="DemoUiComponents_Info">หน้านี้แสดงส่วนประกอบ UI ที่มีประโยชน์ที่สามารถนํามาใช้ในแอปพลิเคชั่นของคุณ
      ส่วนประกอบอื่นๆในเพจนี้จะถูกนําไปใช้แบบเต็มสแต็ค (รวมถึงด้านเซิร์ฟเวอร์)</text>
		<text name="Detail">รายละเอียด</text>
		<text name="Disable">ปิดการใช้งาน</text>
		<text name="Disabled">ปิดการใช้งาน</text>
		<text name="DoNotAllow">ไม่อนุญาต</text>
		<text name="DontYouHaveAnAccount">คุณไม่มีบัญชี?</text>
		<text name="Download">ดาวน์โหลด</text>
		<text name="DownloadAll">ดาวน์โหลดทั้งหมด</text>
		<text name="DownloadCollectedData">ดาวน์โหลดข้อมูลที่รวบรวม</text>
		<text name="Duration">ระยะเวลา</text>
		<text name="Edit">แก้ไข</text>
		<text name="EditEdition">แก้ไขรุ่น</text>
		<text name="EditingEdition">การแก้ไขรุ่น</text>
		<text name="EditingLanguage">การแก้ไขภาษา</text>
		<text name="EditingRole">การแก้ไขบทบาท</text>
		<text name="EditingTenant">การแก้ไขผู้เช่า</text>
		<text name="EditingUser">การแก้ไขผู้ใช้</text>
		<text name="Edition">รุ่น</text>
		<text name="EditionDeleteWarningMessage">คุณแน่ใจหรือไม่ที่จะลบ{0}รุ่น</text>
		<text name="EditionName">ชื่อรุ่น</text>
		<text name="EditionProperties">คุณสมบัติรุ่น</text>
		<text name="Editions">รุ่นต่างๆ</text>
		<text name="EditionsHeaderInfo">จัดการรุ่นและคุณสมบัติของแอปพลิเคชัน</text>
		<text name="EditionStatistics">สถิติรุ่น</text>
		<text name="EditLanguage">แก้ไขภาษา</text>
		<text name="EditRole">แก้ไขบทบาท</text>
		<text name="EditTenant">แก้ไขผู้เช่า</text>
		<text name="EditText">แก้ไขข้อความ</text>
		<text name="EditUser">แก้ไขผู้ใช้</text>
		<text name="Email">อีเมล</text>
		<text name="EmailActivation">การเปิดใช้งานอีเมล</text>
		<text name="EmailActivation_ClickTheLinkBelowToVerifyYourEmail">กรุณาคลิกที่ลิงก์ด้านล่างเพื่อยืนยันที่อยู่อีเมลของคุณ:</text>
		<text name="EmailActivation_Subject">การเปิดใช้งานบัญชีอีเมล WebAero</text>
		<text name="EmailActivation_SubTitle">อีเมลนี้จะถูกส่งถึงคุณเพื่อยืนยันอีเมลของคุณ</text>
		<text name="EmailActivation_Title">ยินดีต้อนรับสู่ WebAero</text>
		<text name="EmailAddress">ที่อยู่อีเมล</text>
		<text name="EmailConfirm">ยืนยันอีเมล</text>
		<text name="EmailConfirmationRequiredForLogin">ต้องมีการยืนยันอีเมลเพื่อเข้าสู่ระบบ</text>
		<text name="EmailMessage_CopyTheLinkBelowToYourBrowser">หากปุ่มด้านบนไม่ทำงานให้วางลงในเบราว์เซอร์ของคุณ:</text>
		<text name="EmailSecurityCodeBody">รหัสความปลอดภัยของคุณคือ: {0}</text>
		<text name="EmailSecurityCodeSubject">รหัสความปลอดภัย</text>
		<text name="EmptyOnes">อันที่ว่างเปล่า</text>
		<text name="Enable">เปิดใช้งาน</text>
		<text name="EnableTwoFactorLogin">เปิดใช้งานการยืนยันสองระบบในการล็อกอินผู้ใช้</text>
		<text name="EnableUserAccountLockingOnFailedLoginAttempts">เปิดใช้งานการล็อกบัญชีผู้ใช้เมื่อล้มเหลวในการพยายามเข้าสู่ระบบ</text>
		<text name="EndTime">เวลาสิ้นสุด</text>
		<text name="EnterTenancyName">ใส่ชื่อผู้เช่า...</text>
		<text name="Error">ข้อผิดพลาด!</text>
		<text name="ErrorState">สถานะข้อผิดพลาด</text>
		<text name="ExcelOperations">การทำงานของ Excel</text>
		<text name="Exception">ข้อยกเว้น</text>
		<text name="Expand">ขยาย</text>
		<text name="ExpiringTenantsHelpText">ลูกค้า{1}แรกกำลังหมดอายุใน{0}วัน</text>
		<text name="ExportToExcel">ส่งออกไปยัง Excel</text>
		<text name="ExternalPaymentId">รหัสการชําระเงินภายนอก</text>
		<text name="Failed">ล้มเหลว</text>
		<text name="Fatal">ร้ายแรง</text>
		<text name="Features">คุณสมบัติ</text>
		<text name="File">ไฟล์</text>
		<text name="File_Empty_Error">โปรดเลือกไฟล์!</text>
		<text name="File_Invalid_Type_Error">ชนิดไฟล์ไม่ถูกต้อง!</text>
		<text name="File_SizeLimit_Error">ขนาดของไฟล์เกินขีดจํากัดที่ได้รับอนุญาต!</text>
		<text name="FileCantBeConvertedToUserList">ขั้นตอนการนําเข้าของผู้ใช้ล้มเหลว ไฟล์ไม่ถูกต้อง</text>
		<text name="FilterByPermission">กรองตามสิทธิ์</text>
		<text name="FilterByRole">กรองตามบทบาท</text>
		<text name="FilterDateRangePicker">ช่วงวันที่</text>
		<text name="FilterOrAddUser">กรอง / เพิ่มผู้ใช้</text>
		<text name="Flag">ธง</text>
		<text name="ForgotPassword">ลืมรหัสผ่าน?</text>
		<text name="FormIsNotValidMessage">ฟอร์มไม่ถูกต้อง กรุณาตรวจสอบและแก้ไขข้อผิดพลาด</text>
		<text name="GdprDataPreparedNotificationMessage">ข้อมูลของคุณพร้อมแล้วคลิกที่นี่เพื่อดาวน์โหลด</text>
		<text name="GdprDataPrepareStartedNotification">เรากําลังเตรียมข้อมูลของคุณ คุณจะได้รับแจ้งเมื่อข้อมูลของคุณพร้อม</text>
		<text name="General">ทั่วไป</text>
		<text name="GoToApplication">ไปที่แอปพลิเคชัน</text>
		<text name="GoToLoginPage">ไปที่หน้าเข้าสู่ระบบ</text>
		<text name="Green">สีเขียว</text>
		<text name="HasError">มีข้อผิดพลาด</text>
		<text name="Hide">ซ่อน</text>
		<text name="HideAdvancedFilters">ซ่อนตัวกรองขั้นสูง</text>
		<text name="History">ประวัติ</text>
		<text name="HomePage">หน้าแรก</text>
		<text name="HostDashboardHeaderInfo">สถิติทั่วไปและกิจกรรมล่าสุด</text>
		<text name="HttpStatusCode">รหัสสถานะ http</text>
		<text name="Image">รูปภาพ</text>
		<text name="ImportFromExcel">นําเข้าจาก Excel</text>
		<text name="ImportToExcelSampleFileDownloadInfo">{0}เพื่อดาวน์โหลดไฟล์นําเข้าตัวอย่าง</text>
		<text name="ImportUsersProcessStart">ขั้นตอนการนําเข้าของผู้ใช้ได้เริ่มต้นขึ้นแล้ว</text>
		<text name="ImportUsersUploadFailed">ขั้นตอนการนําเข้าของผู้ใช้ล้มเหลว</text>
		<text name="Income">รายได้</text>
		<text name="IncomeStatistics">สถิติรายได้</text>
		<text name="IncomeWithAmount">รายได้: {0}</text>
		<text name="IncorrectCaptchaAnswer">ไม่สามารถกําหนดว่าคุณไม่ได้เป็นหุ่นยนต์</text>
		<text name="IncorrectImageFormat">รูปแบบภาพไม่ถูกต้อง!</text>
		<text name="Info">ข้อมูล</text>
		<text name="InputType">ประเภทอินพุต</text>
		<text name="InvalidEmailAddress">ที่อยู่อีเมลไม่ถูกต้อง</text>
		<text name="InvalidEmailConfirmationCode">รหัสยืนยันอีเมลไม่ถูกต้อง</text>
		<text name="InvalidEmailConfirmationCode_Detail">โปรดแน่ใจว่าคุณเข้าสู่หน้านี้โดยคลิกที่ลิงก์ที่ส่งไปยังอีเมลของคุณ หากวิธีไม่ช่วยในการแก้ปัญหาคุณสามารถขอรหัสยืนยันใหม่อีกครั้ง</text>
		<text name="InvalidFeaturesWarning">ค่าคุณสมบัติหนึ่งค่าหรือมากกว่าไม่ถูกต้อง! </text>
		<text name="InvalidFormMessage">ฟอร์มของคุณไม่ถูกต้อง กรุณาตรวจสอบและแก้ไข</text>
		<text name="InvalidPasswordResetCode">รหัสรีเซ็ตรหัสผ่านไม่ถูกต้อง</text>
		<text name="InvalidPasswordResetCode_Detail">โปรดแน่ใจว่าคุณเข้าสู่หน้านี้โดยคลิกที่ลิงก์ที่ส่งไปยังอีเมลของคุณ หากวิธีไม่ช่วยในการแก้ปัญหาคุณสามารถขอลิงก์เพื่อรีเซ็ตรหัสผ่านใหม่อีกครั้ง</text>
		<text name="InvalidPattern">ไม่ถูกต้อง</text>
		<text name="InvalidPhoneNumber">ฟิลด์ {0} ไม่ใช่หมายเลขโทรศัพท์ที่ถูกต้อง</text>
		<text name="InvalidRegularExpression">ฟิลด์ {0} ไม่ถูกต้อง</text>
		<text name="InvalidSecurityCode">รหัสความปลอดภัยไม่ถูกต้อง!</text>
		<text name="InvalidUserImports">การนําเข้าผู้ใช้ไม่ถูกต้อง</text>
		<text name="InvalidUserNameOrEmailAddress">ชื่อผู้ใช้หรือที่อยู่อีเมลไม่ถูกต้อง</text>
		<text name="InvalidUserNameOrPassword">ชื่อผู้ใช้หรือรหัสผ่านไม่ถูกต้อง</text>
		<text name="InvoiceInfoIsMissingOrNotCompleted">ข้อมูลใบแจ้งหนี้หายไปหรือไม่เสร็จสมบูรณ์</text>
		<text name="IpAddress">ที่อยู่ IP</text>
		<text name="IsActive">ใช้งานอยู่</text>
		<text name="IsCookieConsentEnabled">เปิดใช้งานความยินยอมของคุกกี้</text>
		<text name="IsDisabled">ถูกปิดใช้งาน</text>
		<text name="IsEmailVerificationEnabled">เปิดใช้งานการตรวจสอบอีเมล</text>
		<text name="IsEnabled">เปิดใช้งาน</text>
		<text name="IsLockoutEnabled">เปิดใช้งานการปิดกั้น</text>
		<text name="IsLockoutEnabled_Hint">ผู้ใช้ถูกล็อกระยะหนึ่งหลังจากล้มเหลวในการพยายามเข้าสู่ระบบหลายครั้ง</text>
		<text name="IsSessionTimeOutEnabled">เปิดใช้งานตัวควบคุมเซสชันหมดเวลา</text>
		<text name="IsSmsVerificationEnabled">เปิดใช้งานการยืนยันทาง SMS</text>
		<text name="IsTwoFactorEnabled">เปิดใช้งานการรับรองความถูกต้องสองระบบ</text>
		<text name="Item">สินค้า</text>
		<text name="Key">คีย์</text>
		<text name="Language">ภาษา</text>
		<text name="LanguageDeleteWarningMessage">คุณแน่ใจหรือไม่ว่าจะลบภาษา {0}?</text>
		<text name="Languages">ภาษา</text>
		<text name="LanguagesHeaderInfo">จัดการภาษาอินเทอร์เฟซของผู้ใช้</text>
		<text name="LanguageTexts">ข้อความภาษา</text>
		<text name="LanguageTextsHeaderInfo">แก้ไขข้อความสําหรับภาษา</text>
		<text name="Last30Days">30 วันที่ผ่านมา</text>
		<text name="Last7Days">7 วันที่ผ่านมา</text>
		<text name="LastLoginTime">เวลาล็อกอินครั้งล่าสุด</text>
		<text name="LastModificationTime">เวลาแก้ไขล่าสุด</text>
		<text name="LastMonth">เดือนที่แล้ว</text>
		<text name="LeaveEmptyToSwitchToHost">เว้นว่างไว้เพื่อสลับไปยังโฮสต์</text>
		<text name="LeftMenu">เมนูด้านซ้าย</text>
		<text name="LengthNotInRange">ความยาวของ{0}ฟิลด์ต้องอยู่ระหว่าง{1}และ{2}</text>
		<text name="LessThanMinStringLength">ฟิลด์{0}ต้องมีความยาวต่ําสุดของ{1}</text>
		<text name="Link">เชื่อมโยง</text>
		<text name="LinkedAccounts">บัญชีที่เชื่อมโยง</text>
		<text name="LinkedUserDeleteWarningMessage">การเชื่อมโยงไปยังผู้ใช้{0}จะถูกลบ</text>
		<text name="LinkNewAccount">เชื่อมโยงบัญชีใหม่</text>
		<text name="LinkToCurrentPage">เชื่อมโยงไปยังหน้าปัจจุบัน</text>
		<text name="LoadWithThreeDot">กำลังโหลด...</text>
		<text name="LogIn">เข้าสู่ระบบ</text>
		<text name="LoginAsThisTenant">ล็อกอินเป็นผู้เช่านี้</text>
		<text name="LoginAsThisUser">เข้าสู่ระบบในฐานะผู้ใช้รายนี้</text>
		<text name="LoginAttempts">ความพยายามในการเข้าสู่ระบบ</text>
		<text name="LoginFailed">เข้าสู่ระบบล้มเหลว!</text>
		<text name="LoginForTenants">เข้าสู่ระบบสําหรับผู้เช่า</text>
		<text name="LoginForUsers">เข้าสู่ระบบสําหรับผู้ใช้</text>
		<text name="LoginWith">เข้าสู่ระบบด้วย:</text>
		<text name="Logout">ออกจากระบบ</text>
		<text name="MailSent">เมลส่งไปแล้ว</text>
		<text name="MainMenu">เมนูหลัก</text>
		<text name="Maintenance">บำรุงรักษา</text>
		<text name="ManageLinkedAccounts">จัดการบัญชีที่เชื่อมโยง</text>
		<text name="ManageUserDelegations">จัดการการมอบอํานาจ</text>
		<text name="ManagingMembers">การจัดการสมาชิก</text>
		<text name="ManagingOrganizationTree">การจัดการแผนภูมิองค์กร</text>
		<text name="ManagingRoles">การจัดการบทบาท</text>
		<text name="MaxFailedAccessAttemptsBeforeLockout">จำนวนความพยายามที่ล้มเหลวในการเข้าสู่ระบบสูงสุดก่อนที่จะล็อกบัญชี</text>
		<text name="MaximumUserCount">จํานวนผู้ใช้สูงสุด</text>
		<text name="MaximumUserCount_Description">0 = ไม่จํากัด</text>
		<text name="MaximumUserCount_Error_Detail">ผู้เช่านี้ได้รับอนุญาตให้มีผู้ใช้{0}สูงสุด</text>
		<text name="MaximumUserCount_Error_Message">ถึงจำนวนผู้ใช้สูงสุดที่อนุญาต!</text>
		<text name="medium">ปานกลาง</text>
		<text name="Members">สมาชิก</text>
		<text name="Message">ข้อความ</text>
		<text name="Messages">ข้อความอื่นๆ</text>
		<text name="Monthly">รายเดือน</text>
		<text name="MoveTenantsToAnotherEdition">ย้ายผู้เช่าไปยังรุ่นอื่น</text>
		<text name="MySettings">การตั้งค่าของฉัน</text>
		<text name="Name">ชื่อ</text>
		<text name="NameSurname">ชื่อนามสกุล</text>
		<text name="NewChatMessageEmail_Subject">คุณมีข้อความแชทใหม่</text>
		<text name="NewChatMessageEmail_SubTitle"></text>
		<text name="NewChatMessageEmail_Title">รายละเอียดข้อความ</text>
		<text name="NewOrganizationUnit">หน่วยองค์กรใหม่</text>
		<text name="NewPassword">รหัสผ่านใหม่</text>
		<text name="NewPasswordRepeat">รหัสผ่านใหม่ (ซ้ํา)</text>
		<text name="NewRegisteredUsersIsActiveByDefault">ผู้ใช้ที่ลงทะเบียนใหม่จะใช้งานตามค่าเริ่มต้น</text>
		<text name="NewRegisteredUsersIsActiveByDefault_Hint">หากคุณปิดใช้งานผู้ใช้ใหม่จะไม่สามารถใช้งานได้ (และไม่สามารถเข้าสู่ระบบได้) จนกว่าผู้ดูแลระบบจะเปิดใช้งานบัญชีด้วยตนเอง</text>
		<text name="NewSubscriptionAmount">จำนวนเงินการสมัครสมาชิกใหม่</text>
		<text name="NewTenant">ผู้เช่าใหม่</text>
		<text name="NewTenants">ผู้เช่าใหม่</text>
		<text name="NewValue">ค่าใหม่</text>
		<text name="Next">ถัดไป</text>
		<text name="No">ไม่ใช่</text>
		<text name="NoData">ไม่มีข้อมูล</text>
		<text name="NoInternetConnection">ขณะนี้คุณยังไม่ได้เชื่อมต่อกับอินเทอร์เน็ต</text>
		<text name="None">ไม่มี</text>
		<text name="NoOrganizationUnitDefinedYet">ยังไม่มีการกำหนดหน่วยขององค์กร</text>
		<text name="NoPermission">คุณไม่ได้รับอนุญาตใดๆ ติดต่อผู้ดูแลระบบของคุณ</text>
		<text name="normal">ปกติ</text>
		<text name="NotAssigned">ไม่ได้กําหนด</text>
		<text name="Note_RefreshPageForPermissionChanges">หากคุณกําลังเปลี่ยนแปลงสิทธิ์ของคุณเอง คุณอาจต้องรีเฟรชหน้า (F5) เพื่อมีผลต่อการเปลี่ยนแปลงสิทธิ์บนหน้าจอของคุณเอง!</text>
		<text name="Notification">การแจ้งเตือน</text>
		<text name="NotificationDeleteWarningMessage">การแจ้งเตือนนี้จะถูกลบออก</text>
		<text name="Notifications">การแจ้งเตือน</text>
		<text name="NotificationSettings">การตั้งค่าการแจ้งเตือน</text>
		<text name="NotificationTypes">ประเภทการแจ้งเตือน</text>
		<text name="NotSelected">ไม่ได้เลือก</text>
		<text name="Object">วัตถุ</text>
		<text name="Off">ปิด</text>
		<text name="Offline">ออฟไลน์</text>
		<text name="Ok">ตกลง</text>
		<text name="On">บน</text>
		<text name="OneConcurrentLoginPerUser">การเข้าสู่ระบบพร้อมกันเพียงครั้งเดียวต่อผู้ใช้</text>
		<text name="OneConcurrentLoginPerUserActive">ปิดการใช้งานเข้าสู่ระบบพร้อมกันสำหรับผู้ใช้ หากผู้ใช้เข้าสู่ระบบด้วยอุปกรณ์เครื่องที่สองเซสชันแรกจะปิดโดยอัตโนมัติ  </text>
		<text name="Online">ออนไลน์</text>
		<text name="OnlyLockedUsers">เฉพาะผู้ใช้ที่ล็อกเท่านั้น</text>
		<text name="OperationLogs">บันทึกการทำงาน</text>
		<text name="OrganizationTree">แผนผังองค์กร</text>
		<text name="OrganizationUnitDeleteWarningMessage">คุณแน่ใจหรือไม่ว่าจะลบหน่วยขององค์กร {0}?</text>
		<text name="OrganizationUnitMoveConfirmMessage">โปรดยืนยันเพื่อย้าย{0}ไปที่ใต้{1}</text>
		<text name="OrganizationUnitNotFoundForThisUser">ไม่มีหน่วยขององค์กรสำหรับผู้ใช้รายนี้</text>
		<text name="OrganizationUnits">หน่วยขององค์กร</text>
		<text name="OriginalValue">ค่าเดิม</text>
		<text name="Others">อื่นๆ</text>
		<text name="OtherSettings">การตั้งค่าอื่นๆ</text>
		<text name="Pages">หน้า</text>
		<text name="Parameter">พารามิเตอร์</text>
		<text name="ParameterName">ชื่อพารามิเตอร์</text>
		<text name="Parameters">พารามิเตอร์</text>
		<text name="Password">รหัสผ่าน</text>
		<text name="PasswordChangeDontRememberMessage">ถ้าคุณจํารหัสผ่านของคุณไม่ได้{0}</text>
		<text name="PasswordComplexity">ความซับซ้อนของรหัสผ่าน</text>
		<text name="PasswordComplexity_RequireDigit">ต้องใช้ตัวเลข</text>
		<text name="PasswordComplexity_RequireDigit_Hint">รหัสผ่านต้องมีตัวเลขอย่างน้อยหนึ่งหลัก ('0'-'9')</text>
		<text name="PasswordComplexity_RequiredLength">ความยาวที่ต้องการ</text>
		<text name="PasswordComplexity_RequiredLength_Hint">รหัสผ่านต้องมีอักขระอย่างน้อย {0} ตัว</text>
		<text name="PasswordComplexity_RequireLowercase">ต้องใช้ตัวพิมพ์เล็ก</text>
		<text name="PasswordComplexity_RequireLowercase_Hint">รหัสผ่านต้องมีตัวพิมพ์เล็กอย่างน้อยหนึ่งตัว ('a'-'z')</text>
		<text name="PasswordComplexity_RequireNonAlphanumeric">ต้องใช้สัญลักษณ์พิเศษ</text>
		<text name="PasswordComplexity_RequireNonAlphanumeric_Hint">รหัสผ่านต้องมีสัญลักษณ์พิเศษที่ไม่ใช่ตัวอักษรและตัวเลขอย่างน้อยหนึ่งตัว</text>
		<text name="PasswordComplexity_RequireUppercase">ต้องใช้ตัวพิมพ์ใหญ่</text>
		<text name="PasswordComplexity_RequireUppercase_Hint">รหัสผ่านต้องมีตัวพิมพ์ใหญ่อย่างน้อยหนึ่งตัว ('A'-'Z')</text>
		<text name="PasswordComplexityNotSatisfied">ความซับซ้อนของรหัสผ่านยังไม่เพียงพอ</text>
		<text name="PasswordRepeat">รหัสผ่าน (ซ้ํา)</text>
		<text name="PasswordReset">รีเซ็ตรหัสผ่าน</text>
		<text name="PasswordResetEmail_ClickTheLinkBelowToResetYourPassword">กรุณาคลิกที่ลิงก์ด้านล่างเพื่อรีเซ็ตรหัสผ่านของคุณ:</text>
		<text name="PasswordResetEmail_Subject">ตั้งค่ารหัสผ่าน WebAero</text>
		<text name="PasswordResetEmail_SubTitle">อีเมลนี้จะถูกส่งให้คุณตั้งค่าใหม่และสร้างรหัสผ่านของคุณ</text>
		<text name="PasswordResetEmail_Title">รีเซ็ตรหัสผ่าน WebAero</text>
		<text name="PasswordResetMailSentMessage">ลิงก์รีเซ็ตรหัสผ่านที่ส่งไปยังที่อยู่อีเมลของคุณ โปรดตรวจสอบอีเมลของคุณ</text>
		<text name="PasswordsDontMatch">รหัสผ่านไม่ตรงกัน!</text>
		<text name="PaymentId">รหัสการชําระเงิน</text>
		<text name="PerDay">ต่อวัน</text>
		<text name="Period">ระยะเวลา</text>
		<text name="Permission">สิทธิ์</text>
		<text name="Permissions">สิทธิ์</text>
		<text name="PerMonth">ต่อเดือน</text>
		<text name="PersonalInformations">ข้อมูลส่วนบุคคล</text>
		<text name="PerWeek">ต่อสัปดาห์</text>
		<text name="PerYear">ต่อปี</text>
		<text name="PhoneNumber">หมายเลขโทรศัพท์</text>
		<text name="Pin">Pin</text>
		<text name="Pink">สีชุมพู</text>
		<text name="PleaseEnterAtLeastNCharacter">โปรดใส่อักขระอย่างน้อย {0} ตัว</text>
		<text name="PleaseEnterLoginInformation">กรุณาป้อนข้อมูลการเข้าสู่ระบบ</text>
		<text name="PleaseEnterNoMoreThanNCharacter">โปรดใส่อักขระไม่เกิน {0} ตัว</text>
		<text name="PleaseEnterYourNewPassword">กรุณาใส่รหัสผ่านใหม่ของคุณ</text>
		<text name="PleaseWait">กรุณารอสักครู่</text>
		<text name="PleaseWaitToConfirmYourEmailMessage">กรุณารอขณะยืนยันที่อยู่อีเมลของคุณ...</text>
		<text name="PostedData">ข้อมูลที่โพสต์</text>
		<text name="PostedValue">ค่าที่โพสต์</text>
		<text name="Previous">ก่อนหน้า</text>
		<text name="Print">พิมพ์</text>
		<text name="ProcessingWithThreeDot">ประมวลผล</text>
		<text name="Profile">โปรไฟล์</text>
		<text name="ProfilePicture_Change_Error">ไม่สามารถเปลี่ยนรูปโปรไฟล์ของคุณได้</text>
		<text name="ProfilePicture_Change_Info">คุณสามารถเลือกไฟล์ JPG/JPEG/PNG ที่มีขนาดสูงสุด{0}MB </text>
		<text name="ProfilePicture_Warn_FileType">คุณสามารถเลือกได้เฉพาะไฟล์ JPG/JPEG เท่านั้น โปรดเลือกไฟล์อื่น</text>
		<text name="ProfilePicture_Warn_SizeLimit">ขนาดของรูปภาพต้องเล็กกว่า {0}MB โปรดเลือกไฟล์อื่น</text>
		<text name="Property">คุณสมบัติ</text>
		<text name="QuickNav">การนําทางอย่างรวดเร็ว</text>
		<text name="ReadState">อ่านสถานะ</text>
		<text name="ReceiveNotifications">รับการแจ้งเตือน</text>
		<text name="ReceiveNotifications_Definition">ตัวเลือกนี้สามารถใช้เพื่อเปิดใช้งาน/ปิดใช้งานการรับแจ้งเตือนทั้งหมด</text>
		<text name="ReceiveNotifications_DisableInfo">คุณปิดใช้งานการรับการแจ้งเตือนอย่างสมบูรณ์ คุณสามารถเปิดใช้งานและเลือกประเภทการแจ้งเตือนที่คุณต้องการรับ</text>
		<text name="RecentTenants">ผู้เช่าล่าสุด</text>
		<text name="RecentTenantsHelpText">ลูกค้า{1}ล่าสุดที่ลงทะเบียนใน{0}วัน...</text>
		<text name="Refresh">รีเฟรช</text>
		<text name="RegisterFormUserNameInvalidMessage">กรุณาอย่าใส่ที่อยู่อีเมลสําหรับชื่อผู้ใช้</text>
		<text name="RemainingDay">วันที่เหลือ</text>
		<text name="RemainingTime">เวลาที่เหลือ</text>
		<text name="RememberMe">จําฉันไว้</text>
		<text name="RememberMyDecision">จําการตัดสินใจของฉัน</text>
		<text name="RememberThisBrowser">จําเบราว์เซอร์นี้</text>
		<text name="Remove">ลบ</text>
		<text name="RemoveRoleFromOuWarningMessage">คุณแน่ใจหรือไม่ว่าจะลบบทบาท {0} ออกจากหน่วยขององค์กร {1}?</text>
		<text name="RemoveUserFromOuWarningMessage">คุณแน่ใจหรือไม่ว่าจะลบบทบาท {0} ออกจากหน่วยขององค์กร {1}?</text>
		<text name="Reply">ตอบกลับ</text>
		<text name="RequestedFileDoesNotExists">ไม่มีไฟล์ที่ส่งคำร้อง!</text>
		<text name="RequestTimedOut">คำร้องของคุณหมดเวลา โปรดลองอีกครั้งในภายหลัง</text>
		<text name="Required">ต้องระบุ</text>
		<text name="RequiredField">{0}ต้องกรอกข้อมูลในฟิลด์</text>
		<text name="RequiresPasswordChange">ต้องเปลี่ยนรหัสผ่าน</text>
		<text name="RequiresTwoFactorAuth">ต้องมีการตรวจสอบยืนยันสองระบบ</text>
		<text name="Resend">ส่งซ้ำ</text>
		<text name="Reset">รีเซ็ต</text>
		<text name="ResetCode">รีเซ็ตรหัส</text>
		<text name="ResetPermissionsTooltip">ปุ่มนี้จะรีเซ็ตการตั้งค่าสิทธิ์เฉพาะของผู้ใช้ทันทีและบันทึกการเปลี่ยนแปลง ผู้ใช้จะมีสิทธิ์จากบทบาทที่กําหนดเท่านั้น</text>
		<text name="ResetSpecialFeatures">รีเซ็ตคุณสมบัติพิเศษ</text>
		<text name="ResetSpecialPermissions">ตั้งค่าสิทธิ์พิเศษใหม่</text>
		<text name="ResetSuccessfully">รีเซ็ตเรียบร้อยแล้ว</text>
		<text name="ResizedProfilePicture_Warn_SizeLimit">ขนาดรูปภาพที่ปรับขนาดต้องเล็กกว่า {0}KB กรุณาปรับขนาดลงแล้วลองอีกครั้ง</text>
		<text name="Response">การตอบ</text>
		<text name="Role">บทบาท</text>
		<text name="RoleDeleteWarningMessage">บทบาท{0}จะถูกลบและไม่ได้มอบหมายจากผู้ใช้ทั้งหมดที่กําหนด</text>
		<text name="RoleIsInheritedFromOrganizationUnit">บทบาทนี้สืบทอดมาจากผู้ใช้หนึ่งในองค์กรผู้ใช้งาน</text>
		<text name="RoleName">ชื่อบทบาท</text>
		<text name="RoleProperties">คุณสมบัติบทบาท</text>
		<text name="Roles">บทบาท</text>
		<text name="RolesHeaderInfo">ใช้บทบาทในการจัดกลุ่มสิทธิ์</text>
		<text name="Root">ราก</text>
		<text name="Rotate">หมุน</text>
		<text name="Save">บันทึก</text>
		<text name="SaveAll">บันทึกทั้งหมด</text>
		<text name="SaveAndClose">บันทึกและปิด</text>
		<text name="SaveAndNext">บันทึกและถัดไป</text>
		<text name="SavedSuccessfully">บันทึกสําเร็จแล้ว</text>
		<text name="SavingWithThreeDot">บันทึก</text>
		<text name="Search">ค้นหา</text>
		<text name="SearchWithThreeDot">ค้นหา</text>
		<text name="SecondShort{0}">{0}วินาที</text>
		<text name="Security">ความปลอดภัย</text>
		<text name="SeeAllNotifications">ดูการแจ้งเตือนทั้งหมด</text>
		<text name="SeeAllRecords">ดูบันทึกทั้งหมด</text>
		<text name="Select">เลือก</text>
		<text name="SelectADynamicParameter">เลือกพารามิเตอร์แบบไดนามิก</text>
		<text name="SelectAnItem">เลือกรายการ</text>
		<text name="SelectAnOrganizationUnitToSeeMembers">เลือกองค์กรเพื่อดูสมาชิก</text>
		<text name="SelectAnOrganizationUnitToSeeRoles">เลือกองค์กรเพื่อดูบทบาท</text>
		<text name="SelectAPermission">เลือกสิทธิ์</text>
		<text name="SelectAUser">เลือกผู้ใช้</text>
		<text name="SelectDate">เลือกวันที่</text>
		<text name="SelectFile">เลือกไฟล์</text>
		<text name="SelectPermissions">เลือกสิทธิ์</text>
		<text name="SelectRoles">เลือกบทบาท</text>
		<text name="SelectUsers">เลือกผู้ใช้</text>
		<text name="SelfUserRegistrationIsDisabledMessage">คุณไม่สามารถลงทะเบียนกับระบบ!</text>
		<text name="SelfUserRegistrationIsDisabledMessage_Detail">การลงทะเบียนผู้ใช้ด้วยตนเองถูกปิดใช้งาน กรุณาติดต่อผู้ดูแลระบบเพื่อลงทะเบียน</text>
		<text name="Send">ส่ง</text>
		<text name="SendActivationEmail">ส่งอีเมลยืนยันการใช้งาน</text>
		<text name="SendEmailActivationLink_Information">ลิงก์จะถูกส่งไปยังอีเมลของคุณเพื่อเปิดใช้งานที่อยู่อีเมลของคุณ หากคุณไม่ได้รับอีเมลภายในไม่กี่นาทีโปรดลองใหม่อีกครั้ง</text>
		<text name="Sender">ผู้ส่ง</text>
		<text name="SendPasswordResetLink_Information">ลิงก์รีเซ็ตรหัสผ่านจะถูกส่งไปยังอีเมลของคุณเพื่อรีเซ็ตรหัสผ่านของคุณ หากคุณไม่ได้รับอีเมลภายในไม่กี่นาทีโปรดลองใหม่อีกครั้ง</text>
		<text name="SendSecurityCode">ส่งรหัสความปลอดภัย</text>
		<text name="SendSecurityCode_Information">คุณควรยืนยันตัวเองเพื่อเข้าสู่ระบบ โปรดเลือกประเภทการยืนยัน รหัสจะถูกส่งตามประเภทการยืนยันที่เลือก</text>
		<text name="SendSecurityCodeErrorMessage">ไม่สามารถส่งรหัสความปลอดภัยได้!</text>
		<text name="SendTestEmail">ส่งอีเมลทดสอบ</text>
		<text name="Service">บริการ</text>
		<text name="SessionExpireRedirectingInXSecond">เซสชันของคุณจะหมดอายุเนื่องจากคุณไม่ได้ใช้งานเป็นเวลานาน ป้อนข้อมูลด้วยเมาส์ / แป้นพิมพ์บนไซต์เพื่อหยุดการยุติเซสชัน เปลี่ยนเส้นทางใน{0}วินาที</text>
		<text name="SessionTimeOut">การควบคุมการหมดเวลาของเซสชัน</text>
		<text name="SessionTimeOutSecond">หมดเวลาครั้งที่สอง</text>
		<text name="SetAllAsRead">ตั้งค่าทั้งหมดเป็นอ่านแล้ว</text>
		<text name="SetAsDefaultLanguage">ตั้งค่าเป็นภาษาเริ่มต้น</text>
		<text name="SetAsRead">ตั้งค่าเป็นอ่านแล้ว</text>
		<text name="SetRandomPassword">ตั้งรหัสผ่านแบบสุ่ม</text>
		<text name="Settings">การตั้งค่า</text>
		<text name="SettingsHeaderInfo">แสดงและเปลี่ยนแปลงการตั้งค่าโปรแกรมประยุกต์</text>
		<text name="Severity">ความเข้มงวด</text>
		<text name="ShouldChangePasswordOnNextLogin">ควรเปลี่ยนรหัสผ่านในการเข้าสู่ระบบถัดไป</text>
		<text name="ShowAdvancedFilters">แสดงตัวกรองขั้นสูง</text>
		<text name="ShowData">แสดงข้อมูล</text>
		<text name="ShowLockScreenWhenTimedOut">แสดงหน้าจอเมื่อหมดเวลา</text>
		<text name="ShowResponse">แสดงการตอบสนอง</text>
		<text name="ShowTimeOutNotificationSecond">นับถอยหลังเวลารอ (วินาที)</text>
		<text name="SignUp">ลงชื่อ</text>
		<text name="Sms">Sms</text>
		<text name="SmsSecurityCodeMessage">รหัสความปลอดภัยของคุณคือ: {0}</text>
		<text name="Source">แหล่ง</text>
		<text name="Start">เริ่ม</text>
		<text name="StartTime">เวลาเริ่มต้น</text>
		<text name="Static">คงที่</text>
		<text name="StaticRole_Tooltip">ไม่สามารถลบบทบาทคงที่ได้</text>
		<text name="Status">สถานะ</text>
		<text name="StringLengthDoesntMatch">ฟิลด์{0}ต้องมีความยาวต่ําสุดของ{1}และความยาวสูงสุดของ{2}</text>
		<text name="strong">แข็งแรง</text>
		<text name="Submit">ส่ง</text>
		<text name="SubscriptionEndDate">วันที่สิ้นสุดการสมัครสมาชิก</text>
		<text name="SubscriptionExpiringTenants">การสมัครสมาชิกผู้เช่าหมดอายุ</text>
		<text name="Success">เรียบร้อย</text>
		<text name="SuccessfullyActivated">เปิดใช้งานสําเร็จ</text>
		<text name="SuccessfullyAdded">เพิ่มสําเร็จ</text>
		<text name="SuccessfullyDeactivated">ปิดใช้งานสำเร็จ</text>
		<text name="SuccessfullyDeleted">ลบเรียบร้อย</text>
		<text name="SuccessfullyMoved">ย้ายสําเร็จ</text>
		<text name="SuccessfullyRegistered">ลงทะเบียนสำเร็จ</text>
		<text name="SuccessfullyRemoved">นำออกสำเร็จ</text>
		<text name="SuccessfullySaved">บันทึกสำเร็จ</text>
		<text name="SuccessfullyUnlinked">ยกเลิกการเชื่อมโยงสําเร็จ</text>
		<text name="Surname">นามสกุล</text>
		<text name="SwitchToLinkedAccountTokenErrorMessage">เหรียญการเลียนแบบไม่ถูกต้องหรือหมดอายุแล้ว!</text>
		<text name="SwitchToTenant">สลับไปยังผู้เช่า</text>
		<text name="SwitchToTheHost">สลับไปยังโฮสต์</text>
		<text name="SwitchToTheTenant">สลับไปยังผู้เช่า</text>
		<text name="SwitchToUser">สลับไปยังผู้ใช้</text>
		<text name="TargetLanguage">ภาษาเป้าหมาย</text>
		<text name="TargetUserNotFoundProbablyDeleted">ไม่พบผู้ใช้เป้าหมาย อาจถูกลบไปแล้ว</text>
		<text name="TargetValue">มูลค่าเป้าหมาย</text>
		<text name="TenancyCodeName">ชื่อรหัสผู้เช่า</text>
		<text name="TenancyName">ชื่อผู้เช่า</text>
		<text name="TenancyNameRequired">ต้องระบุชื่อผู้เช่า!</text>
		<text name="TenantDatabaseConnectionStringChangeWarningMessage">ข้อสังเกต: ก่อนที่จะเปลี่ยนสายการเชื่อมต่อฐานข้อมูลสําหรับผู้เช่า คุณควรย้ายฐานข้อมูลผู้เช่าไปยังตําแหน่งใหม่ การเปลี่ยนสายการเชื่อมต่อไม่ได้ย้ายฐานข้อมูลของผู้เช่า</text>
		<text name="TenantDeleteWarningMessage">ผู้เช่า{0}จะถูกลบ</text>
		<text name="TenantIdIsNotActive{0}">รหัสผู้เช่าที่ไม่ใช้งาน: {0}</text>
		<text name="TenantInformations">ข้อมูลผู้เช่า</text>
		<text name="TenantIsNotActive">ผู้เช่า {0} ไม่ได้ใช้งาน</text>
		<text name="TenantManagement">การจัดการผู้เช่า</text>
		<text name="TenantName">ชื่อผู้เช่า</text>
		<text name="TenantName_Regex_Description">ชื่อผู้เช่าต้องมีอักขระอย่างน้อย 2 ตัว ให้เริ่มด้วยตัวอักษร และดําเนินการต่อด้วยตัวอักษร ตัวเลข ขีดเส้นประ หรือขีดล่าง</text>
		<text name="TenantNameCanNotBeEmpty">ชื่อผู้เช่าไม่สามารถเว้นว่างได้</text>
		<text name="TenantNameOrTenancyCode">ชื่อผู้เช่า / รหัสการเช่า</text>
		<text name="TenantRegistrationLoginInfo">คลิกที่นี่เพื่อเข้าสู่ระบบ</text>
		<text name="Tenants">ผู้เช่า</text>
		<text name="TenantSelection">การเลือกผู้เช่า</text>
		<text name="TenantSelection_Detail">โปรดเลือกผู้เช่าต่อไปนี้</text>
		<text name="TenantsHeaderInfo">จัดการผู้เช่าของคุณ</text>
		<text name="TenantSignUp">การลงทะเบียนผู้เช่า</text>
		<text name="TestEmail_Body">นี่คืออีเมลทดสอบ</text>
		<text name="TestEmail_Subject">อีเมลทดสอบ WebAero</text>
		<text name="TestEmailSentSuccessfully">อีเมลทดสอบที่ส่งเรียบร้อยแล้ว</text>
		<text name="TestEmailSettingsHeader">ทดสอบการตั้งค่าอีเมล</text>
		<text name="ThankYou">ขอบคุณ</text>
		<text name="ThereAreNoNotifications">ไม่มีการแจ้งเตือน</text>
		<text name="ThereAreTenantsSubscribedToThisEdition">มีผู้เช่าที่สมัครเป็นสมาชิกรุ่นนี้ กรุณากําหนดรุ่นอื่นให้กับพวกเขาแล้วลบรุ่นนี้</text>
		<text name="ThereIsNoLoggedInUser">ไม่มีผู้ใช้ที่ล็อกอิน</text>
		<text name="ThereIsNoSuchImageFileWithGivenToken">ไม่มีภาพที่มีเหรียญที่กําหนด</text>
		<text name="ThereIsNoTenantDefinedWithName{0}">ไม่มีผู้เช่าที่กําหนดด้วยชื่อ{0}</text>
		<text name="ThisFieldIsRequired">ฟิลด์นี้จําเป็น</text>
		<text name="ThisMonth">เดือนนี้</text>
		<text name="ThisNotificationDoesntBelongToYou">การแจ้งเตือนนี้ไม่ได้เป็นของคุณ</text>
		<text name="Time">เวลา</text>
		<text name="TimeoutPleaseTryAgain">หมดเวลา! กรุณาลองอีกครั้ง</text>
		<text name="Timezone">เขตเวลา</text>
		<text name="Today">วันนี้</text>
		<text name="TopMenu">เมนูด้านบน</text>
		<text name="Total">รวม</text>
		<text name="TotalRecordsCount">ทั้งหมด: {0}</text>
		<text name="TryIt">ลอง</text>
		<text name="TwoFactorLogin">เข้าสู่ระบบสองขั้นตอน</text>
		<text name="TwoFactorLoginIsNotSupported">ขณะนี้ไม่สนับสนุนการล็อกอินของสองขั้นตอน!</text>
		<text name="TypeAMessageHere">พิมพ์ข้อความที่นี่...</text>
		<text name="UiCustomization_Wide">กว้าง</text>
		<text name="UnAuthorizedOperation">การดําเนินการที่ไม่ได้รับอนุญาต</text>
		<text name="UnblockUser">ปลดล็อค</text>
		<text name="UnknownTenantId{0}">รหัสผู้เช่าที่ไม่รู้จัก: {0}</text>
		<text name="Unlock">ปลดล็อค</text>
		<text name="UnlockedTenandAdmin">ปลดล็อคผู้ใช้แอดมินสําหรับ {0}</text>
		<text name="UnlockedTheUser">ปลดล็อค{0}ผู้ใช้</text>
		<text name="Unread">ยังไม่ได้อ่าน</text>
		<text name="Upload">อัพโหลด</text>
		<text name="UploadedFile">ไฟล์ที่อัพโหลด</text>
		<text name="UseCaptchaOnLogin">ใช้คําถามภาพความปลอดภัย (captcha) ในการเข้าสู่ระบบ</text>
		<text name="UseCaptchaOnRegistration">ใช้คําถามภาพความปลอดภัย (captcha) ในการลงทะเบียน</text>
		<text name="UseDefaultSettings">ใช้การตั้งค่าเริ่มต้น</text>
		<text name="User profile">โปรไฟล์ผู้ใช้</text>
		<text name="UserAccount">บัญชีผู้ใช้</text>
		<text name="UserAccounts">บัญชีผู้ใช้</text>
		<text name="UserBlocked">ผู้ใช้ถูกบล็อคเรียบร้อยแล้ว</text>
		<text name="UserDeleteWarningMessage">ผู้ใช้{0}จะถูกลบ</text>
		<text name="UserEmailIsNotConfirmedAndCanNotLogin">ที่อยู่อีเมลของคุณไม่ได้รับการยืนยัน กรุณาตรวจสอบอีเมลของคุณและคลิกลิงก์ยืนยันอีเมลเพื่อเปิดใช้งานบัญชีของคุณ หากคุณไม่ได้รับอีเมลยืนยันการใช้งาน ให้คลิก 'การยืนยันอีเมล' เพื่อขอรับอีเมลใหม่</text>
		<text name="UserInformations">ข้อมูลผู้ใช้</text>
		<text name="UserIsAlreadyInTheOrganizationUnit">ผู้ใช้นี้อยู่ในหน่วยองค์กรแล้ว!</text>
		<text name="UserIsBlocked">ผู้ใช้ถูกบล็อค</text>
		<text name="UserIsNotActiveAndCanNotLogin">ผู้ใช้{0}ไม่ได้ใช้งานและไม่สามารถเข้าสู่ระบบ</text>
		<text name="UserLockedOutMessage">บัญชีผู้ใช้ถูกล็อกเอาท์ กรุณาลองอีกครั้งในภายหลัง</text>
		<text name="UserLockOut">ผู้ใช้ล็อคเอาท์</text>
		<text name="UserManagement">การจัดการผู้ใช้</text>
		<text name="UserName">ชื่อผู้ใช้</text>
		<text name="UserNameOrEmail">ชื่อผู้ใช้หรืออีเมล</text>
		<text name="Users">ผู้ใช้</text>
		<text name="UsersHeaderInfo">จัดการผู้ใช้และสิทธิ์</text>
		<text name="UserUnblocked">การบล็อกถูกเอาออกจากผู้ใช้เสร็จเรียบร้อยแล้ว</text>
		<text name="Value">ค่า</text>
		<text name="Values">ค่า</text>
		<text name="VerificationCode">รหัสยืนยัน</text>
		<text name="VerifySecurityCode">ตรวจสอบรหัสความปลอดภัย</text>
		<text name="VerifySecurityCode_Information">กรุณากรอกรหัสยืนยันที่ส่งถึงคุณ</text>
		<text name="VerifySecurityCodeNotLoggedInErrorMessage">คุณควรจะเข้าสู่ระบบในครั้งแรกเพื่อยืนยันตัวเอง! ไม่แน่การเข้าสู่ระบบของคุณหมดเวลา. โปรดไปที่หน้าเข้าสู่ระบบและลองใหม่อีกครั้ง</text>
		<text name="veryStrong">แข็งแรงมาก</text>
		<text name="veryWeak">อ่อนแอมาก</text>
		<text name="Warning">คำเตือน</text>
		<text name="weak">อ่อนแอ</text>
		<text name="WebAero.Authorization.Roles.Role">บทบาท</text>
		<text name="WebAero.MultiTenancy.Tenant">ผู้เช่า</text>
		<text name="WebSiteLogs">บันทึกเว็บไซต์</text>
		<text name="WebSiteLogsHeaderInfo">คุณสามารถดูบันทึกล่าสุดในหน้านี้หรือดาวน์โหลดบันทึกทั้งหมดในไฟล์ซิปเดียว</text>
		<text name="Weekly">ประจำสัปดาห์</text>
		<text name="WidgetGeneralStats">สถิติทั่วไป</text>
		<text name="XCanNotBeNullOrEmpty">{0} ไม่สามารถเป็นค่าว่างหรือว่างเปล่า</text>
		<text name="XCountPermissionFiltered">{0}สิทธิ์ที่ถูกกรอง</text>
		<text name="Xms">{0} ms</text>
		<text name="Yellow">สีเหลือง</text>
		<text name="Yes">ใช่</text>
		<text name="YesDelete">ใช่ลบ!</text>
		<text name="Yesterday">เมื่อวานนี้</text>
		<text name="You">คุณ</text>
		<text name="YouAlreadySentAFriendshipRequestToThisUser">คุณได้เพิ่มผู้ใช้นี้แล้ว</text>
		<text name="YouAreAlreadyLoggedInWithUser">คุณเข้าสู่ระบบกับผู้ใช้แล้ว</text>
		<text name="YouAreNotAuthorizedToPerformThisOperation">คุณไม่ได้รับอนุญาตให้ทําการดําเนินการนี้</text>
		<text name="YouAreNotLinkedToAnyAccount">คุณไม่ได้เชื่อมโยงกับบัญชีใดๆ</text>
		<text name="YouCanBackToYourAccount">คุณสามารถกลับไปยังบัญชีของคุณที่นี่</text>
		<text name="YouCanManageUsersOrganizationUnitsFromOrganizationUnitsPage">คุณสามารถจัดการหน่วยงานของผู้ใช้จากหน้าหน่วยงาน</text>
		<text name="YouCannotBeFriendWithYourself">คุณไม่สามารถเป็นเพื่อนกับตัวเองได้</text>
		<text name="YouCanNotDeleteOwnAccount">คุณไม่สามารถลบบัญชีผู้ใช้ของตัวเอง!</text>
		<text name="YouCannotLinkToSameAccount">คุณไม่สามารถเชื่อมโยงไปยังบัญชีเดียวกัน!</text>
		<text name="YouCannotRemoveUserRolePermissionsFromAdminRole">คุณไม่สามารถลบผู้ใช้/บทบาทสิทธิ์การแก้ไขจากบทบาทผู้ดูแลระบบ</text>
		<text name="YouCannotRemoveUserRolePermissionsFromAdminUser">คุณไม่สามารถลบผู้ใช้ / บทบาทสิทธิ์ในการแก้ไขจากผู้ใช้แอดมิน</text>
		<text name="Your email address">ที่อยู่อีเมลของคุณ</text>
		<text name="Your phone number">หมายเลขโทรศัพท์ของคุณ</text>
		<text name="Your postal address">ที่อยู่ทางไปรษณีย์ของคุณ</text>
		<text name="Your user identifier">ตัวระบุผู้ใช้ของคุณ</text>
		<text name="YourAccountIsWaitingToBeActivatedByAdmin">บัญชีของคุณกําลังรอการเปิดใช้งานโดยผู้ดูแลระบบ</text>
		<text name="YourEmailIsConfirmedMessage">ยืนยันที่อยู่อีเมลของคุณเรียบร้อยแล้ว</text>
		<text name="YourPasswordHasChangedSuccessfully">รหัสผ่านของคุณมีการเปลี่ยนแปลงเรียบร้อยแล้ว</text>
		<text name="YourSessionIsAboutToExpire">เซสชันของคุณกําลังจะหมดอายุ</text>
		<text name="YourSessionIsLocked">เซสชันของคุณถูกล็อก</text>
	</texts>
</localizationDictionary>
