<?xml version="1.0" encoding="utf-8" ?>
<localizationDictionary culture="zh-Hans">
  <texts>
    <text name="HomePage">主页</text>
    <text name="AboutUs">关于我们</text>
    <text name="Administration">管理</text>
    <text name="Roles">角色</text>
    <text name="Users">用户</text>
    <text name="InvalidFormMessage">部分输入信息不符合要求，请检查并改正.</text>
    <text name="InvalidUserNameOrPassword">用户名或密码无效</text>
    <text name="ThereIsNoTenantDefinedWithName{0}">租户 {0}不存在</text>
    <text name="TenantIsNotActive">租户 {0} 未激活.</text>
    <text name="UserIsNotActiveAndCanNotLogin">用户 {0} 未激活，不能登录.</text>
    <text name="PleaseEnterLoginInformation">请输入登录信息</text>
    <text name="TenancyName">租户名称</text>
    <text name="UserNameOrEmail">用户名或邮箱地址</text>
    <text name="Password">密码</text>
    <text name="RememberMe">记住我</text>
    <text name="LogIn">登录</text>
    <text name="ForgotPassword">不记得密码了?</text>
    <text name="DontYouHaveAnAccount">还不是系统用户?</text>
    <text name="CreateAnAccount">注册</text>
    <text name="Pages">页面</text>
    <text name="RoleName">角色名称</text>
    <text name="EditRole">修改角色</text>
    <text name="CreateNewRole">添加角色</text>
    <text name="RoleProperties">角色属性</text>
    <text name="Permissions">权限</text>
    <text name="Save">保存</text>
    <text name="Cancel">取消</text>
    <text name="RolesHeaderInfo">使用角色进行权限分组.</text>
    <text name="Static">系统</text>
    <text name="Actions">操作</text>
    <text name="Delete">删除</text>
    <text name="SavedSuccessfully">保存成功.</text>
    <text name="AreYouSure">您确定吗?</text>
    <text name="YesDelete">是, 执行删除!</text>
    <text name="DeletingUser">删除用户</text>
    <text name="UsersHeaderInfo">管理用户及权限.</text>
    <text name="CreateNewUser">添加用户</text>
    <text name="UserName">用户名</text>
    <text name="Name">名字</text>
    <text name="Surname">姓氏</text>
    <text name="EmailAddress">邮箱地址</text>
    <text name="LastLoginTime">上次登录时间</text>
    <text name="EditUser">修改用户</text>
    <text name="UserInformations">用户信息</text>
    <text name="PasswordRepeat">密码 (核对)</text>
    <text name="SuccessfullyDeleted">删除成功.</text>
    <text name="RoleDeleteWarningMessage">角色 {0} 将被删除，拥有此角色的用户将取消此角色.</text>
    <text name="UserDeleteWarningMessage">用户 {0} 将被删除.</text>
    <text name="Active">激活</text>
    <text name="EmailConfirm">邮箱地址验认</text>
    <text name="Yes">是</text>
    <text name="No">否</text>
    <text name="MySettings">我</text>
    <text name="Logout">注销</text>
    <text name="Reset">重置</text>
    <text name="ResetPermissionsTooltip">重置用户权限后，用户仅拥有所属角色包含的权限，为用户直接指定的权限将取消.</text>
    <text name="ResetSuccessfully">重置成功</text>
    <text name="Tenants">租户</text>
    <text name="TenantsHeaderInfo">管理租户.</text>
    <text name="CreateNewTenant">添加租户</text>
    <text name="TenancyCodeName">租户编码</text>
    <text name="TenantName">租户名称</text>
    <text name="TenantDeleteWarningMessage">租户 {0} 将被删除.</text>
    <text name="AdminEmailAddress">管理员邮箱</text>
    <text name="AdminPassword">管理员密码</text>
    <text name="AdminPasswordRepeat">管理员密码(核对)</text>
    <text name="EditTenant">修改租户</text>
    <text name="ChangingPermissions">更改权限</text>
    <text name="EditingUser">修改用户</text>
    <text name="CreatingNewUser">添加用户</text>
    <text name="Edit">修改</text>
    <text name="EditingTenant">修改租户</text>
    <text name="CreatingNewTenant">添加租户</text>
    <text name="DeletingTenant">删除租户</text>
    <text name="EditingRole">修改角色</text>
    <text name="CreatingNewRole">添加角色</text>
    <text name="DeletingRole">删除角色</text>
    <text name="CreationTime">创建时间</text>
    <text name="SearchWithThreeDot">搜索...</text>
    <text name="ResetSpecialPermissions">重置直接指定权限</text>
    <text name="SavingWithThreeDot">保存中...</text>
    <text name="Settings">设置</text>
    <text name="SaveAll">保存全部</text>
    <text name="SettingsHeaderInfo">显示和修改程序设置.</text>
    <text name="EmailSmtp">邮箱 (SMTP)</text>
    <text name="DefaultFromAddress">默认发送邮箱地址</text>
    <text name="DefaultFromDisplayName">默认发送人名字</text>
    <text name="SmtpHost">SMTP服务器</text>
    <text name="SmtpPort">SMTP端口</text>
    <text name="UseDefaultCredentials">默认身份验证</text>
    <text name="DomainName">域名</text>
    <text name="UseSsl">使用SSL</text>
    <text name="ThisWebSiteRootAddress">网站http根路径</text>
    <text name="ThisWebSiteRootAddress_Hint">示例： http://mydomain.com/ ，用于外部链接本系统，如密码重置链接</text>
    <text name="General">基本信息</text>
    <text name="SendPasswordResetLink_Information">系统在几十秒内向您发送一封密码重置邮件，如果在3分钟内还没收到这封邮件，请重试.</text>
    <text name="Send">发送</text>
    <text name="PasswordReset">重置密码</text>
    <text name="InvalidUserNameOrEmailAddress">用户名或Email地址无效</text>
    <text name="PasswordResetEmail_Subject">重置密码</text>
    <text name="PasswordResetEmail_Title">重置密码.</text>
    <text name="PasswordResetEmail_SubTitle">进行密码重置.</text>
    <text name="PasswordResetEmail_ClickTheLinkBelowToResetYourPassword">请点击以下链接重置密码:</text>
    <text name="EmailActivation_Subject">激活您的用户账号</text>
    <text name="EmailActivation_Title">欢迎使用系统.</text>
    <text name="EmailActivation_SubTitle">系统发送此邮件验证您的邮箱地址,并激活您的用户账号.</text>
    <text name="EmailActivation_ClickTheLinkBelowToVerifyYourEmail">请点击以下链接确认您的邮箱地址,并激活您的用户账号:</text>
    <text name="InvalidEmailAddress">邮箱地址无效</text>
    <text name="InvalidPasswordResetCode">密码重置已失效</text>
    <text name="InvalidPasswordResetCode_Detail">请您务必通过点击邮件中的重置链接进入本页面.如果已经这样做了,还存在问题,请重试一遍密码重置操作!</text>
    <text name="PleaseEnterYourNewPassword">请输入新密码.</text>
    <text name="UserEmailIsNotConfirmedAndCanNotLogin">您的邮箱未通过验证.请检查您的邮箱地址是否正确,查收邮件并点击邮件内容中的验证链接进行验证和激活.如果没有收到邮件,请点击[邮箱验证],系统会重新发送一封邮件.</text>
    <text name="LoginFailed">登录失败!</text>
    <text name="InvalidEmailConfirmationCode">邮箱验证已失效</text>
    <text name="InvalidEmailConfirmationCode_Detail">请您务必通过点击邮件中的重置链接进入本页面.如果已经这样做了,还存在问题,请重试一遍邮箱验证操作!</text>
    <text name="YourEmailIsConfirmedMessage">您的邮箱已通过验证.</text>
    <text name="ShouldChangePasswordOnNextLogin">下次登录需要修改密码.</text>
    <text name="SetRandomPassword">使用随机密码.</text>
    <text name="EmailActivation">发送激活邮件</text>
    <text name="SendEmailActivationLink_Information">系统在几十秒内向您发送一封邮件,用于激活您的用户账号，请接收并点击邮件内容中的激活链接。如果在2分钟内还没收到这封邮件，请重试.</text>
    <text name="SendActivationEmail">发送激活邮件.</text>
    <text name="ChangePassword">修改密码</text>
    <text name="CurrentPassword">当前密码</text>
    <text name="NewPassword">新密码</text>
    <text name="NewPasswordRepeat">新密码 (核对)</text>
    <text name="YourPasswordHasChangedSuccessfully">密码修改成功.</text>
    <text name="SelfUserRegistrationIsDisabledMessage">您不能注册!</text>
    <text name="SelfUserRegistrationIsDisabledMessage_Detail">注册功能被禁用，请联系您的系统管理员为您建立用户账号.</text>
    <text name="SuccessfullyRegistered">注册成功</text>
    <text name="ConfirmationMailSentPleaseClickLinkInTheEmail">已往您的{0}邮箱发送了一封邮件，请点击邮件中的链接，验证您的邮箱地址.</text>
    <text name="YourAccountIsWaitingToBeActivatedByAdmin">您的用户账号尚未激活，待系统管理员激活后方能登录使用系统.</text>
    <text name="NameSurname">姓名</text>
    <text name="UserManagement">用户管理</text>
    <text name="AllowUsersToRegisterThemselves">允许用户注册.</text>
    <text name="AllowUsersToRegisterThemselves_Hint">如果此项被禁用，只能由管理员通过用户管理页面添加用户.</text>
    <text name="NewRegisteredUsersIsActiveByDefault">注册用户默认激活.</text>
    <text name="NewRegisteredUsersIsActiveByDefault_Hint">如果此项被禁用，新用户需要通过邮件激活后才能登录.</text>
    <text name="Default">默认</text>
    <text name="DefaultRole_Description">新用户将默认拥有此角色.</text>
    <text name="StaticRole_Tooltip">不能删除系统角色.</text>
    <text name="EmailConfirmationRequiredForLogin">必须验证邮箱地址后才能登录.</text>
    <text name="{0}UserCannotBeDeleted">{不能删除0}用户.</text>
    <text name="TenantNameCanNotBeEmpty">租户名不能为空</text>
    <text name="ExcelOperations">Excel操作</text>
    <text name="ImportFromExcel">从Excel导入</text>
    <text name="ExportToExcel">导出到Excel</text>
    <text name="ImportToExcelSampleFileDownloadInfo">{0} 以下载Excel导入样本.</text>
    <text name="ImportUsersProcessStart">用户导入过程已开始.</text>
    <text name="ImportUsersUploadFailed">用户导入过程失败.</text>
    <text name="AllUsersSuccessfullyImportedFromExcel">用户导入过程已成功完成. 已导入文件中的所有用户.</text>
    <text name="ClickToSeeInvalidUsers">用户导入过程已成功完成. 文件含有无效数据. 点击查看无效的用户导入.</text>
    <text name="FileCantBeConvertedToUserList">用户导入过程失败. 文件无效.</text>
    <text name="InvalidUserImports">无效的用户导入</text>
    <text name="{0}IsInvalid">"{0}" 无效</text>
    <text name="Exception">异常</text>
    <text name="ChangeProfilePicture">修改头像</text>
    <text name="TenantName_Regex_Description">租户名称必须由2个以上字母、数字、-、_组成,以字母开头</text>
    <text name="ProfilePicture_Change_Info">只能选择{0}mb内的JPG/JPEG/PNG图片.</text>
    <text name="ProfilePicture_Change_Error">头像修改错误.</text>
    <text name="ProfilePicture_Warn_SizeLimit">只能选择{0}mb内的JPG/JPEG图片，请重新选择头像文件.</text>
    <text name="ProfilePicture_Warn_FileType">只能选择1mb内的JPG/JPEG图片，请重新选择头像文件.</text>
    <text name="Dashboard">工作台</text>
    <text name="DashboardHeaderInfo">分析与报告</text>
    <text name="GoToApplication">登录系统</text>
    <text name="TenantInformations">租户信息</text>
    <text name="PersonalInformations">个人信息</text>
    <text name="AccountSettings">账号设置</text>
    <text name="Captha_Hint">请证明您不是机器人:</text>
    <text name="Back">返回</text>
    <text name="Submit">提交</text>
    <text name="SignUp">登录</text>
    <text name="CaptchaCanNotBeEmpty">您必须证明自己不是机器人.</text>
    <text name="IncorrectCaptchaAnswer">无法确定您不是机器人.</text>
    <text name="FormIsNotValidMessage">部分输入信息不符合要求，请检查并改正..</text>
    <text name="CanNotChangeAdminUserName">管理用户，不能修改用户名.</text>
    <text name="Error">错误!</text>
    <text name="OopsYouAreLost">噢! 失踪了.</text>
    <text name="WeCanNotFindThePage">我们无法提供您想要访问的页面.</text>
    <text name="DashboardDemo_Note_Title">欢迎使用ASP.NET Zero启动项目!</text>
    <text name="DashboardDemo_Note_Info">
      在这个演示系统，您可以使用左边的菜单功能，测试和了解以下模块的全部功能：用户管理、角色管理、系统设置。
      主面板(Dashboard)页面只是用于演示目的，文本和数据没有什么含义(所有数据都是硬编码在浏览器客户端程序；
      其中的MEMBER ACTIVITY图表，向服务器端请求简单随机数据用于展示，当您点击刷新按钮时，可以看到变化。)
    </text>
    <text name="WelcomePage_Title">欢迎!</text>
    <text name="WelcomePage_Info">欢迎使用本应用，您可以从左边的菜单启动要使用的功能。如果您没有看到任何菜单，可能是因为您没有获得任何一项授权，您可以联系您的系统管理员获得授权. </text>
    <text name="RequestedFileDoesNotExists">请求的文件不存在!</text>
    <text name="MailSent">邮件已发送</text>
    <text name="PasswordResetMailSentMessage">已向您的邮箱发送了一封密码重置邮件，请查收.</text>
    <text name="UseCaptchaOnRegistration">用户注册时使用图片验证码(captcha).</text>
    <text name="FormBasedRegistration">基于表单身份验证</text>
    <text name="LdapSettings">LDAP设置</text>
    <text name="EnableLdapAuthentication">启用轻量目录访问协议(LDAP)认证.</text>
    <text name="OtherSettings">其它设置</text>
    <text name="AuditLogs">审计日志</text>
    <text name="Success">成功</text>
    <text name="Time">时间</text>
    <text name="Service">服务</text>
    <text name="Action">操作</text>
    <text name="Duration">持续时间</text>
    <text name="IpAddress">IP地址</text>
    <text name="Client">客户端</text>
    <text name="Browser">浏览器</text>
    <text name="Xms">{0} ms</text>
    <text name="Close">关闭</text>
    <text name="Refresh">刷新</text>
    <text name="ErrorState">错误状态</text>
    <text name="All">全部</text>
    <text name="HasError">出现错误</text>
    <text name="ShowAdvancedFilters">显示高级过滤</text>
    <text name="HideAdvancedFilters">隐藏高级过滤</text>
    <text name="AuditLogDetail">审计日志详情</text>
    <text name="Parameters">参数</text>
    <text name="DateRange">日期范围</text>
    <text name="ActionInformations">操作信息</text>
    <text name="Today">今天</text>
    <text name="Yesterday">昨天</text>
    <text name="Last7Days">最近7天</text>
    <text name="Last30Days">最近30天</text>
    <text name="ThisMonth">这个月</text>
    <text name="LastMonth">上个月</text>
    <text name="TenantSelection">选择租户</text>
    <text name="TenantSelection_Detail">请选择一个租户</text>
    <text name="LoginWith">登录</text>
    <text name="PasswordChangeDontRememberMessage">忘记密码？ {0}.</text>
    <text name="ClickHere">点击这里</text>
    <text name="Apply">应用</text>
    <text name="CustomRange">自定义范围</text>
    <text name="DashboardNoteForMpaVersion">
      <![CDATA[
      查看本示例:基于<strong>多页面应用</strong>版本，基于ASP.NET MVC和<strong>jQuery</strong>.
      ]]>
    </text>
    <text name="DashboardNoteForSpaVersion">
      <![CDATA[
      查看本示例:基于<strong>单页面应用</strong>版本，基于ASP.NET MVC和<strong>AngularJs</strong>.
      ]]>
    </text>
    <text name="SeeDemo">查看示例</text>
    <text name="Edition">版本</text>
    <text name="Editions">版本列表</text>
    <text name="EditionsHeaderInfo">管理当前应用的版本和特性参数</text>
    <text name="CreateNewEdition">创建新的版本</text>
    <text name="EditEdition">编辑版本</text>
    <text name="EditionProperties">版本属性列表</text>
    <text name="EditionName">版本名称</text>
    <text name="Features">特性参数列表</text>
    <text name="EditionDeleteWarningMessage">您确定要删除版本{0}吗？</text>
    <text name="CreatingNewEdition">创建一个新的版本</text>
    <text name="EditingEdition">正在编辑版本</text>
    <text name="DeletingEdition">正在删除版本</text>
    <text name="ChangingFeatures">正在修改特性参数</text>
    <text name="ResetSpecialFeatures">重置特殊的特性参数</text>
    <text name="ResetFeaturesTooltip">重置租户指定的特性参数设置并且保存.当前租户只会拥有已注册版本的特性参数.</text>
    <text name="NotAssigned">没有分配</text>
    <text name="InvalidFeaturesWarning">一个或者多个特性参数值无效</text>
    <text name="Languages">语言列表</text>
    <text name="LanguagesHeaderInfo">管理语言包的文本头信息</text>
    <text name="CreateNewLanguage">创建新的语言</text>
    <text name="Code">代码</text>
    <text name="CreatingNewLanguage">正在创建新的语言</text>
    <text name="EditingLanguage">正在编辑语言</text>
    <text name="DeletingLanguages">正在删除语言</text>
    <text name="ChangingTexts">正在修改文本信息</text>
    <text name="SuccessfullySaved">保存成功.</text>
    <text name="Language">语言</text>
    <text name="Flag">标记</text>
    <text name="SetAsDefaultLanguage">设置当前语言为默认语言</text>
    <text name="EditLanguage">编辑语言</text>
    <text name="ChangeTexts">改变文本信息</text>
    <text name="TargetValue">目标值</text>
    <text name="BaseValue">默认值</text>
    <text name="Key">键值</text>
    <text name="SaveAndClose">保存 &amp; 关闭</text>
    <text name="SaveAndNext">保存 &amp; 文本</text>
    <text name="EditText">编辑文本</text>
    <text name="LanguageTexts">语言的文本信息</text>
    <text name="LanguageTextsHeaderInfo">编辑语言的文本头信息.</text>
    <text name="EmptyOnes">空值</text>
    <text name="Source">选择源</text>
    <text name="BaseLanguage">默认语言</text>
    <text name="TargetLanguage">目标语言</text>
    <text name="Previous">向前</text>
    <text name="LanguageDeleteWarningMessage">确定要删除当前语言包吗 {0}?</text>
    <text name="CanNotEditOrDeleteDefaultLanguages">不能删除默认语言.只能删除或者修改自己增加的语言. 但可以改变所有语言的文本信息.</text>
    <text name="LookingForMpaVersion">查找多页面应用版本号</text>
    <text name="LookingForSpaVersion">查找单页面应用版本号</text>
    <text name="ThisLanguageAlreadyExists">这种语言已经存在!</text>
    <text name="OrganizationUnits">组织机构</text>
    <text name="OrganizationUnitsHeaderInfo">使用组织机构来组织用户和实体</text>
    <text name="OrganizationTree">组织结构树</text>
    <text name="Members">组织成员</text>
    <text name="SelectAnOrganizationUnitToSeeMembers">选择一个组织机构以查看成员.</text>
    <text name="SelectAnOrganizationUnitToSeeRoles">选择一个组织机构以查看角色.</text>
    <text name="OrganizationUnitDeleteWarningMessage">您确定删除组织机构 {0}?</text>
    <text name="AddSubUnit">添加子组织</text>
    <text name="AddMember">添加成员</text>
    <text name="AddRole">添加角色</text>
    <text name="SelectRoles">选择角色</text>
    <text name="SelectARole">选择一个角色</text>
    <text name="SuccessfullyAdded">添加成功</text>
    <text name="RemoveUserFromOuWarningMessage">您确定要从组织机构 {1} 中删除成员 {0} ?</text>
    <text name="RemoveRoleFromOuWarningMessage">您确定要从组织机构 {1} 中删除角色 {0} ?</text>
    <text name="SuccessfullyRemoved">删除成功</text>
    <text name="SelectAnItem">选择一个项目</text>
    <text name="NewOrganizationUnit">新建组织机构</text>
    <text name="SelectAUser">选择一个用户</text>
    <text name="Select">选择</text>
    <text name="UserIsAlreadyInTheOrganizationUnit">这个用户已经在组织机构中!</text>
    <text name="RoleIsInheritedFromOrganizationUnit">该角色继承自用户所属的组织机构</text>
    <text name="AddRootUnit">添加根组织</text>
    <text name="AddUser">添加用户</text>
    <text name="NoOrganizationUnitDefinedYet">没有定义组织机构.</text>
    <text name="OrganizationUnitMoveConfirmMessage">请确认移动 {0} 到 {1}.</text>
    <text name="Root">根</text>
    <text name="SuccessfullyMoved">移动成功</text>
    <text name="AddedTime">添加时间</text>
    <text name="ManagingMembers">管理成员</text>
    <text name="ManagingOrganizationTree">管理组织机构树</text>
    <text name="LoginForUsers">用户登录</text>
    <text name="LoginAsThisUser">使用这个用户登录</text>
    <text name="BackToMyAccount">返回我的账户</text>
    <text name="LoginForTenants">租户登录</text>
    <text name="LoginAsThisTenant">使用这个租户登录</text>
    <text name="AuditLogImpersonatedOperationInfo">注意:此操作是由另一个用户代表该用户.</text>
    <text name="CustomData">自定义数据</text>
    <text name="None">没有</text>
    <text name="YouCanBackToYourAccount">点击此返回我的账户.</text>
    <text name="CascadeImpersonationErrorMessage">不能多次模拟登录,这已经是模拟登录!</text>
    <text name="FromTenantToHostImpersonationErrorMessage">不能从租户中模拟本地用户!</text>
    <text name="DifferentTenantImpersonationErrorMessage">不能模拟不同租户的用户!</text>
    <text name="ImpersonationTokenErrorMessage">模拟认证无效或过期</text>
    <text name="NotImpersonatedLoginErrorMessage">这不是模拟登录!</text>
    <text name="YouCannotLinkToSameAccount">您不能链接到相同的帐户!</text>
    <text name="ChangePasswordBeforeLinkToAnAccount">您必须改变这个帐户的密码!</text>
    <text name="LinkedAccounts">关联账户</text>
    <text name="ManageLinkedAccounts">账户管理</text>
    <text name="LinkNewAccount">创建关联账户</text>
    <text name="SuccessfullyUnlinked">关联成功</text>
    <text name="LinkedUserDeleteWarningMessage">用户的关联 {0} 将被删除。</text>
    <text name="SwitchToLinkedAccountTokenErrorMessage">模拟令牌无效或过期!</text>
    <text name="WelcomeToTheApplicationNotificationMessage">欢迎来到我们的应用 !通知系统是用来告诉您事件。您可以选择您想要哪种类型的通知收到通知设置。</text>
    <text name="NewUserRegisteredNotificationDefinition">新用户注册。</text>
    <text name="NewUserRegisteredNotificationMessage">新用户注册成功。用户名:{userName},邮件地址:{emailAddress}。</text>
    <text name="SeeAllNotifications">看到所有的通知</text>
    <text name="SetAsRead">设置为已读</text>
    <text name="SetAllAsRead">设置所有为已读</text>
    <text name="NotificationSettings">通知设置</text>
    <text name="ReceiveNotifications">接收通知</text>
    <text name="ReceiveNotifications_Definition">这个选项可以用来完全启用/禁用接收通知。</text>
    <text name="NotificationTypes">通知类型</text>
    <text name="ReceiveNotifications_DisableInfo">您完全禁用接收通知,您可以启用它并选择您想收到通知类型。</text>
    <text name="Notifications">通知</text>
    <text name="ThereAreNoNotifications">没有通知。</text>
    <text name="Unread">未读的</text>
    <text name="YouCanNotDeleteOwnAccount">您不能删除自己的用户帐户!</text>
    <text name="On">启用</text>
    <text name="Off">禁用</text>
    <text name="Maintenance">维护</text>
    <text name="Caches">缓存</text>
    <text name="CacheSuccessfullyCleared">清除缓存成功。</text>
    <text name="AllCachesSuccessfullyCleared">所有缓存清除成功。</text>
    <text name="ClearAll">全部清除</text>
    <text name="Clear">清除</text>
    <text name="CachesHeaderInfo">您可以在本页中清除应用程序缓存。</text>
    <text name="TestEmailSettingsHeader">测试邮件设置</text>
    <text name="SendTestEmail">发送测试邮件</text>
    <text name="TestEmail_Subject">测试电子邮件</text>
    <text name="TestEmail_Body">这是一个测试邮件。</text>
    <text name="TestEmailSentSuccessfully">成功发送测试邮件。</text>
    <text name="WebSiteLogs">网站日志</text>
    <text name="WebSiteLogsHeaderInfo">您可以看到最新的日志，或下载所有日志的压缩文件。</text>
    <text name="DownloadAll">全部下载</text>
    <text name="TenantManagement">租户管理</text>
    <text name="AllowTenantsToRegisterThemselves">允许租户注册到系统。</text>
    <text name="AllowTenantsToRegisterThemselves_Hint">如果您禁用此，创建租户只能在租户管理页，并且需要管理员权限 </text>
    <text name="NewRegisteredTenantsIsActiveByDefault">新注册的默认租户。</text>
    <text name="NewRegisteredTenantsIsActiveByDefault_Hint">如果您禁用这个，新的租户将不启用（和不能登录），直到管理员手动激活帐户。</text>
    <text name="TenantSignUp">注册租户</text>
    <text name="NewTenantRegisteredNotificationDefinition">申请注册的一个新租户。</text>
    <text name="NewTenantRegisteredNotificationMessage">申请注册的新租户。租户的名称: {tenancyName}.</text>
    <text name="LoginAttempts">登录记录</text>
    <text name="Failed">失败</text>
    <text name="NewTenant">新租户</text>
    <text name="ResizedProfilePicture_Warn_SizeLimit">，图片大小不能超过{0}KB。请调整图片大小后再试一次。</text>
    <text name="RegisterFormUserNameInvalidMessage">请不要使用包含用户名的电子邮件地址。</text>
    <text name="UseHostDatabase">使用Host数据库</text>
    <text name="DatabaseConnectionString">数据库连接字符串</text>
    <text name="TenantDatabaseConnectionStringChangeWarningMessage">通知：在更改租户的数据库连接字符串之前，应将租户数据库移到新的位置。更改连接字符串并不会移动数据库。</text>
    <text name="Timezone">时区</text>
    <text name="HasOwnDatabase">使用自己的数据库</text>
    <text name="TimeZoneSettingChangedRefreshPageNotification">时区设置改变。单击“确定”按钮刷新页面，并使更改生效。</text>
    <text name="Ok">Ok</text>
    <text name="Permission">权限</text>
    <text name="Role">角色</text>
    <text name="Security">安全</text>
    <text name="PasswordComplexity">密码复杂性</text>
    <text name="UseDefaultSettings">使用默认设置</text>
    <text name="PasswordComplexityNotSatisfied">过于简单的密码。</text>
    <text name="PasswordComplexity_MinLength_Hint">密码必须包含 {0} 个字符</text>
    <text name="PasswordComplexity_MaxLength_Hint">密码不能大于 {0} 个字符</text>
    <text name="PasswordComplexity_UseNumbers_Hint">密码必须包含数字</text>
    <text name="PasswordComplexity_UseUpperCaseLetters_Hint">密码必须包含一个大写字母</text>
    <text name="PasswordComplexity_UseLowerCaseLetters_Hint">密码必须包含一个小写字母</text>
    <text name="PasswordComplexity_UsePunctuations_Hint">密码必须包含一个特殊字符</text>
    <text name="YouAlreadySentAFriendshipRequestToThisUser">您已经添加了这个用户。</text>
    <text name="YouCannotBeFriendWithYourself">您不能邀请自己做朋友</text>
    <text name="NewChatMessageEmail_Title">消息详情</text>
    <text name="NewChatMessageEmail_SubTitle"></text>
    <text name="NewChatMessageEmail_Subject">您有一个新的消息</text>
    <text name="Sender">发送人</text>
    <text name="Message">消息</text>
    <text name="UserBlocked">用户锁定成功。</text>
    <text name="UserUnblocked">用户解锁成功。</text>
    <text name="BlockUser">锁定用户</text>
    <text name="UnblockUser">解锁用户</text>
    <text name="FriendshipRequestAccepted">对方已成为您的朋友</text>
    <text name="UserSendYouAFriendshipRequest">{0} 想添加您为朋友。</text>
    <text name="Friends">朋友</text>
    <text name="Others">其他</text>
    <text name="BlockedUsers">锁定的用户</text>
    <text name="YouDontHaveAnyFriend">您没有任何朋友。请填写一个用户名到上面的输入框，然后单击“添加朋友”按钮。</text>
    <text name="YouDontHaveAnyBlockedFriend">您没有任何被锁定的用户。如果想锁定一个朋友，请从下拉框中选择一个朋友。</text>
    <text name="ChatUserSearch_Hint">
      <![CDATA[
      填写租户用户的唯一用户名， <br>
      其它租户的用户为 <strong>[租户名称]\[用户名称]</strong><br><br>
      例如: <br>
      .\admin -> 宿主管理员 <br>
      Test\admin -> Test租户的管理员 <br>
      admin -> 您的租户管理员
      ]]>
    </text>
    <text name="AddFriend">添加朋友</text>
    <text name="TypeAMessageHere">请在这里输入消息...</text>
    <text name="Chat">聊天</text>
    <text name="ChatFeature">聊天</text>
    <text name="ChatFeatureIsNotEnabledForSender">您没有启用聊天功能。</text>
    <text name="ChatFeatureIsNotEnabledForReceiver">租户没有启用聊天功能。</text>
    <text name="UserIsBlocked">用户已锁定。</text>
    <text name="ChatIsNotConnectedWarning">聊天还没有链接。</text>
    <text name="Demo_SampleChatMessage">您好，这是一个测试消息。请在不同的浏览器中登录和退出来测试聊天功能。</text>
    <text name="TenantToTenantChatFeatureIsNotEnabledForSender">您没有启用与其他租户聊天的功能。</text>
    <text name="TenantToTenantChatFeatureIsNotEnabledForReceiver">当前租户没有启用与其他租户聊天功能。</text>
    <text name="TenantToHostChatFeatureIsNotEnabledForSender">您没有启用与宿主聊天的功能。</text>
    <text name="TenantToHostChatFeatureIsNotEnabledForReceiver">当前租户没有启用与宿主聊天功能。</text>
    <text name="TenantToTenantChatFeature">与其他租户聊天</text>
    <text name="TenantToHostChatFeature">与宿主聊天</text>
    <text name="FilterByPermission">按权限搜索</text>
    <text name="FilterByRole">按角色搜索</text>
    <text name="FilterOrAddUser">搜索/添加 用户</text>
    <text name="HangfireDashboard">Hangfire 仪表盘</text>
    <text name="TargetUserNotFoundProbablyDeleted">找不到目标用户。他可能已被删除。</text>
    <text name="UserLockedOutMessage">用户帐户已被锁定。请稍后再试。</text>
    <text name="SendSecurityCode">发送安全代码。</text>
    <text name="SendSecurityCode_Information">您必须通过验证才能登录。请选择一个验证类型。根据选定的验证类型发送代码。</text>
    <text name="SendSecurityCodeErrorMessage">无法发送安全代码！</text>
    <text name="VerifySecurityCodeNotLoggedInErrorMessage">您应该在登录后再验证！可能您的登录已超时。请转到登录页，然后重新尝试。</text>
    <text name="VerificationCode">验证码</text>
    <text name="VerifySecurityCode">安全代码</text>
    <text name="VerifySecurityCode_Information">请输入发送给您的验证码。</text>
    <text name="RememberThisBrowser">记住这个浏览器</text>
    <text name="InvalidSecurityCode">无效的安全代码！</text>
    <text name="PhoneNumber">电话号码</text>
    <text name="Unlock">解锁</text>
    <text name="UnlockedTheUser">解锁用户 {0}</text>
    <text name="UserLockOut">用户锁定</text>
    <text name="EnableUserAccountLockingOnFailedLoginAttempts">登录失败后启用用户的帐户锁定</text>
    <text name="MaxFailedAccessAttemptsBeforeLockout">在锁定帐户之前的累计登录失败的最大数量</text>
    <text name="DefaultAccountLockoutDurationAsSeconds">帐户锁定持续时间（秒）</text>
    <text name="TwoFactorLogin">两步认证登录</text>
    <text name="EnableTwoFactorLogin">启用两步认证登录</text>
    <text name="IsEmailVerificationEnabled">启用电子邮件验证。</text>
    <text name="IsSmsVerificationEnabled">启用短信验证。</text>
    <text name="AllowToRememberBrowserForTwoFactorLogin">允许记住浏览器。如果您允许，用户可以选择记住浏览器，以跳过在同一个浏览器中的再次两步认证登录。</text>
    <text name="CurrentTenant">当前租户</text>
    <text name="NotSelected">未选择</text>
    <text name="Change">修改</text>
    <text name="ChangeTenant">修改租户</text>
    <text name="UnknownTenantId{0}">未知租户ID：{0}</text>
    <text name="TenantIdIsNotActive{0}">未激活的租户ID：{0}</text>
    <text name="TimeoutPleaseTryAgain">操作超时！请再试一次。</text>
    <text name="RemainingTime">生育时间</text>
    <text name="SecondShort{0}">{0} 秒</text>
    <text name="ResetCode">重置代码</text>
    <text name="IsTwoFactorEnabled">是否启用双因素身份验证？</text>
    <text name="IsLockoutEnabled">是否启用锁定？</text>
    <text name="IsLockoutEnabled_Hint">在一定数量的失败登录尝试后，用户将被锁定一段时间。</text>
    <text name="TenantRegistrationLoginInfo">单击此处登录</text>
    <text name="CouldNotValidateExternalUser">无法验证外部用户登录</text>
    <text name="LeaveEmptyToSwitchToHost">想要切换到宿主请留空</text>
    <text name="PleaseWaitToConfirmYourEmailMessage">正在确认您的电子邮件地址，请稍后...</text>
    <text name="ChatIsConnecting">正在连接聊天...</text>
    <text name="Note_RefreshPageForPermissionChanges">如果您正在更改自己的权限，则可能需要刷新页面（F5），以在您所做的权限更改生效！</text>
    <text name="ApplicationLogo">应用程序Logo</text>
    <text name="CustomCSS">自定义CSS</text>
    <text name="Upload">上传</text>
    <text name="Download">下载</text>
    <text name="UploadLogo_Info">选择一张像素为139x35且不超过30KB的JPG/JPEG/PNG/GIF的图片文件。</text>
    <text name="UploadCSS_Info">选择一个不超过1MB的.css样式表文件。</text>
    <text name="Browse">浏览</text>
    <text name="Appearance">外观</text>
    <text name="ClearedSuccessfully">已成功清除</text>
    <text name="File_Empty_Error">请选择一个文件！</text>
    <text name="File_SizeLimit_Error">文件大小超出限制！</text>
    <text name="File_Invalid_Type_Error">文件类型无效！</text>
    <text name="MaximumUserCount">最大用户数</text>
    <text name="MaximumUserCount_Description">0 = 无限制</text>
    <text name="MaximumUserCount_Error_Message">已达到允许的最大用户数！</text>
    <text name="MaximumUserCount_Error_Detail">允许此租户最多拥有{0}名用户。</text>
    <text name="UnlockedTenandAdmin">已解锁的管理员用户{0}</text>
    <text name="Email">电子邮件</text>
    <text name="EmailSecurityCodeSubject">安全代码</text>
    <text name="EmailSecurityCodeBody">您的安全代码是：{0}</text>
    <text name="Sms">短信</text>
    <text name="SmsSecurityCodeMessage">您的安全代码是：{0}</text>
    <text name="PasswordComplexity_RequireDigit_Hint">密码至少有一个数字（'0'-'9'）。</text>
    <text name="PasswordComplexity_RequireLowercase_Hint">密码至少有一个小写字母（'a'-'z'）。</text>
    <text name="PasswordComplexity_RequireNonAlphanumeric_Hint">密码至少包含一个特殊字符。</text>
    <text name="PasswordComplexity_RequireUppercase_Hint">密码至少有一个大写字母（'A'-'Z'）。</text>
    <text name="PasswordComplexity_RequiredLength_Hint">密码至少为{0}个字符。</text>
    <text name="PasswordComplexity_RequireDigit">缺少数字</text>
    <text name="PasswordComplexity_RequireLowercase">缺少小写字母</text>
    <text name="PasswordComplexity_RequireNonAlphanumeric">缺少特殊字符</text>
    <text name="PasswordComplexity_RequireUppercase">缺少大写字母</text>
    <text name="PasswordComplexity_RequiredLength">长度不足</text>
    <text name="HostDashboardHeaderInfo">一般统计和最近的活动</text>
    <text name="DashboardSampleStatistics">样例统计</text>
    <text name="DashboardSampleStatisticsHelpText">进度</text>
    <text name="NewTenants">新租户</text>
    <text name="NewSubscriptionAmount">新订阅金额</text>
    <text name="Income">收入</text>
    <text name="IncomeStatistics">收入统计</text>
    <text name="ChangeDateRange">更改日期范围</text>
    <text name="Daily">每日</text>
    <text name="Weekly">每周</text>
    <text name="Monthly">每月</text>
    <text name="DateFormatShort">yyyy-MM-dd</text>
    <text name="EditionStatistics">版本统计</text>
    <text name="SubscriptionExpiringTenants">订阅到期的租户</text>
    <text name="RemainingDay">剩余1天</text>
    <text name="SeeAllRecords">查看所有记录</text>
    <text name="RecentTenants">最近的租户</text>
    <text name="RecentTenantsHelpText">最近{0}天内注册了{1}位客户...</text>
    <text name="ExpiringTenantsHelpText">有{1}位客户将在{0}天内到期...</text>
    <text name="NoData">没有数据</text>
    <text name="SubscriptionEndDate">订阅结束日期</text>
    <text name="TenantNameOrTenancyCode">租户名称/租户代码</text>
    <text name="IncomeWithAmount">收入：{0}</text>
    <text name="Subscription">订阅</text>
    <text name="Extend">拓展</text>
    <text name="Upgrade">升级</text>
    <text name="PaymentPeriodType">付款期限类型</text>
    <text name="PaymentInfo">付款信息</text>
    <text name="MonthlyPrice">每月价格</text>
    <text name="AnnualPrice">每年价格</text>
    <text name="StartUsingFree">开始免费试用</text>
    <text name="TryIt">试试吧</text>
    <text name="Days">天</text>
    <text name="PerMonth">每月</text>
    <text name="PerYear">每年</text>
    <text name="TestCheckFeature">测试功能</text>
    <text name="TestCheckFeature2">测试功能2</text>
    <text name="Unlimited">无限</text>
    <text name="LatestPaymentAmount">最后付款金额</text>
    <text name="Payment">付款</text>
    <text name="Next">下一步</text>
    <text name="Start">开始</text>
    <text name="FreeTrial">免费试用</text>
    <text name="BuyNow">现在购买</text>
    <text name="WhatWillDoneAfterSubscriptionExpiry">订阅到期后会怎么做</text>
    <text name="DeactiveTenant">不活跃的租户</text>
    <text name="AssignToAnotherEdition">分配到另一个版本</text>
    <text name="SubscriptionPrice">订阅价格</text>
    <text name="Free">免费</text>
    <text name="Paid">付费</text>
    <text name="IsTrialActive">是否是试用</text>
    <text name="TrialDayCount">试用天数</text>
    <text name="WaitAfterSubscriptionExpireDate">订阅到期日期后协商</text>
    <text name="WaitingDayAfterExpire">到期后等待一天</text>
    <text name="DisplayOrder">显示顺序</text>
    <text name="Annual">全年</text>
    <text name="SubscriptionStartDate">订阅开始日期</text>
    <text name="Pricing">价格</text>
    <text name="ClientIsRequestingYourPermission">{0}正在请求您的权限</text>
    <text name="ApplicationAccess">应用程序访问权限</text>
    <text name="RememberMyDecision">记住我的决定</text>
    <text name="Allow">允许</text>
    <text name="DoNotAllow">不允许</text>
    <text name="Your user identifier">您的用户标识</text>
    <text name="Required">必要</text>
    <text name="User profile">用户资料</text>
    <text name="Your user profile information (first name, last name, etc.)">您的个人资料信息（姓名等）</text>
    <text name="Your email address">您的电子邮件地址</text>
    <text name="Your phone number">您的电话号码</text>
    <text name="Your postal address">您的联系地址</text>
    <text name="AllFunctionalityYouHaveInTheApplication">您在应用程序中拥有的所有功能</text>
    <text name="Default (all) API">默认（所有）API</text>
    <text name="Offline Access">离线访问</text>
    <text name="Access to your applications and resources, even when you are offline">即使您处于脱机状态，也可以访问您的应用程序和资源</text>
    <text name="Purchase">购买</text>
    <text name="Trial">试用</text>
    <text name="IsDisabled">已禁用</text>
    <text name="ChartDateFormat">%Y/%m/%d</text>
    <text name="ThereIsNoLoggedInUser">未登录的用户。</text>
    <text name="IsInTrialPeriod">是否在试用期？</text>
    <text name="FailedSubscriptionTerminations_Email_Subject">订阅终止失败</text>
    <text name="FailedSubscriptionTerminations_Email_Body">终止租户{1}的{0}订阅时失败。您可以在系统日志中找到详细的错误消息。</text>
    <text name="SubscriptionExpire_Email_Subject">您的平台订阅已过期</text>
    <text name="SubscriptionExpire_Email_Body">您的平台订阅已于{0}过期。</text>
    <text name="UnlimitedTimeSubscription">无限时间订阅</text>
    <text name="SubscriptionEndDateUtc">订阅结束日期（Utc）</text>
    <text name="ExpiringEditionMustBeAFreeEdition">到期后强制转为免费版</text>
    <text name="ThisEditionIsUsedAsAnExpiringEdition">此版本用作其他版本订阅到期后版本。如果你想让这个版本付费，你应该先从其他版本中删除它。</text>
    <text name="UpgradedTo">已升级到{0}版</text>
    <text name="ExtendedEdition">已拓展到{0}版</text>
    <text name="TrialSubscriptionNotification">您正处于{0}版试用期，{1}购买。</text>
    <text name="SubscriptionExpireNotification">您的订阅将在{0}天后到期。</text>
    <text name="TrialExpireNotification">您的试用期将在{0}天后到期。</text>
    <text name="CanNotUpgradeSubscriptionSinceTenantHasNoEditionAssigned">由于租户没有分配版本，因此无法升级订阅。</text>
    <text name="PaymentCouldNotCompleted">付款无法完成</text>
    <text name="TenantEditionIsNotAssigned">租户版本未分配</text>
    <text name="FreeEditionsCannotHaveTrialVersions">免费版本不需要试用版</text>
    <text name="Total">总计</text>
    <text name="Extend_Edition_Description">拓展至{0}版本</text>
    <text name="Upgrade_Edition_Description">升级至{0}版本</text>
    <text name="PaymentMightBeExpiredWarning">您的操作可能会超时，如果您已经付款，请与我们联系。</text>
    <text name="GoToSubscriptionManagement">现在订阅</text>
    <text name="DemoPayPalAccount">演示PayPal帐户</text>
    <text name="IsEnabled">是否已启用</text>
    <text name="IsGoogleAuthenticatorEnabled">启用Google身份验证器</text>
    <text name="GoogleAuthenticatorReferrerLink">不确定这个页面是什么意思？您可能需要检查一下</text>
    <text name="ScanQrCodeWithYourMobileApp">使用您的应用程序扫描此QR码</text>
    <text name="Profile">个人信息</text>
    <text name="Enable">启用</text>
    <text name="GoogleAuthenticatorIsNotEnabled">您的帐户未启用Google身份验证器。您必须先在您的设置中启用它。</text>
    <text name="SubscriptionExpiringSoon_Email_Subject">您的平台订阅到期通知</text>
    <text name="SubscriptionExpiringSoon_Email_Body">您的平台订阅将在{0}到期。</text>
    <text name="SubscriptionExpire_Title">平台订阅到期</text>
    <text name="SubscriptionExpire_SubTitle">此电子邮件将通知您有关订阅到期的通知</text>
    <text name="SubscriptionAssignedToAnother_Email_Body">您的平台订阅已于{1}过期。您当前的版本已分配到{0}。</text>
    <text name="FailedSubscriptionTerminations_Title">订阅终止失败</text>
    <text name="FailedSubscriptionTerminations_SubTitle">一些租户的订阅终止失败</text>
    <text name="SubscriptionExpiringSoon_Title">平台订阅到期通知</text>
    <text name="SubscriptionExpiringSoon_SubTitle">此电子邮件将通知您有关订阅到期的通知。</text>
    <text name="AdminRoleCannotRemoveFromAdminUser">管理员角色无法从管理员用户中删除</text>
    <text name="YouCannotRemoveUserRolePermissionsFromAdminRole">您无法从管理角色中删除用户/角色编辑权限</text>
    <text name="YouCannotRemoveUserRolePermissionsFromAdminUser">您无法从管理员中删除用户/角色编辑权限</text>
    <text name="Notification">通知</text>
    <text name="TotalRecordsCount">总计：{0}</text>
    <text name="SubscriptionInformation">订阅信息</text>
    <text name="PaymentHistory">付款历史</text>
    <text name="Gateway">网关</text>
    <text name="Amount">金额</text>
    <text name="Status">状态</text>
    <text name="Period">日期</text>
    <text name="DayCount">天数</text>
    <text name="LastModificationTime">最后修改时间</text>
    <text name="PaymentId">付款ID</text>
    <text name="SubscriptionPaymentGatewayType_Paypal">Paypal</text>
    <text name="SubscriptionPaymentGatewayType_Stripe">Stripe</text>
    <text name="SubscriptionPaymentStatus_Completed">已完成</text>
    <text name="SubscriptionPaymentStatus_NotPaid">Not Paid</text>
    <text name="SubscriptionPaymentStatus_Paid">Paid</text>
    <text name="SubscriptionPaymentStatus_Failed">以失败</text>
    <text name="SubscriptionPaymentStatus_Cancelled">Cancelled</text>
    <text name="PaymentPeriodType_Annual">每年</text>
    <text name="PaymentPeriodType_Monthly">每月</text>
    <text name="ProcessTime">处理时间</text>
    <text name="SmsVerificationEnabled">启用电话号码验证（通过短信）</text>
    <text name="SmsVerificationMessage">您的验证码：{0}</text>
    <text name="Verify">验证</text>
    <text name="YourCode">您的验证码</text>
    <text name="VerifyYourCode">校验您的验证码</text>
    <text name="YourPhoneNumberIsVerified">您的电话号码已经过验证</text>
    <text name="YourPhoneNumberIsNotVerified">您的电话号码未经过验证</text>
    <text name="WrongSmsVerificationCode">错误的验证码！</text>
    <text name="SelectUsers">选择用户</text>
    <text name="YouCanManageUsersOrganizationUnitsFromOrganizationUnitsPage">您可以从“组织单位”页面管理用户的组织单位。</text>
    <text name="DemoUiComponents">演示UI组件</text>
    <text name="DateAndTimePickers">日期和时间选择器</text>
    <text name="FileUpload">上传文件</text>
    <text name="PostedValue">发布数值</text>
    <text name="SelectDate">选择日期</text>
    <text name="SelectFile">选择文件</text>
    <text name="UploadedFile">已上传文件</text>
    <text name="PostedData">发布数据</text>
    <text name="Remove">删除</text>
    <text name="OrganizationUnitNotFoundForThisUser">此用户没有组织单位。</text>
    <text name="DemoUiComponents_Info">
      此页面显示了一些可在您的应用程序中使用的UI组件。
            此页面中的组件实现为全栈（包括服务器端）。
    </text>
    <text name="DemoUiComponents_Info_Metronic_Link_Text">检查Metronic主题以获取更多UI组件</text>
    <text name="Image">图像</text>
    <text name="File">文件</text>
    <text name="Link">链接</text>
    <text name="Billing">账单</text>
    <text name="LegalName">法定名称</text>
    <text name="Address">地址</text>
    <text name="Tax/VatNo">税务代码</text>
    <text name="Invoice">发票</text>
    <text name="TotalAmount">总金额</text>
    <text name="Print">打印</text>
    <text name="ShowInvoice">查看发票</text>
    <text name="InvoiceInformation">发票信息</text>
    <text name="InvoiceNo">发票号</text>
    <text name="Date">日期</text>
    <text name="ThisInvoiceIsNotYours">这张发票不是你的！</text>
    <text name="UiCustomizationHeaderInfo">更改UI的外观</text>
    <text name="UiCustomization_Layout">布局</text>
    <text name="UiCustomization_LayoutType">布局类型</text>
    <text name="UiCustomization_Fluid">Fluid</text>
    <text name="UiCustomization_Boxed">Boxed</text>
    <text name="UiCustomization_Disabled">已禁用</text>
    <text name="UiCustomization_Default">默认</text>
    <text name="UiCustomization_SpinnerMessage">微调消息</text>
    <text name="UiCustomization_ContentSkin">内容皮肤</text>
    <text name="UiCustomization_LightGrey">浅灰色</text>
    <text name="UiCustomization_White">白色</text>
    <text name="UiCustomization_DesktopFixedHeader">固定标题</text>
    <text name="UiCustomization_None">没有</text>
    <text name="UiCustomization_Hide">隐藏</text>
    <text name="UiCustomization_MobileFixedHeader">固定Header</text>
    <text name="UiCustomization_DisplayHeaderMenu">显示Header菜单</text>
    <text name="UiCustomization_Light">明亮</text>
    <text name="UiCustomization_Dark">黑暗</text>
    <text name="UiCustomization_DisplaySubmenuArrowDesktop">显示子菜单箭头</text>
    <text name="UiCustomization_DropdownSkin">下拉皮肤</text>
    <text name="UiCustomization_Menu">菜单</text>
    <text name="UiCustomization_MenuPosition">位置</text>
    <text name="UiCustomization_Left">左</text>
    <text name="UiCustomization_Top">上</text>
    <text name="UiCustomization_MenuSkin">菜单皮肤</text>
    <text name="UiCustomization_FixedMenu">固定菜单</text>
    <text name="UiCustomization_AllowAsideMinimizing">尽量减少</text>
    <text name="UiCustomization_DefaultMinimizedAside">默认最小化</text>
    <text name="UiCustomization_AllowAsideHiding">允许一边隐藏</text>
    <text name="UiCustomization_DropdownSubmenuSkin">下拉子菜单皮肤</text>
    <text name="UiCustomization_Inherit">继承</text>
    <text name="UiCustomization_Footer">Footer</text>
    <text name="UiCustomization_FixedFooter">固定Footer</text>
    <text name="UiCustomization_PushFooter">Push footer</text>
    <text name="UiCustomization_Header">标题栏</text>
    <text name="UiCustomization_Theme">主题</text>
    <text name="VisualSettings">视觉设置</text>
    <text name="SaveAsSystemDefault">保存为系统默认值</text>
    <text name="UseSystemDefaults">使用系统默认值</text>
    <text name="NewNotifications">新通知</text>
    <text name="Subscriptions">订阅</text>
    <text name="UiCustomization_DefaultHiddenAside">默认隐藏在一边</text>
    <text name="LoadWithThreeDot">加载中...</text>
    <text name="NoInternetConnection">您目前没有连接到互联网</text>
    <text name="Warning">等待中</text>
    <text name="RequestTimedOut">您的请求超时，请稍后再试。</text>
    <text name="AnErrorOccurred">发生了一个错误。请稍后重试。</text>
    <text name="AnHttpErrorOccured">与服务器通信时出错。</text>
    <text name="ChangePasswordToLogin">您必须在登录前更改密码！</text>
    <text name="NoPermission">您没有任何权限。请联系您的管理员。</text>
    <text name="NoCamera">找不到可用的相机！</text>
    <text name="PickFromGallery">从画廊中挑选</text>
    <text name="TakePhoto">拍张照片</text>
    <text name="Rotate">旋转</text>
    <text name="PasswordsDontMatch">密码不匹配！</text>
    <text name="RequiredField">{0}个字段是必需的。</text>
    <text name="StringLengthDoesntMatch">字段{0}的最小长度为{1}，最大长度为{2}。</text>
    <text name="LessThanMinStringLength">字段{0}的最小长度为{1}。</text>
    <text name="InvalidPhoneNumber">字段{0}不是有效的电话号码</text>
    <text name="InvalidRegularExpression">字段{0}无效。</text>
    <text name="LengthNotInRange">字段{0}的长度必须介于{1}和{2}之间。</text>
    <text name="UiCustomization_Mobile">移动端</text>
    <text name="UiCustomization_Desktop">桌面段</text>
    <text name="TwoFactorLoginIsNotSupported">目前不支持双因素登录！</text>
    <text name="LinkToCurrentPage">链接到当前页面</text>
    <text name="ThisFieldIsRequired">这是必填栏。</text>
    <text name="PleaseEnterAtLeastNCharacter">请输入至少{0}个字符。</text>
    <text name="PleaseEnterNoMoreThanNCharacter">请输入不超过{0}个字符。</text>
    <text name="SelectTwoFactorProvider">选择双因素身份验证提供程序</text>
    <text name="InvoiceInfoIsMissingOrNotCompleted">发票信息缺失或未完成</text>
    <text name="InvoiceTo">发票给</text>
    <text name="OperationLogs">操作日志</text>
    <text name="ChangeLogs">更改日志</text>
    <text name="Object">对象</text>
    <text name="Property">属性</text>
    <text name="OriginalValue">原始值</text>
    <text name="NewValue">新值</text>
    <text name="Detail">详情</text>
    <text name="CreatedAtByUser"><![CDATA[由<b>{1}</b>创建于<b>{0}</b>]]></text>
    <text name="Platform.MultiTenancy.Tenant">租户</text>
    <text name="Abp.Organizations.OrganizationUnit">组织单位</text>
    <text name="Search">搜索</text>
    <text name="Pin">Pin</text>
    <text name="TopMenu">顶部菜单</text>
    <text name="LeftMenu">左侧菜单</text>
    <text name="UserAccounts">用户账户</text>
    <text name="Blue">蓝色</text>
    <text name="Green">绿色</text>
    <text name="Pink">粉色</text>
    <text name="Yellow">黄色</text>
    <text name="UiCustomization_HeaderSkin">皮肤</text>
    <text name="TenantsCannotCreateLanguage">租户不能创造语言。</text>
    <text name="Toggle">切换</text>
    <text name="UserAccount">用户账户</text>
    <text name="Expand">扩展</text>
    <text name="Attach">连接</text>
    <text name="Collapse">断开</text>
    <text name="AllOfThesePermissionsMustBeGranted">未授予所需权限。必须授予以下权限：{0}</text>
    <text name="AtLeastOneOfThesePermissionsMustBeGranted">未授予所需权限。至少授予以下权限之一：{0}</text>
    <text name="XCountPermissionFiltered">已过滤 {0} 权限.</text>
    <text name="SelectPermissions">选择权限</text>
    <text name="OnlyLockedUsers">仅已锁定用户</text>
    <text name="DefaultFromSenderEmailAddress">默认电子邮件地址</text>
    <text name="DefaultFromSenderDisplayName">默认显示名称</text>
    <text name="DefaultLanguage">默认语言</text>
    <text name="CurrentUserDidNotLoginToTheApplication">当前用户没有登录该应用程序！</text>
    <text name="MainMenu">主菜单</text>
    <text name="IncorrectImageFormat">图像格式不正确！</text>
    <text name="NotificationDeleteWarningMessage">此通知将被删除</text>
    <text name="ProcessingWithThreeDot">处理中...</text>
    <text name="ThereIsNoSuchImageFileWithGivenToken">没有给定令牌的图像</text>
    <text name="WebhookEvent">Webhook事件</text>
    <text name="Webhooks">Webhooks</text>
    <text name="WebhookSubscriptions">Webhook订阅</text>
    <text name="WebhookSubscriptionsInfo">Webhook订阅信息</text>
    <text name="AddNewWebhookSubscription">添加新Webhook订阅</text>
    <text name="EditWebhookSubscription">编辑Webhook订阅</text>
    <text name="WebhookEvents">Webhook事件管理</text>
    <text name="IsActive">是否激活</text>
    <text name="WebhookEventDetail">Webhook事件详情</text>
    <text name="Data">数据</text>
    <text name="WebhookSendAttempts">Webhook发送尝试</text>
    <text name="HttpStatusCode">Http状态代码</text>
    <text name="Response">响应</text>
    <text name="Disabled">已禁用</text>
    <text name="WebhookEndpoint">Webhook端点</text>
    <text name="AdditionalWebhookHeaders">附加的Webhook头</text>
    <text name="WebhookSecret">Webhook秘钥</text>
    <text name="ViewWebhookSecret">查看Webhook秘钥</text>
    <text name="HeaderKey">头部Key</text>
    <text name="HeaderValue">头部Value</text>
    <text name="WebhookEventId">Webhook事件Id</text>
    <text name="WebhookEventWillBeSendWithSameParameters">Webhook事件将发送相同的参数</text>
    <text name="WebhookSendAttemptInQueue">Webhook发送尝试处理排队。这一过程将尽快进行。</text>
    <text name="DeactivateSubscriptionWarningMessage">Webhook订阅将会被禁用，你的端点将不再得到Webhook</text>
    <text name="ActivateSubscriptionWarningMessage">Webhook订阅将被激活，你的端点将得到相关的Webhook</text>
    <text name="SuccessfullyDeactivated">成功禁用</text>
    <text name="SuccessfullyActivated">成功激活</text>
    <text name="Deactivate">禁用</text>
    <text name="Activate">激活</text>
    <text name="HeaderKeyAndValueCanNotBeNull">Header键和值不能为空</text>
    <text name="HeaderKeysMustBeUnique">Header键必须是唯一的</text>
    <text name="ViewWebhookEvent">查看Webhook事件</text>
    <text name="GoToSubscription">去订阅</text>
    <text name="WebhookSubscriptionDetail">Webhook订阅详情</text>
    <text name="Resend">重发</text>
    <text name="YouHaveToSubscribeToTestWebhookToReceiveTestEvent">您必须订阅test webhook来接收测试事件</text>
    <text name="CreatingWebhooks">创建新的webhook</text>
    <text name="EditingWebhooks">编辑webhook</text>
    <text name="ChangingWebhookActivity">激活/禁用webhook</text>
    <text name="DetailingSubscription">参见webhook详情页面</text>
    <text name="ListingSendAttempts">列出webhook发送尝试历史</text>
    <text name="ResendingWebhook">重发一个webhook</text>
    <text name="Add">添加</text>
    <text name="ShowResponse">显示响应</text>
    <text name="ShowData">显示数据</text>
    <text name="GoToLoginPage">转到登录页面</text>
    <text name="ShowLockScreenWhenTimedOut">超时时显示锁定屏幕</text>
    <text name="YourSessionIsLocked">您的会话被锁定</text>
  </texts>
</localizationDictionary>
