<?xml version="1.0" encoding="utf-8" ?>
<localizationDictionary culture="ar">
  <texts>
    <text name="HomePage">الرئيسية</text>
    <text name="AboutUs">من نحن</text>
    <text name="Administration">الإدارة</text>
    <text name="Roles">الأدوار</text>
    <text name="Users">المستخدمين</text>
    <text name="InvalidFormMessage">النموذج يحتوي على أخطاء - يرجى تصحيح الأخطاء و المحاولة مرة اخرى</text>
    <text name="InvalidUserNameOrPassword">اسم المستخدم أو كلمة المرور غير صحيحة</text>
    <text name="ThereIsNoTenantDefinedWithName{0}">لا يوجد عميل  باسم {0}</text>
    <text name="TenantIsNotActive">العميل {0} غير مغعّل</text>
    <text name="UserIsNotActiveAndCanNotLogin">العضو {0} غير مفعّل ولا يمكن تسجيل الدخول</text>
    <text name="PleaseEnterLoginInformation">الرجاء إدخال معلومات تسجيل الدخول</text>
    <text name="TenancyName">اسم العميل</text>
    <text name="UserNameOrEmail">اسم المستخدم أو البريد الإلكتروني</text>
    <text name="Password">كلمة المرور</text>
    <text name="RememberMe">تذكرنى</text>
    <text name="LogIn">تسجيل الدخول</text>
    <text name="ForgotPassword">هل نسيت كلمة المرور؟</text>
    <text name="DontYouHaveAnAccount">ليس لديك حساب؟</text>
    <text name="CreateAnAccount">إنشاء حساب</text>
    <text name="Pages">الصفحات</text>
    <text name="RoleName">اسم الدور</text>
    <text name="EditRole">تحرير الدور</text>
    <text name="CreateNewRole">إنشاء دور جديد</text>
    <text name="RoleProperties">خصائص الدور</text>
    <text name="Permissions">إذونات</text>
    <text name="Save">حـفظ</text>
    <text name="Cancel">إغلاق</text>
    <text name="RolesHeaderInfo">إستخدم الأدوار لإنشاء مجموعة إذونات</text>
    <text name="Static">مـثبّت</text>
    <text name="Actions">إجراءات</text>
    <text name="Delete">حـذف</text>
    <text name="SavedSuccessfully">تم الحفظ بنجاح.</text>
    <text name="AreYouSure">هل أنت متأكد؟</text>
    <text name="YesDelete">نعم إحذف</text>
    <text name="DeletingUser"> حذف المستخدم</text>
    <text name="UsersHeaderInfo">إدارة المستخدمين و الإذونات</text>
    <text name="CreateNewUser">إنشاء مستخدم جديد</text>
    <text name="UserName">اسم المستخدم</text>
    <text name="Name">الإسـم</text>
    <text name="Surname">الإسم الأخير</text>
    <text name="EmailAddress">البريد الإلكتروني</text>
    <text name="LastLoginTime">آخر تسجيل الدخول</text>
    <text name="EditUser">تحرير المستخدم</text>
    <text name="UserInformations">تفاصيل المستخدم</text>
    <text name="PasswordRepeat">أعد كلمة المرور</text>
    <text name="SuccessfullyDeleted">تم الحذف بنجاح</text>
    <text name="RoleDeleteWarningMessage">سيتم حذف الدور {0} و سوف يتم إزالة إذونات جميع المستخدمين المعيين بهذا الدور</text>
    <text name="UserDeleteWarningMessage">سيتم حذف المستخدم {0}.</text>
    <text name="Active">مفعّل</text>
    <text name="EmailConfirm"> تأكيد البريد الإلكتروني</text>
    <text name="Yes">نـعم</text>
    <text name="No">لا</text>
    <text name="MySettings">إعداداتي</text>
    <text name="Logout">تسجيل الخروج</text>
    <text name="Reset">مسح</text>
    <text name="ResetPermissionsTooltip"> هذا الزر سيقوم على الفور بمسح إذونات المستخدم. المستخدم سيملك الإذونات المرتبطة بالأدوار المعينة من قبل</text>
    <text name="ResetSuccessfully">تم المسح بنجاح</text>
    <text name="Tenants">عملاء</text>
    <text name="TenantsHeaderInfo">إدارة العملاء</text>
    <text name="CreateNewTenant">إنشاء عميل الجديد</text>
    <text name="TenancyCodeName">كود العميل</text>
    <text name="TenantName">اسم العميل</text>
    <text name="TenantDeleteWarningMessage">سيتم حذف العميل {0}</text>
    <text name="AdminEmailAddress">البريد الإلكتروني للمشرف</text>
    <text name="AdminPassword">كلمة مرور المشرف</text>
    <text name="AdminPasswordRepeat">إعادة كلمة مرور المشرف</text>
    <text name="EditTenant">تحرير العميل</text>
    <text name="ChangingPermissions">تغيير الإذونات</text>
    <text name="EditingUser"> تحرير المستخدم </text>
    <text name="CreatingNewUser"> إنشاء مستخدم جديد</text>
    <text name="Edit">تحرير</text>
    <text name="EditingTenant">تحرير العميل</text>
    <text name="CreatingNewTenant">إنشاء عميل الجديد</text>
    <text name="DeletingTenant">حذف العميل</text>
    <text name="EditingRole"> تحرير الدور</text>
    <text name="CreatingNewRole"> إنشاء دور جديد</text>
    <text name="DeletingRole"> حذف الدور</text>
    <text name="CreationTime">الإنشاء</text>
    <text name="SearchWithThreeDot">بـحث...</text>
    <text name="ResetSpecialPermissions">مسح الإذونات الخاصة</text>
    <text name="SavingWithThreeDot">حـفظ...</text>
    <text name="Settings">الإعدادات</text>
    <text name="SaveAll">إحفظ الكل</text>
    <text name="SettingsHeaderInfo">عرض وتغيير إعدادات النظام</text>
    <text name="EmailSmtp">البريد الإلكتروني</text>
    <text name="DefaultFromAddress">البريد الإلكتروني الافتراضي للمرسل</text>
    <text name="DefaultFromDisplayName">إسم العرض - للبريد الإلكتروني</text>
    <text name="SmtpHost">عنوان خادم البريد الإلكتروني - SMTP Host</text>
    <text name="SmtpPort">رقم المنفذ لخادم البريد الإلكتروني - SMTP Port</text>
    <text name="UseDefaultCredentials">استخدام معلومات الدخول الافتراضية</text>
    <text name="UseHostDefaultEmailSettings">استخدم إعدادات البريد الإلكتروني الافتراضية</text>
    <text name="DomainName">اسم النطاق</text>
    <text name="UseSsl">إستخدم SSL</text>
    <text name="ThisWebSiteRootAddress">عنوان جذر الموقع</text>
    <text name="ThisWebSiteRootAddress_Hint">سيتم استخدامه عند بناء وصلات تلقائية لبعض المهام. مثل بناء الروابط لإعادة تعيين كلمة المرور. مثال: http://mydomain.com/ </text>
    <text name="General">عــام</text>
    <text name="SendPasswordResetLink_Information">سيتم إرسال رابط إعادة تعيين كلمة المرور إلى بريدك الإلكتروني. إذا لم يصلك البريد الإلكتروني في غضون بضع دقائق, الرجاء أعد المحاولة.</text>
    <text name="Send">إرسال</text>
    <text name="PasswordReset">إعادة تعيين كلمة المرور</text>
    <text name="InvalidUserNameOrEmailAddress">اسم المستخدم أو البريد الإلكتروني غير صحيح</text>
    <text name="PasswordResetEmail_Subject">إعادة تعيين كلمة المرور Middleware</text>
    <text name="PasswordResetEmail_Title">إعادة تعيين كلمة المرور Middleware</text>
    <text name="PasswordResetEmail_SubTitle">.تم إرسال هذا البريد الإلكتروني لك لإعادة تعيين كلمة المرور</text>
    <text name="PasswordResetEmail_ClickTheLinkBelowToResetYourPassword">يرجى الضغط على الرابط بالأسفل لإعادة تعيين كلمة المرور.</text>
    <text name="EmailActivation_Subject">Middleware تفعيل حساب</text>
    <text name="EmailActivation_Title">Middleware مرحبا بك في</text>
    <text name="EmailActivation_SubTitle">تم إرسال هذه الرساله لتأكيد بريدك الإلكتروني.</text>
    <text name="EmailActivation_ClickTheLinkBelowToVerifyYourEmail">يرجى الضغط على الرابط أدناه لتأكيد البريد الإلكتروني:</text>
    <text name="InvalidEmailAddress">البريدالالكتروني غير صحيح</text>
    <text name="InvalidPasswordResetCode">رمز إعادة تعيين كلمة المرور غير صحيح</text>
    <text name="InvalidPasswordResetCode_Detail">من فضلك تأكد من دخول هذه الصفحة بالضغط على الرابط المرسل إلى بريدك الإلكتروني.  إذا كان هذا لا يحل المشكلة، يمكنك محاولة إعادة تعيين كلمة المرور مره اخرى</text>
    <text name="PleaseEnterYourNewPassword">الرجاء إدخال كلمة المرور الجديدة</text>
    <text name="UserEmailIsNotConfirmedAndCanNotLogin">لم يتم تأكيد عنوان بريدك الإلكتروني. يرجى التحقق من بريدك الالكتروني والضغط على رابط تأكيد البريد الإلكتروني لتفعيل حسابك. إذا لم تستلم الرسالة إضغط على "تاكيد البريد الإلكتروني" لإرسال الطلب مره اخرى </text>
    <text name="LoginFailed">لم نتمكن من تسجيل الدخول!</text>
    <text name="InvalidEmailConfirmationCode">رمز تأكيد البريد الإلكتروني غير صحيح</text>
    <text name="InvalidEmailConfirmationCode_Detail">من فضلك تأكد من دخول هذه الصفحة بالضغط على الرابط المرسل إلى بريدك الإلكتروني. إذا كان هذا لا يحل المشكلة، يمكنك محاولة إعادة إرسال رمز التأكيد من جديد.</text>
    <text name="YourEmailIsConfirmedMessage">تم تأكيد بريدك الإلكتروني بنجاح</text>
    <text name="ShouldChangePasswordOnNextLogin">يجب تغيير كلمة المرور عند تسجيل الدخول المقبل.</text>
    <text name="SetRandomPassword">تعيين كلمة مرور عشوائية.</text>
    <text name="EmailActivation">تفعيل البريد الإلكتروني</text>
    <text name="SendEmailActivationLink_Information">سيتم إرسال رابط تأكيد بريدك الإلكتروني. إذا لم يصلك البريد الإلكتروني في غضون بضع دقائق, الرجاء أعد المحاولة.</text>
    <text name="SendActivationEmail">إرسال رسالة تفعيل البريد الإلكتروني.</text>
    <text name="ChangePassword">تغيير كلمة المرور</text>
    <text name="CurrentPassword">كلمة المرور الحالية</text>
    <text name="NewPassword">كلمة المرور الجديدة</text>
    <text name="NewPasswordRepeat">إعادة كلمة المرور الجديدة</text>
    <text name="YourPasswordHasChangedSuccessfully">تم تغيير كلمة المرور بنجاح</text>
    <text name="SelfUserRegistrationIsDisabledMessage">لا يمكنك الإشتراك بالنظام</text>
    <text name="SelfUserRegistrationIsDisabledMessage_Detail">تم تعطيل إشتراك المستخدم الذاتي يرجى الاتصال بمسؤول النظام للإشتراك.</text>
    <text name="SuccessfullyRegistered">تم الإشتراك بنجاح</text>
    <text name="ConfirmationMailSentPleaseClickLinkInTheEmail">تم إرسال تأكيد البريد الإلكتروني إلى  {0} الرجاء الضغط على الرابط في الرسالة لتأكيد بريدك الإلكتروني</text>
    <text name="YourAccountIsWaitingToBeActivatedByAdmin">حسابك بإنتظار أن يتم تفعيله من قبل مشرف النظام.</text>
    <text name="NameSurname">الإسم</text>
    <text name="UserManagement">إدارة المستخدمين</text>
    <text name="AllowUsersToRegisterThemselves">السماح للمستخدمين بالإشتراك الذاتي على النظام.</text>
    <text name="AllowUsersToRegisterThemselves_Hint">إذا قمت بتعطيل هذه الخاصية, لا يمكن إضافة المستخدمين إلا من قبل المشرف باستخدام صفحة إدارة المستخدمين</text>
    <text name="NewRegisteredUsersIsActiveByDefault">المستخدمين الجدد المسجلين هم مغعّلين افتراضيا</text>
    <text name="NewRegisteredUsersIsActiveByDefault_Hint">إذا قمت بتعطيل هذه الخاصية, المستخدمين الجدد غير مغعّلين (لن يتمكنوا من تسجيل الدخول) حتى يقوم المشرف بتفعيل الحساب يدويا</text>
    <text name="Default">افتراضي</text>
    <text name="DefaultRole_Description">تعيين للمستخدمين الجدد كإفتراضي</text>
    <text name="StaticRole_Tooltip">لا يمكن حذف أدوار ثابتة.</text>
    <text name="EmailConfirmationRequiredForLogin">مطلوب تأكيد البريد الإلكتروني لتسجيل الدخول </text>
    <text name="{0}UserCannotBeDeleted">لا يمكن حذف المستخدم {0}.</text>
    <text name="TenantNameCanNotBeEmpty">اسم العميل لا يمكن أن يكون فارغا</text>
    <text name="ChangeProfilePicture">تغيير الصورة الشخصية</text>
    <text name="TenantName_Regex_Description">يجب أن يكون اسم العميل على الأقل حرفين ويبدأ بحرف ومن ثم : حرف أو رقم أو شرطه أو شرطه سفلية.</text>
    <text name="ProfilePicture_Change_Info">يمكنك إختيار ملف JPG/JPEG/PNG وبحد أقصى للحجم {0} كيلوبايت  </text>
    <text name="ProfilePicture_Change_Error">تعذّر تغيير صورة ملفك الشخصي</text>
    <text name="ProfilePicture_Warn_SizeLimit">يجب أن يكون حجم الصورة أصغر من {0} كيلوبايت يرجى تحديد ملف آخر</text>
    <text name="ProfilePicture_Warn_FileType">  يرجى تحديد ملف آخر  JPG / JPEG  يمكنك فقط اختيار ملف</text>
    <text name="Dashboard">لوحة القيادة</text>
    <text name="DashboardHeaderInfo">الإحصاءات والتقارير</text>
    <text name="GoToApplication">الى النظام</text>
    <text name="TenantInformations">معلومات العميل</text>
    <text name="PersonalInformations">معلومات شخصية</text>
    <text name="AccountSettings">إعدادات الحساب</text>
    <text name="Captha_Hint">الرجاء إدخال الرمز الذي يظهر في الصورة أدناه</text>
    <text name="Back">العودة</text>
    <text name="Submit">أرسل</text>
    <text name="SignUp">إشترك</text>
    <text name="CaptchaCanNotBeEmpty">يجب أن تثبت أنك لست روبوتًا.</text>
    <text name="IncorrectCaptchaAnswer">غير قادر على تحديد أنك لست روبوتًا.</text>
    <text name="FormIsNotValidMessage">النموذج يحتوي على أخطاء. يرجى مراجعة وتصحيح الأخطاء</text>
    <text name="CanNotChangeAdminUserName">لا يمكن تغيير اسم مستخدم المشرف</text>
    <text name="Error">خطأ</text>
    <text name="OopsYouAreLost">عذرا! هل أنت ضال</text>
    <text name="WeCanNotFindThePage">لم نتمكن من العثور على الصفحة التي تبحث عنها.</text>
    <text name="DashboardDemo_Note_Title">مرحبا بكم في موقع البداية : أي أس بي نت - زيرو</text>
    <text name="DashboardDemo_Note_Info">
      في هذا العرض يمكن استخدام القائمة لإختبار صفحات تعمل بالكامل.
      صفحة لوحة القيادة هذه هي فقط لأغراض العرض والنصوص والتواريخ لا معنى لها.
      تقريبا جميع المعلومات هي معلومات ثابتة باستثناء الرسوم البيانية لنشاط الأعضاء.
      عند الضغط على زر التحديث سيتم طلب المعلومات من الخادم الذي يولّد بيانات عشوائية للرسم البياني.
    </text>
    <text name="WelcomePage_Title">أهلا بك!</text>
    <text name="WelcomePage_Info">مرحبا بك بالنظام. يمكنك استخدام القائمة لبدء استخدام النظام. إذا كنت لا ترى أي عنصر بالقائمة ربما لم يكن لديك إذونات. يرجى مراجعة مشرف النظام للحصول على إذونات بالنظام.</text>
    <text name="RequestedFileDoesNotExists">لم نعثر على الملف المطلوب</text>
    <text name="MailSent">تم إرسال البريد</text>
    <text name="PasswordResetMailSentMessage">رابط إعادة تعيين كلمة المرور تم إرساله إلى بريدك الإلكتروني. يرجى التحقق من رسائل بريدك الإلكتروني  </text>
    <text name="UseCaptchaOnRegistration">استخدام صورة الأمان (captcha) عند الإشتراك.</text>
    <text name="FormBasedRegistration">نوعية الإشتراك (form)</text>
    <text name="LdapSettings">إعدادات LDAP</text>
    <text name="EnableLdapAuthentication">تمكين مصادقة LDAP</text>
    <text name="OtherSettings">إعدادات اخرى</text>
    <text name="AuditLogs">سجلات التدقيق</text>
    <text name="Success">نجاح</text>
    <text name="Time">وقت</text>
    <text name="Service">خدمة</text>
    <text name="Action">إجراء</text>
    <text name="Duration">المدة</text>
    <text name="IpAddress">عنوان IP</text>
    <text name="Client">زائر</text>
    <text name="Browser">المتصفح</text>
    <text name="Xms">{0} جزء ث.</text>
    <text name="Close">إغلاق</text>
    <text name="Refresh">تحديث</text>
    <text name="ErrorState">حالة خطأ</text>
    <text name="All">الجميع</text>
    <text name="HasError">يوجد خطأ</text>
    <text name="ShowAdvancedFilters">إظهار الفلاتر المتقدمة</text>
    <text name="HideAdvancedFilters">إخفاء الفلاتر المتقدمة</text>
    <text name="AuditLogDetail">تفاصيل سجل التدقيق</text>
    <text name="Parameters">المعلمات</text>
    <text name="DateRange">نطاق التاريخ</text>
    <text name="ActionInformations">معلومات العمل</text>
    <text name="Today">اليوم</text>
    <text name="Yesterday">اليوم السابق</text>
    <text name="Last7Days">اخر 7 ايام</text>
    <text name="Last30Days">اخر 30 يوم</text>
    <text name="ThisMonth">هذا الشهر</text>
    <text name="LastMonth">الشهر الماضي</text>
    <text name="TenantSelection">اختيار العميل</text>
    <text name="TenantSelection_Detail">الرجاء اختيار واحد من العملاء</text>
    <text name="LoginWith">تسجيل الدخول مع:</text>
    <text name="PasswordChangeDontRememberMessage">إذا كنت لا تتذكر كلمة المرور {0}.</text>
    <text name="ClickHere">إضغط هنا</text>
    <text name="Apply">تطبيق</text>
    <text name="CustomRange">مدى مخصص</text>
    <text name="DashboardNoteForMpaVersion">
      <![CDATA[
       راجع الموقع التجريبي ذو الصفحات المتعددة <strong>ASP.NET MVC</strong> مع <strong>jQuery</strong>.
       ]]>
    </text>
    <text name="DashboardNoteForSpaVersion">
      <![CDATA[
       ملاحظة: يوجد أيضا  <strong>موقع تجريبي بصفحة واحدة</strong> مطوّر بإستخدام ASP.NET MVC مع <strong>AngularJs</strong>.
       ]]>
    </text>
    <text name="SeeDemo">مشاهدة الموقع التجريبي</text>
    <text name="Edition">نسخة</text>
    <text name="Editions">النسخات</text>
    <text name="EditionsHeaderInfo">إدارة النسخات ومميزات النظام</text>
    <text name="CreateNewEdition">إنشاء نسخة جديدة</text>
    <text name="EditEdition">تحرير نسخة</text>
    <text name="EditionProperties">خصائص النسخة</text>
    <text name="EditionName">اسم النسخة</text>
    <text name="Features">مميزات</text>
    <text name="EditionDeleteWarningMessage">هل أنت متأكد من حذف الإصدار {0}؟</text>
    <text name="CreatingNewEdition">إنشاء نسخة جديدة</text>
    <text name="EditingEdition"> تحرير النسخة</text>
    <text name="DeletingEdition">حذف النسخة</text>
    <text name="ChangingFeatures"> تغيير المميزات</text>
    <text name="ResetSpecialFeatures">مسح المميزات الخاصة</text>
    <text name="ResetFeaturesTooltip">هذا الزر سيقوم على الفور بمسح المميزات للعميل. العميل سيملك المميزات المرتبطة بالنسخات المعينة من قبل.</text>
    <text name="NotAssigned">لم يعيّن</text>
    <text name="InvalidFeaturesWarning">واحد أو أكثر من قيم الميزة غير صحيح</text>
    <text name="Languages">اللغات</text>
    <text name="LanguagesHeaderInfo">إدارة لغات واجهة المستخدم</text>
    <text name="CreateNewLanguage">لغة جديدة</text>
    <text name="Code">رمز</text>
    <text name="CreatingNewLanguage">إنشاء لغة جديدة</text>
    <text name="EditingLanguage">تحرير الغة</text>
    <text name="DeletingLanguages">حذف اللغة</text>
    <text name="ChangingTexts">تغيير النصوص</text>
    <text name="SuccessfullySaved">تم الحـفظ بنجاح</text>
    <text name="Language">لغة</text>
    <text name="Flag">علم</text>
    <text name="SetAsDefaultLanguage">تعيين اللغة الافتراضية</text>
    <text name="EditLanguage">تحرير اللغة</text>
    <text name="ChangeTexts">تغيير النصوص</text>
    <text name="TargetValue">النص الهدف</text>
    <text name="BaseValue">النص الأساسي</text>
    <text name="Key">مفتاح</text>
    <text name="SaveAndClose">حـفظ وإغلاق</text>
    <text name="SaveAndNext">حـفظ و التالي</text>
    <text name="EditText">تحرير النص</text>
    <text name="LanguageTexts">نصوص اللغة</text>
    <text name="LanguageTextsHeaderInfo">تعديل نصوص الغات</text>
    <text name="EmptyOnes">الفارغة</text>
    <text name="Source">مصدر</text>
    <text name="BaseLanguage">اللغة الأساسية</text>
    <text name="TargetLanguage">اللغة الهدف</text>
    <text name="Previous">السابق</text>
    <text name="LanguageDeleteWarningMessage">هل أنت متأكد من حذف اللغة {0}</text>
    <text name="CanNotEditOrDeleteDefaultLanguages">لا يمكن تعديل أو حذف اللغات الافتراضية. يمكنك فقط تعديل أو حذف اللغات التي قمت بإضافتها. ولكن يمكنك تغيير نصوص جميع اللغات</text>
    <text name="LookingForMpaVersion"> البحث عن موقع متعدد الصفحات</text>
    <text name="LookingForSpaVersion"> البحث عن موقع ذو صفحة واحدة</text>
    <text name="ThisLanguageAlreadyExists">هذه اللغة موجودة مسبقا</text>
    <text name="OrganizationUnitsHeaderInfo">استخدم الوحدات التنظيمية لتجميع المستخدمين و الكيانات</text>
    <text name="OrganizationTree">الهيكل التنظيمي</text>
    <text name="Members">الأعضاء</text>
    <text name="SelectAnOrganizationUnitToSeeMembers">إختر وحدة تنظيمية لمعاينة الأعضاء</text>
    <text name="OrganizationUnitDeleteWarningMessage">هل أنت متأكد من حذف الوحدة التنظيمية {0} ؟</text>
    <text name="AddSubUnit">أضف وحدة ثانوية</text>
    <text name="AddMember">أضف عضو</text>
    <text name="SuccessfullyAdded">تمت الإضافة بنجاح.</text>
    <text name="RemoveUserFromOuWarningMessage">هل أنت متأكد من إزالة المستخدم {0} من الوحدة {1} ؟</text>
    <text name="SuccessfullyRemoved">تمت الإزالة بنجاح.</text>
    <text name="SelectAnItem">إختر سجل</text>
    <text name="NewOrganizationUnit">وحدة تنظيمية جديدة</text>
    <text name="SelectAUser">إختر مستخدم</text>
    <text name="Select">إختر</text>
    <text name="UserIsAlreadyInTheOrganizationUnit">هذا المستخدم موجود في الوحدة التنظيمية !</text>
    <text name="AddRootUnit">أضف وحدة جذرية</text>
    <text name="AddUser">أضف مستخدم</text>
    <text name="NoOrganizationUnitDefinedYet">لا توجد وحدات تنظيمية.</text>
    <text name="OrganizationUnitMoveConfirmMessage">هل أنت متأكد من نقل {0} الى {1} ؟</text>
    <text name="Root">جذر</text>
    <text name="SuccessfullyMoved">تم النقل بنجاح.</text>
    <text name="AddedTime">الإضافة</text>
    <text name="ManagingMembers">إدارة الأعضاء</text>
    <text name="ManagingOrganizationTree">إدارة الوحدات التنظيمية</text>
    <text name="LoginForUsers">تسجيل دخول المستخدمين</text>
    <text name="LoginAsThisUser">تسجيل الدخول كالمستخدم هذا</text>
    <text name="BackToMyAccount">العودة لحسابي</text>
    <text name="LoginForTenants">تسجيل دخول العملاء</text>
    <text name="LoginAsThisTenant">تسجيل الدخول كالعميل هذا</text>
    <text name="AuditLogImpersonatedOperationInfo">ملاحظة: يتم تنفيذ هذه العملية من قبل مستخدم آخر نيابة عن هذا المستخدم. </text>
    <text name="CustomData">بيانات مخصصة</text>
    <text name="None">لا شيء</text>
    <text name="YouCanBackToYourAccount">يمكنك العودة لحسابك هنا.</text>
    <text name="CascadeImpersonationErrorMessage">لايمكن ثمتيل شخص آخر. لان تسجيل دخولك الحالي ممثّل من قبل مستخدم آخر.</text>
    <text name="FromTenantToHostImpersonationErrorMessage">لا يمكن تمثيل مستخدم النظام من مستخدم العميل.</text>
    <text name="DifferentTenantImpersonationErrorMessage">لا يمكن تمثيل مستخدم من عميل آخر!</text>
    <text name="ImpersonationTokenErrorMessage">رمز التمثيل غير صالح أو منتهية صلاحيتة!</text>
    <text name="NotImpersonatedLoginErrorMessage">هذا ليس تسجيل دخول ممثّل</text>
    <text name="YouCannotLinkToSameAccount">لايمكن ربط نفس الحساب</text>
    <text name="ChangePasswordBeforeLinkToAnAccount">يجب تغيير كلمة المرور قبل ربط هذا الحساب</text>
    <text name="LinkedAccounts">حسابات مرتبطة</text>
    <text name="ManageLinkedAccounts">إدارة الحسابات</text>
    <text name="LinkNewAccount">ربط حساب</text>
    <text name="SuccessfullyUnlinked">تم إزالة الربط بنجاح.</text>
    <text name="LinkedUserDeleteWarningMessage">سيتم إزالة الربط بالمستخدم {0}</text>
    <text name="SwitchToLinkedAccountTokenErrorMessage">رمز التمثيل غير صالح أو منتهية صلاحيتة!</text>
    <text name="WelcomeToTheApplicationNotificationMessage">أهلا و سهلا بك لنظام Middleware! للإخطارات. نظام الإخطارات يستخدم لإعلامك عن إخطارات من النظام أو المستخدمين . يمكنك إختيار نوع الإخطارات التي تريد أن تتلقاها من خلال إعادات الإخطارات.</text>
    <text name="NewUserRegisteredNotificationDefinition">عند إنشاء حساب مستخدم جديد بالنظام.</text>
    <text name="NewUserRegisteredNotificationMessage">تم إنشاء حساب جديد بالنظام. المستخدم: {userName}, البريد الالكتروني: {emailAddress}.</text>
    <text name="SeeAllNotifications">جميع الإخطارات</text>
    <text name="SetAsRead">تعيين كمقروء</text>
    <text name="SetAllAsRead">تعيين الكل مقروء</text>
    <text name="NotificationSettings">إعدادات الإخطارات</text>
    <text name="ReceiveNotifications">تلقي الإخطارات</text>
    <text name="ReceiveNotifications_Definition">هذا الخيار يمكن استخدامة لتمكين / تعطيل الإخطارات.</text>
    <text name="NotificationTypes">أنواع الإخطارات</text>
    <text name="ReceiveNotifications_DisableInfo">تلقي الإخطارات معطّل. عند تمكينه يمكنك تحديد أنواع الإخطارات التي تريد الحصول عليها.</text>
    <text name="Notifications">إخطارات</text>
    <text name="ThereAreNoNotifications">لاتوجد إخطارات.</text>
    <text name="Unread">غير مقروء</text>
    <text name="YouCanNotDeleteOwnAccount">لا يمكنك حذف حسابك!</text>
    <text name="On">ممكّن</text>
    <text name="Off">معطّل</text>
    <text name="Maintenance">الصيانة</text>
    <text name="Caches">ذاكرة التخزين المؤقت</text>
    <text name="CacheSuccessfullyCleared">تم مسح ذاكرة التخزين المؤقت بنجاح.</text>
    <text name="AllCachesSuccessfullyCleared">تم مسح كل ذاكرة التخزين المؤقت بنجاح.</text>
    <text name="ClearAll">مسح الكل</text>
    <text name="Clear">مسح</text>
    <text name="CachesHeaderInfo">بهذة الصفحة يمكنك مسح الذاكرة المؤقتة للنظام.</text>
    <text name="TestEmailSettingsHeader">تجربة إعدادات البريد الإلكتروني</text>
    <text name="SendTestEmail">تجربة إرسال بريد</text>
    <text name="TestEmail_Subject">تجربة بريد قالب أي بي بي زيرو</text>
    <text name="TestEmail_Body">هذا بريد للتجربة فقط.</text>
    <text name="TestEmailSentSuccessfully">تم إرسال بريد التجربة بنجاح.</text>
    <text name="WebSiteLogs">سجلات الموقع</text>
    <text name="WebSiteLogsHeaderInfo">يمكنك ان ترى كل السجلات في هذه الصفحة أو تحميل جميع السجلات في ملف مضغوط واحد.</text>
    <text name="DownloadAll">تحميل الكل</text>
    <text name="TenantManagement">إدارة العملاء</text>
    <text name="AllowTenantsToRegisterThemselves">السماح للعملاء بالتسجيل بالنظام.</text>
    <text name="AllowTenantsToRegisterThemselves_Hint">إذا قمت بتعطيل هذا, يمكن فقط إضافة العملاء من قبل المشرف من خلال صفحة إدارة العملاء.</text>
    <text name="NewRegisteredTenantsIsActiveByDefault">العملاء المسشتركين جديدا سيتم تفعيلهم إفتراضيا.</text>
    <text name="NewRegisteredTenantsIsActiveByDefault_Hint">إذا قمت بتعطيل هذا، العملاء الجدد لن يكونوا مفعلين (ولا يمكن تسجيل الدخول) حتى يقوم المشرف بتفعيل الحساب يدويا.</text>
    <text name="TenantSignUp">إشتراك العميل</text>
    <text name="NewTenantRegisteredNotificationDefinition">عند إشتراك عميل جديد بالنظام.</text>
    <text name="NewTenantRegisteredNotificationMessage">تم إشتراك عميل جديد بالنظام. إسم العميل : {tenancyName}.</text>
    <text name="LoginAttempts">محاولات الدخول</text>
    <text name="Failed">فشل</text>
    <text name="NewTenant">إشتراك العملاء</text>
    <text name="ResizedProfilePicture_Warn_SizeLimit">حجم الصورة بعد التصغير يجب أن يكون أقل من {0} كيلوبايت. قم بتصغير الصورة وحاول مرة اخرى.</text>
    <text name="RegisterFormUserNameInvalidMessage">من فضلك لاتدخل بريد إلكتروني كإسم مستخدم.</text>
    <text name="UseHostDatabase">إستخدم قاعدة بيانات المضيف</text>
    <text name="DatabaseConnectionString">Database connection string</text>
    <text name="TenantDatabaseConnectionStringChangeWarningMessage">ملاحظة: قبل تغيير طريقة إتصال قاعدة بيانات العميل, عليك نقل قاعدة بيانات العميل الى الوجهة الجديدة. تغيير طريقة الإتصال لاتنقل قاعدة بيانات العميل.</text>
    <text name="Timezone">منطقة زمنية</text>
    <text name="HasOwnDatabase">لديه قاعدة بيانات خاصة</text>
    <text name="TimeZoneSettingChangedRefreshPageNotification">تم تغيير إعدادات المنطقة الزمنية. انقر على زر موافق لتحديث الصفحة وسيتم تفعيل التغييرات.</text>
    <text name="Ok">موافق</text>
    <text name="Permission">إذونات</text>
    <text name="Role">دور</text>
    <text name="Security">الأمن</text>
    <text name="PasswordComplexity">تركيبه كلمة المرور</text>
    <text name="UseDefaultSettings">إستخدام الإعدادات الإفتراضية</text>
    <text name="PasswordComplexityNotSatisfied">تركيبه كلمة المرور غير صالحه.</text>
    <text name="YouAlreadySentAFriendshipRequestToThisUser">سبق وأن أضفت هذا المستخدم.</text>
    <text name="YouCannotBeFriendWithYourself">لا يمكنك مصادقة حسابك.</text>
    <text name="NewChatMessageEmail_Title">تفاصيل الرسالة</text>
    <text name="NewChatMessageEmail_SubTitle"></text>
    <text name="NewChatMessageEmail_Subject">توجد رسالة جديدة</text>
    <text name="Sender">المرسل</text>
    <text name="Message">الرسالة</text>
    <text name="UserBlocked">تم حظر المستخدم بنجاح.</text>
    <text name="UserUnblocked">تم رفع الحظر من المستخدم بنجاح.</text>
    <text name="BlockUser">حظر</text>
    <text name="UnblockUser">رفع الحظر</text>
    <text name="FriendshipRequestAccepted">تم قبول طلب الإضافة</text>
    <text name="UserSendYouAFriendshipRequest">أضافك {0}</text>
    <text name="Friends">أصدقاء</text>
    <text name="Others">أخرون</text>
    <text name="BlockedUsers">محظورين</text>
    <text name="YouDontHaveAnyFriend">لا يوجد أحد. قم بكتابة إسم المسنخدم بالأعلى ثم إضغط زر الإضافة.</text>
    <text name="YouDontHaveAnyBlockedFriend">لا يوجد محظورين. للحظر, إختر المستخدم ثم قم بإختيار حظر من قائمة الإجراءات.</text>
    <text name="ChatUserSearch_Hint">
      <![CDATA[
        للمستخدمين من نفس العميل ,إكتب إسم المتسخدم فقط <br>
       <strong>[اسم العميل]\[اسم المستخدم]</strong> للمستخدمين من عملاء آخرين <br><br>
       مثال: <br>
       .\admin -> للمشرف العام المضيف <br>
       Test\admin -> للمشرف العميل Test <br>
       admin -> للمشرف المحلي
       ]]>
    </text>
    <text name="AddFriend">أضف</text>
    <text name="TypeAMessageHere">اكتب رسالتك هنا...</text>
    <text name="Chat">دردشة</text>
    <text name="ChatFeature">دردشة</text>
    <text name="ChatFeatureIsNotEnabledForSender">لم يتم تمكين الدردشة لك.</text>
    <text name="ChatFeatureIsNotEnabledForReceiver">لم يتم تمكين الدردشة للعميل.</text>
    <text name="UserIsBlocked">المستخدم محظور.</text>
    <text name="ChatIsNotConnectedWarning">غير متصل بالدردشة.</text>
    <text name="Demo_SampleChatMessage">مرحبا، هذه رسالة اختبار. الرجاء الدخول بحسابي في متصفح آخر وتحقق من كيفية عمل ميزة الدردشة .</text>
    <text name="TenantToTenantChatFeatureIsNotEnabledForSender">لم يتم تمكين الدردشة لك مع العملاء الآخرين.</text>
    <text name="TenantToTenantChatFeatureIsNotEnabledForReceiver">لم يتم تمكين الدردشة للعميل مع العملاء الآخرين.</text>
    <text name="TenantToHostChatFeatureIsNotEnabledForSender">لم يتم تمكين الدردشة لك مع المضيف.</text>
    <text name="TenantToHostChatFeatureIsNotEnabledForReceiver">لم يتم تمكين الدردشة للعميل مع المضيف.</text>
    <text name="TenantToTenantChatFeature">الدردشة مع العملاء الآخرين</text>
    <text name="TenantToHostChatFeature">الدردشة مع المضيف</text>
    <text name="FilterByPermission">تصفية حسب الاذونات</text>
    <text name="FilterByRole">تصفية حسب الدور</text>
    <text name="FilterOrAddUser">تصفية\إضافة مستخدم</text>
    <text name="HangfireDashboard">Hangfire dashboard</text>
    <text name="CouldNotCompleteLoginOperation">تعذر إكمال عملية تسجيل الدخول.</text>
    <text name="UnAuthorizedOperation">عملية غير مصرح بها</text>
    <text name="YouAreNotAuthorizedToPerformThisOperation">غير مصرح لك بتنفيذ هذه العملية.</text>
    <text name="TargetUserNotFoundProbablyDeleted">لم يتم العثور على المستخدم المطلوب. من المحتمل تم حذفه.</text>
    <text name="UserLockedOutMessage">تم قفل حساب المستخدم. الرجاء معاودة المحاولة في وقت لاحق.</text>
    <text name="SendSecurityCode">إرسال رمز الأمان.</text>
    <text name="SendSecurityCode_Information">يجب التحقق من حسابك للدخول. الرجاء اختيار نوع التحقق. سيتم إرسال رمز على حسب نوع التحقق المحدد.</text>
    <text name="SendSecurityCodeErrorMessage">تعذر إرسال رمز الأمان!</text>
    <text name="VerifySecurityCodeNotLoggedInErrorMessage">يجب عليك تسجيل الدخول أولا، من أجل التحقق من حسابك! على الأرجح، تم تسجيل الخروج التلقائي. يرجى التوجه إلى صفحة تسجيل الدخول وإعادة المحاولة.</text>
    <text name="VerificationCode">رمز التحقق</text>
    <text name="VerifySecurityCode">التحقق من رمز الأمان</text>
    <text name="VerifySecurityCode_Information">الرجاء إدخال رمز التحقق المرسل إليك.</text>
    <text name="RememberThisBrowser">تذكر هذا المتصفح</text>
    <text name="InvalidSecurityCode">رمز الأمان غير صالح!</text>
    <text name="PhoneNumber">رقم الهاتف</text>
    <text name="Unlock">فتح القفل</text>
    <text name="UnlockedTheUser">فتح قفل المستخدم {0}</text>
    <text name="UserLockOut">قفل المستخدم</text>
    <text name="EnableUserAccountLockingOnFailedLoginAttempts">تمكين تأمين محاولات الدخول الفاشلة</text>
    <text name="MaxFailedAccessAttemptsBeforeLockout">الحد الأقصى لعدد المحاولات الفاشلة لتسجيل الدخول قبل قفل الحساب</text>
    <text name="DefaultAccountLockoutDurationAsSeconds">مدة قفل الحساب ( بالثواني)</text>
    <text name="TwoFactorLogin">توثيق تسجيل الدخول ذو عاملين</text>
    <text name="EnableTwoFactorLogin">تمكين توثيق تسجيل الدخول ذو عاملين.</text>
    <text name="IsEmailVerificationEnabled">تمكين التوثيق عن طريق البريد الإلكتروني.</text>
    <text name="IsSmsVerificationEnabled">تمكين التوثيق عن طريق الرسائل الهاتفية - أس أم أس.</text>
    <text name="AllowToRememberBrowserForTwoFactorLogin">السماح بتذكر المتصفح. إذا تم تمكين هذه، يمكن للمستخدم اختيار تذكر المتصفح لتخطي التوثيق ذوعاملين عند تسجيل الدخول بنفس المتصفح للمرة الثانية.</text>
    <text name="CurrentTenant">العميل الحالي</text>
    <text name="NotSelected">لم يتم اختياره</text>
    <text name="Change">تغيير</text>
    <text name="ChangeTenant">تغيير العميل</text>
    <text name="UnknownTenantId{0}">عميل غير معرّف رقم : {0}</text>
    <text name="TenantIdIsNotActive{0}">عميل غير نشط رقم : {0}</text>
    <text name="TimeoutPleaseTryAgain">نفذ الوقت! حاول مرة اخرى.</text>
    <text name="RemainingTime">الوقت المتبقي</text>
    <text name="SecondShort{0}">{0} ث</text>
    <text name="ResetCode">كود إعادة تعيين</text>
    <text name="IsTwoFactorEnabled">تمكين التوثيق ذو عاملين</text>
    <text name="IsLockoutEnabled">تمكين قفل الحسابات</text>
    <text name="IsLockoutEnabled_Hint">تم قفل حساب المستخدم لفترة من الوقت بعد كمية من محاولات الدخول الفاشلة.</text>
    <text name="TenantRegistrationLoginInfo">إضغط هنا لتسجيل الدخول</text>
    <text name="CouldNotValidateExternalUser">لم نتمكن من التحقق من صحة تسجيل دخول المستخدم الخارجي</text>
    <text name="LeaveEmptyToSwitchToHost">اتركه فارغا للتبديل إلى المضيف</text>
    <text name="PleaseWaitToConfirmYourEmailMessage">الرجاء الانتظار لحين تأكيد عنوان البريد الإلكتروني...</text>
    <text name="ChatIsConnecting">جاري الإتصال بالدردشة....</text>
    <text name="Note_RefreshPageForPermissionChanges">إذا كنت تقوم بتغيير الأذونات الخاصة بك، قد تحتاج لتحديث الصفحة (F5) لتصبح التغييرات نافذة المفعول على شاشتك!</text>
    <text name="ApplicationLogo">شعار التطبيق</text>
    <text name="CustomCSS">ملف Css خاص</text>
    <text name="Upload">رفع</text>
    <text name="Download">تحميل</text>
    <text name="UploadLogo_Info">إختر ملف JPG / JPEG / PNG / GIF  بحجم 30 KB  كحد أقصى و 139X35  بكسل.</text>
    <text name="UploadCSS_Info">إختر ملف CSS بحجم MB 1  كحد أقصى.</text>
    <text name="Browse">تصفَح</text>
    <text name="Appearance">المظهر</text>
    <text name="ClearedSuccessfully">مسح بنجاح</text>
    <text name="File_Empty_Error">الرجاء إختيار ملف !</text>
    <text name="File_SizeLimit_Error">حجم الملف يتجاوز الحدود المسموح بها !</text>
    <text name="File_Invalid_Type_Error">نوع الملف غير صالح !</text>
    <text name="MaximumUserCount">الحد الأقصى لعدد المستخدمين</text>
    <text name="MaximumUserCount_Description">0 = غير محدود</text>
    <text name="MaximumUserCount_Error_Message">وصلت إلى الحد الأقصى المسموح به للمستخدمين!</text>
    <text name="MaximumUserCount_Error_Detail">يسمح لهذا العميل {0} مستخدم بحد أقصى.</text>
    <text name="UnlockedTenandAdmin">تم إلغاء قفل المشرف {0}</text>
    <text name="Email">البريد الإلكتروني</text>
    <text name="EmailSecurityCodeSubject">رمز الحماية</text>
    <text name="EmailSecurityCodeBody">رمز الحماية هو: {0}</text>
    <text name="Sms">SMS - رسائل قصيرة</text>
    <text name="SmsSecurityCodeMessage">رمز الحماية هو: {0}</text>
    <text name="PasswordComplexity_RequireDigit_Hint">يجب أن تحتوي كلمات المرور على رقم واحد على الأقل ('0' - '9').</text>
    <text name="PasswordComplexity_RequireLowercase_Hint">يجب أن تحتوي كلمات المرور على حرف صغير واحد على الأقل ('a' - 'z').</text>
    <text name="PasswordComplexity_RequireNonAlphanumeric_Hint">يجب أن تحتوي كلمات المرور على حرف غير أبجدي وغير رقمي واحد على الأقل.</text>
    <text name="PasswordComplexity_RequireUppercase_Hint">يجب أن تحتوي كلمات المرور على حرف واحد كبير على الأقل ('A' - 'Z').</text>
    <text name="PasswordComplexity_RequiredLength_Hint">يجب أن تتكون كلمات المرور من {0} حرفا على الأقل.</text>
    <text name="PasswordComplexity_RequireDigit">تتطلب أرقام</text>
    <text name="PasswordComplexity_RequireLowercase">تتطلب أحرف صغيرة</text>
    <text name="PasswordComplexity_RequireNonAlphanumeric">تتطلب أحرف غير أبجدية وغير رقمية</text>
    <text name="PasswordComplexity_RequireUppercase">تتطلب أحرف كبيرة</text>
    <text name="PasswordComplexity_RequiredLength">العدد المطلوب من الأحرف</text>
    <text name="HostDashboardHeaderInfo">الإحصاءات العامة والأنشطة الأخيرة</text>
    <text name="DashboardSampleStatistics">عينة من الإحصاءات</text>
    <text name="DashboardSampleStatisticsHelpText">التقدم</text>
    <text name="NewTenants">عملاء جدد</text>
    <text name="NewSubscriptionAmount">مبلغ الاشتراك الجديد</text>
    <text name="Income">دخل</text>
    <text name="IncomeStatistics">إحصاءات الدخل</text>
    <text name="ChangeDateRange">تغيير النطاق الزمني</text>
    <text name="Daily">يومي</text>
    <text name="Weekly">إسبوعي</text>
    <text name="Monthly">شهري</text>
    <text name="DateFormatShort">MM.dd.yyyy</text>
    <text name="EditionStatistics">إحصاءات النسخة</text>
    <text name="SubscriptionExpiringTenants">عملاء بإشتراكات تنتهي</text>
    <text name="RemainingDay">الأيام المتبقية</text>
    <text name="SeeAllRecords">الجميع</text>
    <text name="RecentTenants">آخر العملاء</text>
    <text name="RecentTenantsHelpText">آخر {1} من العملاء المسجلين في {0} يوما ...</text>
    <text name="ExpiringTenantsHelpText">تنتهي صلاحية {1} من العملاء خلال {0} أيام ...</text>
    <text name="NoData">لايوجد بيانات</text>
    <text name="SubscriptionEndDate">تاريخ انتهاء الاشتراك</text>
    <text name="TenantNameOrTenancyCode">إسم العميل \ كود العميل</text>
    <text name="IncomeWithAmount">الدخل: {0}</text>
    <text name="Subscription">الاشتراكات</text>
    <text name="Extend">تمديد</text>
    <text name="Upgrade">ترقية</text>
    <text name="PaymentPeriodType">نوع فترة الدفع</text>
    <text name="PaymentInfo">معلومات الدفع</text>
    <text name="MonthlyPrice">السعر الشهري</text>
    <text name="AnnualPrice">السعر السنوي</text>
    <text name="StartUsingFree">بدء استخدام مجاني</text>
    <text name="TryIt">تجربة</text>
    <text name="Days">أيام</text>
    <text name="PerMonth">كل شهر</text>
    <text name="PerYear">كل سنة</text>
    <text name="TestCheckFeature">اختبار ميزة الاختيار</text>
    <text name="TestCheckFeature2">اختبار ميزة الاختيار 2</text>
    <text name="Unlimited">غير محدود</text>
    <text name="LatestPaymentAmount">أحدث مبلغ مدفوع</text>
    <text name="Payment">دفعات</text>
    <text name="Next">التالي</text>
    <text name="Start">بدء</text>
    <text name="FreeTrial">تجربة مجانية</text>
    <text name="BuyNow">اشتري الآن</text>
    <text name="WhatWillDoneAfterSubscriptionExpiry">ما الذي سيحدث بعد انتهاء صلاحية الاشتراك</text>
    <text name="DeactiveTenant">تعطيل العميل</text>
    <text name="AssignToAnotherEdition">تعيين إلى نسخة اخرى</text>
    <text name="SubscriptionPrice">سعر الإشتراك</text>
    <text name="Free">مجاني</text>
    <text name="Paid">مدفوع</text>
    <text name="IsTrialActive">يمكن التجربة</text>
    <text name="TrialDayCount">عدد أيام التجربة</text>
    <text name="WaitAfterSubscriptionExpireDate">انتظر بعد انتهاء صلاحية الاشتراك</text>
    <text name="WaitingDayAfterExpire">أيام الانتظار بعد انتهاء الصلاحية</text>
    <text name="DisplayOrder">DisplayOrder</text>
    <text name="Annual">سنوي</text>
    <text name="SubscriptionStartDate">تاريخ بدء الاشتراك</text>
    <text name="Pricing">التسعير</text>
    <text name="ClientIsRequestingYourPermission">{0} يطلب منك الإذن</text>
    <text name="ApplicationAccess">الوصول إلى التطبيق</text>
    <text name="RememberMyDecision">تذكر إختياري</text>
    <text name="Allow">السماح</text>
    <text name="DoNotAllow">لا تسمح</text>
    <text name="Your user identifier">معرف المستخدم</text>
    <text name="Required">مطلوب</text>
    <text name="User profile">ملف المستخدم</text>
    <text name="Your user profile information (first name, last name, etc.)">معلومات الملف الشخصي للمستخدم (الاسم الأول واسم العائلة وما إلى ذلك)</text>
    <text name="Your email address">عنوان بريدك الإلكتروني</text>
    <text name="Your phone number">رقم تليفونك</text>
    <text name="Your postal address">عنوانك البريدي</text>
    <text name="AllFunctionalityYouHaveInTheApplication">جميع الوظائف لديك في التطبيق</text>
    <text name="Default (all) API">الافتراضي (الكل) API</text>
    <text name="Offline Access">الوصول دون اتصال</text>
    <text name="Access to your applications and resources, even when you are offline">الوصول إلى التطبيقات والموارد الخاصة بك، حتى عندما لاتكون متصلا</text>
    <text name="Purchase">شراء</text>
    <text name="Trial">تجربة</text>
    <text name="IsDisabled">معطل</text>
    <text name="ChartDateFormat">%m/%d/%Y</text>
    <text name="ThereIsNoLoggedInUser">ليس هناك مستخدم مسجل.</text>
    <text name="IsInTrialPeriod">حاليا في الفترة التجريبية؟</text>
    <text name="FailedSubscriptionTerminations_Email_Subject">أخفاق في إنهاء الاشتراك</text>
    <text name="FailedSubscriptionTerminations_Email_Body">فشل إنهاء الاشتراك للعملاء التاليين {0} في {1}. يمكنك العثور على رسائل الخطأ المفصلة في سجلات النظام.</text>
    <text name="SubscriptionExpire_Email_Subject"> انتهت صلاحية اشتراك Middleware</text>
    <text name="SubscriptionExpire_Email_Body">انتهت صلاحية اشتراك Middleware في {0}.</text>
    <text name="UnlimitedTimeSubscription">اشتراك غير محدود</text>
    <text name="SubscriptionEndDateUtc">تاريخ انتهاء الاشتراك (التوقيت العالمي)</text>
    <text name="ExpiringEditionMustBeAFreeEdition">يجب أن تكون النسخة التي تنتهي صلاحيتها نسخة مجانية</text>
    <text name="ThisEditionIsUsedAsAnExpiringEdition">يتم استخدام هذه النسخة كنسخة تنتهي صلاحيتها لنسخة أخرى. إذا كنت تريد جعل هذه النسخة مدفوعة، يجب عليك أولا إزالتها من النسخ الأخرى.</text>
    <text name="UpgradedTo">تمت الترقية إلى النسخة {0}</text>
    <text name="ExtendedEdition">تم تمديد النسخة {0}</text>
    <text name="TrialSubscriptionNotification">أنت في الفترة التجريبية لنسخة {0}، {1} للشراء.</text>
    <text name="SubscriptionExpireNotification">سينتهي اشتراكك خلال {0} أيام.</text>
    <text name="TrialExpireNotification">ستنتهي الفترة التجريبية خلال {0} أيام.</text>
    <text name="CanNotUpgradeSubscriptionSinceTenantHasNoEditionAssigned">لا يمكن ترقية الاشتراك لأن العميل لم يعين نسخة.</text>
    <text name="PaymentCouldNotCompleted">تعذر إتمام الدفع</text>
    <text name="TenantEditionIsNotAssigned">لم يتم تعيين نسخة العميل</text>
    <text name="FreeEditionsCannotHaveTrialVersions">لا يمكن أن يكون للنسخ المجانية فترة تجريبية</text>
    <text name="Total">المجموع</text>
    <text name="Extend_Edition_Description">تمديد النسخة {0}</text>
    <text name="Upgrade_Edition_Description">ترقية الى النسخة {0}</text>
    <text name="PaymentMightBeExpiredWarning">من المحتمل ان وقت إتمام العملية قد نفذ, الرجاء الإتصال بنا إذا قمت بعملية الدفع.</text>
    <text name="GoToSubscriptionManagement">انتقل إلى الاشتراك</text>
    <text name="DemoPayPalAccount">حساب بايبال التجريبي</text>
    <text name="IsEnabled">مفعّل</text>
    <text name="IsGoogleAuthenticatorEnabled">تمكين أداة مصادقة غوغل</text>
    <text name="GoogleAuthenticatorReferrerLink">ألست متأكدا مما تعنيه هذه الشاشة؟ قد تحتاج إلى التحقق من ذلك </text>
    <text name="ScanQrCodeWithYourMobileApp">مسح رمز الاستجابة السريعة هذا مع تطبيق المحمول</text>
    <text name="Profile">الملف الشخصي</text>
    <text name="Enable">تفعيل</text>
    <text name="GoogleAuthenticatorIsNotEnabled">لم يتم تمكين أداة مصادقة غوغل لحسابك. يجب عليك أولا تمكينه في إعداداتك.</text>
    <text name="SubscriptionExpiringSoon_Email_Subject">إشعار انتهاء صلاحية اشتراك أبزيرتمبلات الخاص بك</text>
    <text name="SubscriptionExpiringSoon_Email_Body">سوف تنتهي صلاحية اشتراك أبزيروتيمبلات في {0}.</text>
    <text name="SubscriptionExpire_Title">تنتهي صلاحية اشتراك أبزيروتيمبلات</text>
    <text name="SubscriptionExpire_SubTitle">يتم إرسال هذا البريد الإلكتروني إليك لإعلامك بانتهاء صلاحية الاشتراك</text>
    <text name="SubscriptionAssignedToAnother_Email_Body">انتهت صلاحية اشتراك أبزيروتيمبلات في {1}. تم تعيين النسخة الحالية إلى {0}.</text>
    <text name="FailedSubscriptionTerminations_Title">فشل إنهاء الاشتراك</text>
    <text name="FailedSubscriptionTerminations_SubTitle">فشل إنهاء الاشتراك لبعض العملاء</text>
    <text name="SubscriptionExpiringSoon_Title">أبزيروتيمبلات إشعار انتهاء صلاحية الاشتراك</text>
    <text name="SubscriptionExpiringSoon_SubTitle">يتم إرسال هذا البريد الإلكتروني إليك لإعلامك بانتهاء صلاحية الاشتراك.</text>
    <text name="AdminRoleCannotRemoveFromAdminUser">لا يمكن إزالة دور المشرف من مستخدم المشرف</text>
    <text name="YouCannotRemoveUserRolePermissionsFromAdminRole">لا يمكنك إزالة إذن التعديل للمستخدم / للدور من دور المشرف</text>
    <text name="YouCannotRemoveUserRolePermissionsFromAdminUser">لا يمكنك إزالة إذن التعديل للمستخدم / للدور من مستخدم مشرف</text>
    <text name="Notification">إشعار</text>
    <text name="TotalRecordsCount">المجموع: {0}</text>
    <text name="SubscriptionInformation">معلومات الاشتراك</text>
    <text name="PaymentHistory">سجل الدفعات</text>
    <text name="Gateway">بوابة</text>
    <text name="Amount">قيمة</text>
    <text name="Status">حالة</text>
    <text name="Period">فترة</text>
    <text name="DayCount">عدد الأيام</text>
    <text name="LastModificationTime">آخر وقت التعديل</text>
    <text name="PaymentId">معرف الدفع</text>
    <text name="SubscriptionPaymentGatewayType_Paypal">Paypal</text>
    <text name="SubscriptionPaymentGatewayType_Stripe">Stripe</text>
    <text name="SubscriptionPaymentStatus_Completed">منجز</text>
    <text name="SubscriptionPaymentStatus_NotPaid">غير مدفوع</text>
    <text name="SubscriptionPaymentStatus_Paid">مدفوع</text>
    <text name="SubscriptionPaymentStatus_Failed">فشل</text>
    <text name="SubscriptionPaymentStatus_Cancelled">ملغى</text>
    <text name="PaymentPeriodType_Annual">سنوي</text>
    <text name="PaymentPeriodType_Daily">يومي</text>
    <text name="PaymentPeriodType_Monthly">شهري</text>
    <text name="PaymentPeriodType_Weekly">اسبوعي</text>
    <text name="ProcessTime">وقت المعالجة</text>
    <text name="SmsVerificationEnabled">تم تمكين التحقق من رقم الهاتف (عبر الرسائل القصيرة )</text>
    <text name="SmsVerificationMessage">رمز التحقق: {0}</text>
    <text name="Verify">التحقق</text>
    <text name="YourCode">رمزك</text>
    <text name="VerifyYourCode">تحقق من الرمز</text>
    <text name="YourPhoneNumberIsVerified">تم التحقق من رقم هاتفك</text>
    <text name="YourPhoneNumberIsNotVerified">لم يتم التحقق من رقم هاتفك</text>
    <text name="WrongSmsVerificationCode">رمز التحقق غير صحيح!</text>
    <text name="SelectUsers">حدد المستخدمين</text>
    <text name="OrganizationUnits">الوحدات التنظيمية</text>
    <text name="YouCanManageUsersOrganizationUnitsFromOrganizationUnitsPage">يمكنك إدارة وحدات التنظيم من صفحة الوحدات التنظيمية.</text>
    <text name="DemoUiComponents">مكونات واجهة المستخدم التجريبية</text>
    <text name="DateAndTimePickers">إختيار التاريخ و الوقت</text>
    <text name="FileUpload">تحميل الملف</text>
    <text name="PostedValue">القيمة المنشورة</text>
    <text name="SelectDate">حدد تاريخ</text>
    <text name="SelectFile">حدد الملف</text>
    <text name="UploadedFile">الملف المحمَل</text>
    <text name="PostedData">البيانات المنشورة</text>
    <text name="Remove">إزالة</text>
    <text name="OrganizationUnitNotFoundForThisUser">لا توجد وحدة تنظيمية لهذا المستخدم.</text>
    <text name="DemoUiComponents_Info">
      This page shows a few useful UI components those can be used in your application.
      Components in this page are implemented as full stack (includes the server side).
    </text>
    <text name="DemoUiComponents_Info_Metronic_Link_Text">Check Metronic theme for more UI components</text>
    <text name="Image">صورة</text>
    <text name="File">ملف</text>
    <text name="Link">رابط</text>
    <text name="Billing">فواتير</text>
    <text name="LegalName">الإسم القانوني</text>
    <text name="Address">عنوان</text>
    <text name="Tax/VatNo">ضريبة / رقم ضريبة القيمة المضافة </text>
    <text name="Invoice">فاتورة</text>
    <text name="TotalAmount">المبلغ الإجمالي</text>
    <text name="Print">طباعة</text>
    <text name="ShowInvoice">عرض الفاتورة</text>
    <text name="InvoiceInformation">معلومات الفاتورة</text>
    <text name="InvoiceNo">رقم الفاتورة</text>
    <text name="Date">التاريخ</text>
    <text name="ThisInvoiceIsNotYours">هذه الفاتورة ليست لك!</text>
    <text name="UiCustomizationHeaderInfo">تغيير مظهر واجهة المستخدم</text>
    <text name="UiCustomization_Layout">التصميم</text>
    <text name="UiCustomization_LayoutType">نوع التصميم</text>
    <text name="UiCustomization_Fluid">سلس</text>
    <text name="UiCustomization_Boxed">مربع</text>
    <text name="UiCustomization_Disabled">معطّل</text>
    <text name="UiCustomization_Default">إفتراضي</text>
    <text name="UiCustomization_SpinnerMessage">رسالة المحمّل</text>
    <text name="UiCustomization_ContentSkin">تصميم المحتوى</text>
    <text name="UiCustomization_LightGrey">رمادي فاتح</text>
    <text name="UiCustomization_White">أبيض</text>
    <text name="UiCustomization_DesktopFixedHeader">رأس ثابت</text>
    <text name="UiCustomization_None">لايوجد</text>
    <text name="UiCustomization_Hide">مخفي</text>
    <text name="UiCustomization_MobileFixedHeader">رأس ثابت</text>
    <text name="UiCustomization_DisplayHeaderMenu">عرض رأس الصفحة</text>
    <text name="UiCustomization_Light">فاتح</text>
    <text name="UiCustomization_Dark">داكن</text>
    <text name="UiCustomization_DropdownSkin">تصميم القائمة المنسدلة</text>
    <text name="UiCustomization_Menu">القائمة</text>
    <text name="UiCustomization_MenuPosition">الموضع</text>
    <text name="UiCustomization_Left">يسار</text>
    <text name="UiCustomization_Top">فوق</text>
    <text name="UiCustomization_MenuSkin">تصميم القائمة</text>
    <text name="UiCustomization_FixedMenu">قائمة ثابتة</text>
    <text name="UiCustomization_AllowAsideMinimizing">السماح بتقليل الجانب</text>
    <text name="UiCustomization_DefaultMinimizedAside">الجانب مقلّل افتراضيا</text>
    <text name="UiCustomization_AllowAsideHiding">السماح بغلق الجانب</text>
    <text name="UiCustomization_DropdownSubmenuSkin">تصميم القائمة المنسدلة</text>
    <text name="UiCustomization_Inherit">موروث</text>
    <text name="UiCustomization_Footer">الهامش</text>
    <text name="UiCustomization_FixedFooter">هامش ثابت</text>
    <text name="UiCustomization_PushFooter">هامش مدفوع</text>
    <text name="UiCustomization_Header">قائم الرأس</text>
    <text name="UiCustomization_Theme">التصميم</text>
    <text name="VisualSettings">إعدادات بصرية</text>
    <text name="SaveAsSystemDefault">حفظ كخيار افتراضي للنظام</text>
    <text name="UseSystemDefaults">استخدام الإعدادات الافتراضية للنظام</text>
    <text name="NewNotifications">إشعارات جديدة</text>
    <text name="Subscriptions">الاشتراكات</text>
    <text name="UiCustomization_DefaultHiddenAside">الجانب مخفي افتراضيا</text>
    <text name="LoadWithThreeDot">جار التحميل...</text>
    <text name="NoInternetConnection">أنت غير متصل حاليا بالإنترنت</text>
    <text name="Warning">تحذير</text>
    <text name="RequestTimedOut">انتهت مهلة طلبك، الرجاء إعادة المحاولة لاحقا.</text>
    <text name="AnErrorOccurred">لقد حدث خطأ، رجاء أعد المحاولة لاحقا.</text>
    <text name="AnHttpErrorOccured">حدث خطأ أثناء الاتصال بالخادم.</text>
    <text name="ChangePasswordToLogin">يجب تغيير كلمة المرور قبل تسجيل الدخول!</text>
    <text name="NoPermission">ليس لديك أي إذن. تواصل مع مشرف النظام.</text>
    <text name="NoCamera">لم يتم العثور على كاميرا متاحة!</text>
    <text name="PickFromGallery">اختيار من المعرض</text>
    <text name="TakePhoto">التقاط صورة</text>
    <text name="Rotate">استدارة</text>
    <text name="PasswordsDontMatch">كلمة المرور غير مطابقة!</text>
    <text name="RequiredField">حقل {0} مطلوب.</text>
    <text name="StringLengthDoesntMatch">يجب أن يكون {0} كحد ادنى {1} وحد اقصى {2}.</text>
    <text name="LessThanMinStringLength"> {0} يجب أن يكون كحد ادنى {1}.</text>
    <text name="InvalidPhoneNumber"> {0} ليس رقم هاتف صالحا</text>
    <text name="InvalidRegularExpression"> {0} غير صالح.</text>
    <text name="LengthNotInRange">يجب أن يكون طول {0} بين {1} و {2}.</text>
    <text name="UiCustomization_Mobile">موبايل</text>
    <text name="UiCustomization_Desktop">كمبيوتر</text>
    <text name="TwoFactorLoginIsNotSupported">لا يتم اعتماد تسجيل دخول العاملين حاليا!</text>
    <text name="LinkToCurrentPage">رابط الصفحة الحالية</text>
    <text name="ThisFieldIsRequired">هذه الخانة مطلوبه.</text>
    <text name="PleaseEnterAtLeastNCharacter">الرجاء إدخال {0} حرفا على الأقل.</text>
    <text name="PleaseEnterNoMoreThanNCharacter">الرجاء إدخال أكثر من {0} حرفا.</text>
    <text name="SelectTwoFactorProvider">اختر مزود التوثيق ذو العاملين</text>
    <text name="InvoiceInfoIsMissingOrNotCompleted">معلومات الفاتورة غير متوفرة أو غير مكتملة</text>
    <text name="InvoiceTo">فاتورة</text>
    <text name="OperationLogs">سجلات التشغيل</text>
    <text name="ChangeLogs">سجلات التحريرات</text>
    <text name="Object">Object</text>
    <text name="Property">Property</text>
    <text name="OriginalValue">القيمة الأصلية</text>
    <text name="NewValue">القيمة الجديدة</text>
    <text name="Detail">تفاصيل</text>
    <text name="CreatedAtByUser"><![CDATA[تم الإنشاء في <b> {0} </ b> بواسطة <b> {1} </ b>]]></text>
    <text name="SIAML.Middleware.MultiTenancy.Tenant">العميل</text>
    <text name="Abp.Organizations.OrganizationUnit">الوحدة التنظيمية</text>
    <text name="Search">بحث</text>
    <text name="Pin">تثبيت</text>
    <text name="TopMenu">القائمة العلوية</text>
    <text name="LeftMenu">القائمة الجانبية</text>
    <text name="UserAccounts">حسابات المستخدمين</text>
    <text name="Blue">أزرق</text>
    <text name="Green">أخضر</text>
    <text name="Pink">وردي</text>
    <text name="Yellow">أصفر</text>
    <text name="UiCustomization_HeaderSkin">التصميم</text>
    <text name="TenantsCannotCreateLanguage">العملاء لايمكنهم إنشاء لغة.</text>
    <text name="Toggle">تبديل</text>
    <text name="UserAccount">حساب المستخدم</text>
    <text name="Expand">مدّد</text>
    <text name="Attach">إرفاق</text>
    <text name="Collapse">قلّص</text>
    <text name="AllOfThesePermissionsMustBeGranted">لم يتم منح الأذونات المطلوبة. يجب منح جميع هذه الأذونات: {0}</text>
    <text name="AtLeastOneOfThesePermissionsMustBeGranted">لم يتم منح الأذونات المطلوبة. يجب منح واحدة على الأقل من هذه الأذونات: {0}</text>
    <text name="OnlyLockedUsers">فقط المستخدمين المقفلين</text>
    <text name="DefaultFromSenderEmailAddress">العنوان الافتراضي للبريد الالكتروني للمرسل</text>
    <text name="DefaultFromSenderDisplayName">الإسم الافتراضي للمرسل</text>
    <text name="DefaultLanguage">اللغة الافتراضيه</text>
    <text name="CurrentUserDidNotLoginToTheApplication">المستخدم الحالي لم يقم بتسجيل الدخول إلى النظام!</text>
    <text name="MainMenu">الرئيسية</text>
    <text name="IncorrectImageFormat">نوع ملف الصورة غير صحيح!</text>
    <text name="NotificationDeleteWarningMessage">سيتم حذف هذا الإشعار</text>
    <text name="ProcessingWithThreeDot">قيد التنفيذ...</text>
    <text name="ThereIsNoSuchImageFileWithGivenToken">لم نعثر على صورة بالرمز المطلوب</text>
    <text name="YouAreNotLinkedToAnyAccount">أنت غير مرتبط بأي حساب</text>
    <text name="DownloadCollectedData">تحميل البيانات التي تم جمعها</text>
    <text name="GdprDataPrepareStartedNotification">نحن نعد بياناتك. سيتم إخطارك عند الإنتهاء من إعداد بياناتك.</text>
    <text name="GdprDataPreparedNotificationMessage">تم إعداد بياناتك ، انقر هنا للتنزيل.</text>
    <text name="ChatMessage_From">من</text>
    <text name="ChatMessage_To">الى</text>
    <text name="ReadState">مقروء</text>
    <text name="You">أنت</text>
    <text name="Anonymous">مجهول</text>
    <text name="Messages">رسائل</text>
    <text name="ThisNotificationDoesntBelongToYou">هذا الإشعار ليس لك.</text>
    <text name="CookieConsent_Message">يستخدم هذا الموقع ملفات تعريف الارتباط لضمان حصولك على أفضل تجربة.</text>
    <text name="CookieConsent_Dismiss">موافق!</text>
     <text name="UiCustomization_Wide">واسع</text>
    <text name="SIAML.Middleware.Authorization.Roles.Role">دور</text>
    <text name="History">تاريخ</text>
    <text name="IsCookieConsentEnabled">تمكين: الموافقة على ملفات تعريف الارتباط</text>
    <text name="CookieConsent">موافقة ملفات تعريف الارتباط</text>
    <text name="AutomaticallyBillMyAccount">فوتر حسابي تلقائيا</text>
    <text name="CheckoutWithStripe">ادفع باستعمال سترايب</text>
    <text name="CheckoutWithPaypal">ادفع باستعمال باي بال</text>
    <text name="DisableRecurringPayments">لا تفوتر حسابي تلقائيا</text>
    <text name="EnableRecurringPayments">تمكين المدفوعات المتكررة</text>
    <text name="ExpiringEdition">النسخه المنتهية</text>
    <text name="Price">سعر</text>
    <text name="ThereAreTenantsSubscribedToThisEdition">هناك عملاء مشتركون في هذه النسخه. يرجى تعيين نسخه مختلفه لهم ثم حذف هذه النسخه.</text>
    <text name="MoveTenantsToAnotherEdition">نقل العملاء إلى نسخه أخرى</text>
    <text name="TenantsMovedToEditionNotificationMessage">تم نقل جميع العملاء للنسخه {sourceEditionName} إلى النسخه {targetEditionName}.</text>
    <text name="MoveTenantsOfEdition">نقل العملاء إلى النسخه</text>
    <text name="MoveTenantsOfEditionDescription">{0} سيتم نقل العملاء</text>
    <text name="MoveTenantsToAnotherEditionStartedNotification">نحن ننقل العملاء إلى النسخه المختارة. سيتم إعلامك عند اكتمال العملية.</text>
    <text name="BuyNow_Edition_Description">{0} نسخه</text>
    <text name="NewRegistration_Edition_Description">{0} نسخه</text>
    <text name="Item">مادة</text>
    <text name="RecurringSubscriptionUpgradeNote">سيتم فرض رسوم على فرق السعر بين نسختك الحالية والنسخه المرتقى لها.</text>
    <text name="Theme_Default">إفتراضي</text>
    <text name="Theme_Theme1">تصميم  1</text>
    <text name="Theme_Theme2">تصميم  2</text>
    <text name="Theme_Theme3">تصميم  3</text>
    <text name="Theme_Theme4">تصميم  4</text>
    <text name="Theme_Theme5">تصميم  5</text>
    <text name="Theme_Theme6">تصميم  6</text>
    <text name="Theme_Theme7">تصميم  7</text>
    <text name="Theme_Theme8">تصميم  8</text>
    <text name="Theme_Theme9">تصميم  9</text>
    <text name="Theme_Theme10">تصميم  10</text>
    <text name="Theme_Theme11">تصميم  11</text>
    <text name="Theme_Theme12">تصميم  12</text>
    <text name="SelectATheme">اختر تصميم</text>
    <text name="QuickThemeSelection">الاختيار السريع للتصميم</text>
    <text name="IsQuickThemeSelectEnabled">هل الاختيار السريع للتصاميم مفعّل</text>
    <text name="EmailMessage_CopyTheLinkBelowToYourBrowser">إذا لم يعمل الزر أعلاه ، فقم بنسخ الرابط في متصفح الانترنت:</text>
    <text name="AddRole">أضف دور</text>
    <text name="SelectRoles">إختر الادوار</text>
    <text name="SelectARole">إختر دور</text>
    <text name="SelectAnOrganizationUnitToSeeRoles">اختر وحدة تنظيمية لعرض الأدوار</text>
    <text name="RemoveRoleFromOuWarningMessage">هل أنت متأكد من إزالة الدور {0} من الوحدة التنظيمية {1}؟</text>
    <text name="ManagingRoles">إدارة الأدوار</text>
    <text name="UiCustomization_LayoutFixedContent">محتوى ثابت (أجهزة الكمبيوتر)</text>
    <text name="UiCustomization_LayoutMobileFixedContent">محتوى ثابت (الجوال)</text>
    <text name="ExcelOperations">عمليات إكسل</text>
    <text name="ImportFromExcel">استيراد من إكسل</text>
    <text name="ExportToExcel">تصدير الى إكسل</text>
    <text name="ImportToExcelSampleFileDownloadInfo">{0} لتنزيل نموذج ملف الاستيراد.</text>
    <text name="ImportUsersProcessStart">بدأت عملية استيراد المستخدم.</text>
    <text name="ImportUsersUploadFailed">فشلت عملية استيراد المستخدم.</text>
    <text name="AllUsersSuccessfullyImportedFromExcel">اكتملت عملية استيراد المستخدم بنجاح. تم استيراد جميع المستخدمين في الملف.</text>
    <text name="FileCantBeConvertedToUserList">فشلت عملية استيراد المستخدم. الملف غير صالح.</text>
    <text name="{0}IsInvalid">"{0}" غير صالح</text>
    <text name="Exception">خطأ</text>
    <text name="InvalidUserImports">استيراد المستخدم غير صالح</text>
    <text name="ClickToSeeInvalidUsers">اكتملت عملية استيراد المستخدم. هناك بعض البيانات غير الصحيحة. انقر لرؤية واردات المستخدم الغير صالحة.</text>
    <text name="YouAreAlreadyLoggedInWithUser">لقد قمت بالفعل بتسجيل الدخول بهذا المستخدم</text>
    <text name="RequiresPasswordChange">يتطلب تغيير كلمة المرور</text>
    <text name="RequiresTwoFactorAuth">يتطلب عامل التوثيق</text>
    <text name="Online">متصل</text>
    <text name="Offline">غير متصل</text>
    <text name="Reply">رد</text>
    <text name="UiCustomization_FixedSubHeader">العنوان الفرعي ثابت</text>
    <text name="UiCustomization_SubHeaderStyle">نمط العنوان الفرعي</text>
    <text name="UiCustomization_SubHeaderStyle_Solid">Solid</text>
    <text name="UiCustomization_SubHeaderStyle_Transparent">Transparent</text>
    <text name="UiCustomization_SubmenuToggle">القائمة الفرعية</text>
    <text name="UiCustomization_SubmenuToggle_Accordion">Accordion</text>
    <text name="UiCustomization_SubmenuToggle_Dropdown">Dropdown</text>
    <text name="UiCustomization_SubHeader">الرأس الفرعي</text>
    <text name="UiCustomization_Fixed">ثابت</text>
    <text name="UiCustomization_HeaderMinimizeType">Header minimize type</text>
    <text name="UiCustomization_HeaderMinimizeType_All">Topbar and Menu</text>
    <text name="UiCustomization_HeaderMinimizeType_Topbar">Topbar</text>
    <text name="UiCustomization_HeaderMinimizeType_Menu">Menu</text>
    <text name="UiCustomization_HeaderMenuArrows">Menu arrows</text>
    <text name="InvalidPattern">غير صالح</text>
    <text name="SwitchToTenant">التبديل إلى العميل</text>
    <text name="TenancyNameRequired">اسم العميل مطلوب!</text>
    <text name="EnterTenancyName">أدخل اسم العميل ...</text>
    <text name="SwitchToTheTenant">التبديل إلى العميل</text>
    <text name="SwitchToTheHost">التبديل إلى المضيف</text>
    <text name="DeleteListedNotifications">حذف الإشعارات المدرجة</text>
    <text name="DeleteListedNotificationsWarningMessage">سيتم حذف جميع الإشعارات المدرجة.</text>
    <text name="YourSessionIsAboutToExpire">جلستك على وشك الانتهاء</text>
    <text name="SessionExpireRedirectingInXSecond">ستنتهي مدة جلستك لأنك لم تكن نشطًا لفترة طويلة. عند أي إدخال للفأرة أو لوحة المفاتيح على الموقع سيتم إيقاف إنهاء الجلسة. إعادة التوجيه خلال {0} ثانية.</text>
    <text name="SessionTimeOut">التحكم في مهلة الجلسة</text>
    <text name="IsSessionTimeOutEnabled">تمكين التحكم في مهلة الجلسة</text>
    <text name="SessionTimeOutSecond">المهلة بالثانية.</text>
    <text name="ShowTimeOutNotificationSecond">وقت انتظار العد التنازلي (بالثواني)</text>
    <text name="OneConcurrentLoginPerUser">تسجيل دخول متزامن ,واحد فقط لكل مستخدم</text>
    <text name="OneConcurrentLoginPerUserActive">تعطيل تسجيل الدخول المتزامن للمستخدم. إذا قام المستخدم بتسجيل الدخول بجهاز ثانٍ ، يتم إغلاق الجلسة الأولى تلقائيًا.</text>
    <text name="Disable">تعطيل</text>
    <text name="UseCaptchaOnLogin">استخدم سؤال صورة الأمان (captcha) عند تسجيل الدخول.</text>
    <text name="XCountPermissionFiltered">إذن {0} تم تصفية.</text>
    <text name="SelectPermissions">اختر ألاذونات</text>
    <text name="DailyPrice">السعر اليومي</text>
    <text name="WeeklyPrice">السعر الاسبوعي</text>
    <text name="PerDay">في اليوم</text>
    <text name="PerWeek">في الاسبوع</text>
    <text name="ThereIsNoEditionToUpgrade">لا توجد نسخة للترقية</text>
    <text name="RoleIsInheritedFromOrganizationUnit">هذا الدور موروث من إحدى الوحدات التنظيمية للمستخدم</text>
    <text name="AddWidget">إضافة قطعة</text>
    <text name="AddPage">إضافة صفحة</text>
    <text name="PageName">اسم الصفحة</text>
    <text name="NewPage">صفحة جديدة</text>
    <text name="DeletePage">حذف الصفحة</text>
    <text name="RenamePage">إعادة تسمية الصفحة</text>
    <text name="NewPageName">اسم الصفحة الجديدة</text>
    <text name="PageNewName">الاسم الجديد للصفحة</text>
    <text name="EditMode">وضع التحرير</text>
    <text name="PageDeleteWarningMessage">هل أنت متأكد من إزالة صفحة "{0}"؟</text>
    <text name="WidgetDeleteWarningMessage">هل أنت متأكد من إزالة القطعة "{0}" من صفحة "{1}"؟</text>
    <text name="NoWidgetAvailableMessage">لا يوجد قطعة متاحة!</text>
    <text name="ThereIsNoViewConfigurationForX">لا توجد إعدادات العرض لـ {0}</text>
    <text name="UnknownDashboard">لوحة قيادة غير معروفة: {0}.</text>
    <text name="FilterDateRangePicker">نطاق التاريخ</text>
    <text name="WidgetDailySales">المبيعات اليومية</text>
    <text name="WidgetGeneralStats">إحصائيات عامة</text>
    <text name="WidgetProfitShare">حصة الأرباح</text>
    <text name="WidgetMemberActivity">نشاط الأعضاء</text>
    <text name="WidgetRegionalStats">إحصائيات إقليمية</text>
    <text name="WidgetSalesSummary">ملخص المبيعات</text>
    <text name="WidgetTopStats">الملخص العام</text>
    <text name="WidgetIncomeStatistics">إحصاءات الدخل</text>
    <text name="WidgetEditionStatistics">إحصائيات النسخ</text>
    <text name="WidgetSubscriptionExpiringTenants">عملاء تنتهي إشتراكاتهم</text>
    <text name="WidgetRecentTenants">العملاء الجدد</text>
    <text name="BackToDefaultPage">العودة إلى الافتراضي</text>
    <text name="BackToDefaultPageWarningMessage">هل أنت متأكد من إزالة صفحة "{0}" والعودة إلى الوضع الافتراضي؟</text>
    <text name="DashboardFilters">فلاتر لوحة القيادة</text>
    <text name="PageNameCanNotBeEmpty">لا يمكن أن يكون اسم الصفحة فارغًا.</text>
    <text name="ShowMenuSearchInput">إظهار شريط البحث في القائمة</text>
    <text name="veryWeak">ضعيف جدا</text>
    <text name="weak">ضعيف</text>
    <text name="normal">عادي</text>
    <text name="medium">متوسط</text>
    <text name="strong">قوي</text>
    <text name="veryStrong">قوي جدا</text>
    <text name="QuickNav">الإنتقال السريع</text>
    <text name="AutomaticBilling">الفواتير التلقائية</text>
    <text name="ThereIsNoStripeSessionIdOnPayment">تعذر العثور على معلومات جلسة Stripe لمعاملة الدفع.</text>
    <text name="ReceivingPaymentResult">تلقي نتيجة الدفع.</text>
    <text name="ThankYou">شكرا جزيلا</text>
    <text name="PleaseWait">أرجو الإنتظار</text>
    <text name="YourPaymentHasBeenCompleted">تم الانتهاء من الدفع.</text>
    <text name="ExternalPaymentId">كود الدفع الخارجي</text>
    <text name="CostOfProration">فرق السعر خلال هذه الفترة</text>
    <text name="WebhookEvent">Webhook Event</text>
    <text name="Webhooks">Webhooks</text>
    <text name="WebhookSubscriptions">Webhook Subscriptions</text>
    <text name="WebhookSubscriptionsInfo">Webhook Subscription Info</text>
    <text name="AddNewWebhookSubscription">Add New Webhook Subscription</text>
    <text name="EditWebhookSubscription">Edit Webhook Subscription</text>
    <text name="WebhookEvents">Webhook Events</text>
    <text name="IsActive">مغعّل</text>
    <text name="WebhookEventDetail">Webhook Event Detail</text>
    <text name="Data">البيانات</text>
    <text name="WebhookSendAttempts">Webhook Send Attempts</text>
    <text name="HttpStatusCode">Http Status Code</text>
    <text name="Response">Response</text>
    <text name="Disabled">معطّل</text>
    <text name="WebhookEndpoint">Webhook Endpoint</text>
    <text name="AdditionalWebhookHeaders">Additional Webhook Headers</text>
    <text name="WebhookSecret">Webhook Secret</text>
    <text name="ViewWebhookSecret">View Webhook Secret</text>
    <text name="HeaderKey">Header Key</text>
    <text name="HeaderValue">Header Value</text>
    <text name="WebhookEventId">Webhook Event Id</text>
    <text name="WebhookEventWillBeSendWithSameParameters">Webhook event will be send with same parameters</text>
    <text name="WebhookSendAttemptInQueue">Webhook send attempt processing queued. The process will be carried out as soon as possible.</text>
    <text name="DeactivateSubscriptionWarningMessage">Webhook subscription will be deactivated and your endpoint will no longer get webhooks</text>
    <text name="ActivateSubscriptionWarningMessage">Webhook subscription will be activated and your endpoint will get related webhooks</text>
    <text name="SuccessfullyDeactivated">تم إلغاء تفعيله بنجاح</text>
    <text name="SuccessfullyActivated">تم تفعيلها بنجاح</text>
    <text name="Deactivate">إلغاء تفعيل</text>
    <text name="Activate">تفعيل</text>
    <text name="HeaderKeyAndValueCanNotBeNull">Header key and value can not be null</text>
    <text name="HeaderKeysMustBeUnique">Header keys must be unique</text>
    <text name="ViewWebhookEvent">View Webhook Event</text>
    <text name="GoToSubscription">الذهاب إلى الاشتراك</text>
    <text name="WebhookSubscriptionDetail">Webhook subscription detail</text>
    <text name="Resend">إعادة إرسال</text>
    <text name="YouHaveToSubscribeToTestWebhookToReceiveTestEvent">You have to subscribe to test webhook to receive test event</text>
    <text name="CreatingWebhooks">Creating new webhook</text>
    <text name="EditingWebhooks">Editing webhook</text>
    <text name="ChangingWebhookActivity">Activate/Deactivate webhook</text>
    <text name="DetailingSubscription">See webhook detail page</text>
    <text name="ListingSendAttempts">Listing webhook send attempt history</text>
    <text name="ResendingWebhook">Resending a webhook</text>
    <text name="Add">أضف</text>
    <text name="ShowResponse">Show Response</text>
    <text name="ShowData">عرض البيانات</text>
    <text name="GoToLoginPage">انتقل إلى صفحة تسجيل الدخول</text>
    <text name="ShowLockScreenWhenTimedOut">إظهار قفل الشاشة عند انتهاء المهلة</text>
    <text name="YourSessionIsLocked">الجلسة مغلقة</text>
    <text name="WebhookSubscriptionId">Webhook Subscription Id</text>
    <text name="ParameterName">اسم الحقل</text>
    <text name="InputType">نوع الإدخال</text>
    <text name="Values">قيم</text>
    <text name="Value">قيمة</text>
    <text name="SelectAPermission">حدد إذن</text> 
    <text name="EntityFullName">الاسم الكامل للكيان</text>
    <text name="SelectAnEntity">حدد كيان</text>
    <text name="EntityRowId">معرف صف الكيان - Row Id</text>
    <text name="DynamicEntityParameters">حقول الكيان الديناميكي</text>
    <text name="XCanNotBeNullOrEmpty">{0} لا يمكن أن يكون فارغًا</text>
    <text name="DeleteDynamicPropertyMessage">Dynamic parameter and its relationships will be deleted completely. (This cannot be undo!)</text>
    <text name="DeleteDynamicPropertyValueMessage">Dynamic parameter value and its relationships will be deleted completely. (This cannot be undo!)</text>
    <text name="DynamicEntityPropertyValues">Dynamic Entity Property Values</text>
    <text name="CreatingDynamicProperties">Creating Dynamic Properties</text>
    <text name="EditingDynamicProperties">Editing Dynamic Properties</text>
    <text name="DeletingDynamicProperties">Deleting Dynamic Properties</text>
    <text name="DynamicPropertyValue">Dynamic Property Value</text>
    <text name="CreatingDynamicPropertyValue">Creating Dynamic Property Value</text>
    <text name="EditingDynamicPropertyValue">Editing Dynamic Property Value</text>
    <text name="DeletingDynamicPropertyValue">Deleting Dynamic Property Value</text>
    <text name="CreatingDynamicEntityProperties">Creating Entity Dynamic Properties</text>
    <text name="EditingDynamicEntityProperties">Editing Entity Dynamic Properties</text>
    <text name="DeletingDynamicEntityProperties">Deleting Entity Dynamic Properties</text>
    <text name="EntityDynamicPropertyValue">Entity Dynamic Property Value</text>
    <text name="CreatingDynamicEntityPropertyValue">Creating Entity Dynamic Property Value</text>
    <text name="EditingDynamicEntityPropertyValue">Editing Entity Dynamic Property Value</text>
    <text name="DeletingDynamicEntityPropertyValue">Deleting Entity Dynamic Property Value</text>
    <text name="UnknownEntityType">نوع كيان غير معروف {0}</text>
    <text name="TrialWithoutEndDateErrorMessage">يجب أن يكون للحسابات التجريبية تاريخ انتهاء الاشتراك</text>
    <text name="ManageUserDelegations">إدارة التفويضات</text>
    <text name="UserDelegations">تفويضات المستخدم</text>
    <text name="DelegateNewUser">تفويض مستخدم جديد</text>
    <text name="StartTime">وقت البداية</text>
    <text name="EndTime">وقت النهاية</text>
    <text name="UserDelegationDeleteWarningMessage">سيتم حذف تفويض المستخدم {0}.</text>
    <text name="SwitchToDelegatedUserWarningMessage">هل أنت متأكد من التبديل إلى المستخدم {0}؟</text>
    <text name="SwitchToUser">التبديل إلى المستخدم</text>
    <text name="ExpiresAt">تنتهي في {0}</text>
    <text name="ThereIsNoActiveUserDelegationBetweenYourUserAndCurrentUser">لا يوجد تفويض مستخدم نشط بينك وبين المستخدم الحالي!</text>
    <text name="Parameter">Parameter</text>
    <text name="Entity">Entity</text>
    <text name="Definitions">Definitions</text>
    <text name="EntityId">Entity Id</text>
    <text name="SelfUserDelegationErrorMessage">لا يمكنك تفويض الإذن لنفسك!</text>
    <text name="Severity">خطورة</text>
    <text name="Fatal">مهلك</text>
    <text name="Info">معلومات</text>
    <text name="AppId">معرف التطبيق</text>
    <text name="AppSecret">سر التطبيق</text>
    <text name="ClientId">معرف العميل</text>
    <text name="ClientSecret">سر العميل</text>
    <text name="UserInfoEndpoint">نقطة نهاية معلومات المستخدم</text>
    <text name="ConsumerKey">مفتاح المستهلك</text>
    <text name="ConsumerSecret">سر المستهلك</text>
    <text name="Show">إظهار</text>
    <text name="ExternalLoginSettings">إعدادات تسجيل الدخول الخارجية</text>
    <text name="UseHostSettings">استخدم إعدادات المضيف</text>
    <text name="Hide">إخفاء</text>
    <text name="OpenIdClaimsCleanListToRevertToDefaultClaimsMessage">تنظيف القائمة للعودة إلى المطالبات الافتراضية</text>
    <text name="ClaimsMapping">تخطيط المطالبات</text>
    <text name="ValidateIssuer">التحقق من مصدر الإصدار</text>
    <text name="Authority">السلطة</text>
    <text name="ClaimKey">مفتاح المطالبة</text>
    <text name="ClaimValue">قيمة المطالبة</text>
    <text name="SelfTenantRegistrationIsDisabledMessage_Detail">تم تعطيل تسجيل العميل الذاتي. يرجى الاتصال بمسؤول النظام للتسجيل.</text>
    <text name="Tenant">العميل</text>
    <text name="MetaDataAddress">عنوان بيانات التعريف</text>
    <text name="Wtrealm">Wtrealm</text>
    <text name="AllowUsingGravatarProfilePicture">السماح للمستخدمين باستخدام صورة ملف تعريف Gravatar</text>
    <text name="UseGravatarProfilePicture">استخدم صورة ملف تعريف Gravatar</text>
    <text name="PleaseSelectAPicture">يرجى تحديد صورة!</text>
    <text name="BackToMyAccount_Description">ارجع إلى حسابك الخاص</text>
    <text name="ManageLinkedAccounts_Description">إدارة الحسابات المرتبطة بحسابك</text>
    <text name="ManageUserDelegations_Description">إدارة الحسابات المصرح بها</text>
    <text name="ChangePassword_Description">قم بتغيير كلمة المرور الخاصة بحسابك</text>
    <text name="LoginAttempts_Description">عرض محاولات تسجيل الدخول الأخيرة لحسابك</text>
    <text name="ChangeProfilePicture_Description">تغيير صورة الملف الشخصي لحسابك</text>
    <text name="MySettings_Description">تغيير إعدادات حسابك</text>
    <text name="VisualSettings_Description">تغيير مظهر النظام</text>
    <text name="DownloadCollectedData_Description">تحميل بيانات حسابك</text>
    <text name="New">جديد</text>
    <text name="NotAMemberYet">لست عضوا حتى الآن ؟</text>
    <text name="DynamicEntityProperties">Dynamic Entity Properties</text>
    <text name="DynamicProperty">Dynamic Property</text>
    <text name="DynamicProperties">Dynamic Properties</text>
    <text name="AddNewDynamicProperty">Add New Dynamic Property</text>
    <text name="AddNewDynamicEntityProperty">Add New Dynamic Entity Property</text>
    <text name="EditDynamicProperty">Edit Dynamic Property</text>
    <text name="DynamicPropertyManagement">Dynamic Property Management</text>
    <text name="SelectADynamicProperty">Select a Dynamic Property</text>
    <text name="PropertyName">Property Name</text>
    <text name="AddNewDynamicPropertyValue">Add New Dynamic Property Value</text>
    <text name="EditDynamicPropertyValue">Edit Dynamic Property Value</text>
    <text name="EditValues">Edit Values</text>
    <text name="FullName">الاسم الكامل</text>
    <text name="FirstName">الاسم الاول</text>
    <text name="UiCustomization_HoverableAside">توسيع القائمة عند التمرير</text>
    <text name="SMTPSettingsNotProvidedWarningText">لم يتم توفير إعدادات SMTP ، يرجى توفير إعدادات SMTP.</text>
    <text name="SocialLoginDeactivate_Description">سيتم تعطيل خيار تسجيل الدخول الخارجي للعميل الحالي.</text>
    <text name="DisplayName">اسم العرض</text>
    <text name="AssignDynamicPropertiesToEntity">Assign Dynamic Properties To Entity</text>
    <text name="SendEmailWithSavedSettingsWarning">لم تقم بحفظ الإعدادات ، هل تريد إرسال بريد الاختبار بالإعدادات المحفوظة مسبقًا؟</text>
    <text name="DoYouWantToRemoveTheFile">هل تريد حذف الملف؟</text>
    <text name="CurrentFile">الملف الحالي</text>
    <text name="Dashboard_NoPageDefined_Warning">لا توجد صفحة محددة للوحة القيادة. يرجى التبديل إلى وضع التحرير وإضافة صفحة!</text>
  </texts>
</localizationDictionary>
