<?xml version="1.0" encoding="utf-8" ?>
<localizationDictionary culture="tr">
  <texts>
    <text name="HomePage">Ana sayfa</text>
    <text name="AboutUs">Hakkımızda</text>
    <text name="Administration">Yönetim</text>
    <text name="Roles">Roller</text>
    <text name="Users">Kullanıcılar</text>
    <text name="InvalidFormMessage">Doldurduğunuz form geçerli değildir. Lütfen kontrol edip düzeltin.</text>
    <text name="InvalidUserNameOrPassword">Kullanıcı adı ya da şifre hatalı.</text>
    <text name="ThereIsNoTenantDefinedWithName{0}">{0} isminde bir müşteri tanımlı değildir.</text>
    <text name="TenantIsNotActive">{0} isimli müşteri aktif edilmemiştir.</text>
    <text name="UserIsNotActiveAndCanNotLogin">{0} isimli kullanıcı pasife alınmıştır ve sisteme giremez.</text>
    <text name="PleaseEnterLoginInformation">Lütfen giriş bilgilerinizi girin</text>
    <text name="TenancyName">Müşteri adı</text>
    <text name="UserNameOrEmail">Kullanıcı adı ya da e-posta</text>
    <text name="Password">Şifre</text>
    <text name="RememberMe">Beni hatırla</text>
    <text name="LogIn">Giriş</text>
    <text name="ForgotPassword">Şifremi unuttum</text>
    <text name="DontYouHaveAnAccount">Hesabınız yok mu?</text>
    <text name="CreateAnAccount">Hesap oluştur</text>
    <text name="Pages">Sayfalar</text>
    <text name="RoleName">Rol adı</text>
    <text name="EditRole">Rol düzenle</text>
    <text name="CreateNewRole">Yeni rol oluştur</text>
    <text name="RoleProperties">Rol özellikleri</text>
    <text name="Permissions">Yetkiler</text>
    <text name="Save">Kaydet</text>
    <text name="Cancel">İptal</text>
    <text name="RolesHeaderInfo">Yetkileri gruplamak için rolleri kullanın.</text>
    <text name="Static">Sabit</text>
    <text name="Actions">İşlemler</text>
    <text name="Delete">Sil</text>
    <text name="SavedSuccessfully">Başarıyla kaydedildi.</text>
    <text name="AreYouSure">Emin misiniz?</text>
    <text name="YesDelete">Evet, sil!</text>
    <text name="DeletingUser">Kullanıcı silme</text>
    <text name="UsersHeaderInfo">Kullanıcıları ve izinleri yönetin.</text>
    <text name="CreateNewUser">Yeni kullanıcı oluştur</text>
    <text name="UserName">Kullanıcı adı</text>
    <text name="Name">Ad</text>
    <text name="Surname">Soyad</text>
    <text name="EmailAddress">E-posta adresi</text>
    <text name="LastLoginTime">Son giriş zamanı</text>
    <text name="EditUser">Kullanıcı düzenle</text>
    <text name="UserInformations">Kullanıcı bilgileri</text>
    <text name="PasswordRepeat">Şifre (tekrar)</text>
    <text name="SuccessfullyDeleted">Başarıyla silindi.</text>
    <text name="RoleDeleteWarningMessage">{0} rolü silinecek ve atanmış kullanıcılardan kaldırılacaktır.</text>
    <text name="UserDeleteWarningMessage">{0} kullanıcısı silinecektir.</text>
    <text name="Active">Aktif</text>
    <text name="EmailConfirm">E-posta doğrulama</text>
    <text name="Yes">Evet</text>
    <text name="No">Hayır</text>
    <text name="MySettings">Ayarlarım</text>
    <text name="Logout">Çıkış</text>
    <text name="Reset">Sıfırla</text>
    <text name="ResetPermissionsTooltip">Bu düğme kullanıcıya özel ayarlanmış yetkilendirmeleri sıfırlar ve kaydeder. Kullanıcı, sadece atandığı rollere ait yetkilere sahip olacaktır.</text>
    <text name="ResetSuccessfully">Başarıyla sıfırlandı</text>
    <text name="Tenants">Müşteriler</text>
    <text name="TenantsHeaderInfo">Müşterilerinizi yönetin.</text>
    <text name="CreateNewTenant">Yeni müşteri oluştur</text>
    <text name="TenancyCodeName">Müşteri kod adı</text>
    <text name="TenantName">Müşteri adı</text>
    <text name="TenantDeleteWarningMessage">{0} müşterisi silinecektir.</text>
    <text name="AdminEmailAddress">admin e-posta</text>
    <text name="AdminPassword">admin şifresi</text>
    <text name="AdminPasswordRepeat">admin şifresi (tekrar)</text>
    <text name="EditTenant">Müşteri düzenle</text>
    <text name="ChangingPermissions">Yetkilerini değiştirme</text>
    <text name="EditingUser">Kullanıcı düzenleme</text>
    <text name="CreatingNewUser">Yeni kullanıcı oluşturma</text>
    <text name="Edit">Düzenle</text>
    <text name="EditingTenant">Müşteri düzenleme</text>
    <text name="CreatingNewTenant">Yeni müşteri oluşturma</text>
    <text name="DeletingTenant">Müşteri silme</text>
    <text name="EditingRole">Rol düzenleme</text>
    <text name="CreatingNewRole">Yeni rol oluşturma</text>
    <text name="DeletingRole">Rol silme</text>
    <text name="CreationTime">Oluşturulma zamanı</text>
    <text name="SearchWithThreeDot">Ara...</text>
    <text name="ResetSpecialPermissions">Özel yetkileri sıfırla</text>
    <text name="SavingWithThreeDot">Kaydediyor...</text>
    <text name="Settings">Ayarlar</text>
    <text name="SaveAll">Hepsini kaydet</text>
    <text name="SettingsHeaderInfo">Uygulama ayarlarını görün, değiştirin.</text>
    <text name="EmailSmtp">E-posta (SMTP)</text>
    <text name="DefaultFromAddress">Varsayılan gönderici email adresi</text>
    <text name="DefaultFromDisplayName">Varsayılan gönderici görünen isim</text>
    <text name="SmtpHost">SMTP sunucusu</text>
    <text name="SmtpPort">SMTP portu</text>
    <text name="UseDefaultCredentials">Varsayılan yetkilendirmeleri kullan</text>
    <text name="UseHostDefaultEmailSettings">Varsayılan email ayarlarını kullan</text>
    <text name="DomainName">Domain adı</text>
    <text name="UseSsl">SSL kullan</text>
    <text name="ThisWebSiteRootAddress">Bu web sitesinin kök adresi</text>
    <text name="ThisWebSiteRootAddress_Hint">Web sitesine dışarıdan bağlantı verilirken kullanılacaktır. Şifre sıfırlama bağlantısının üretilmesi gibi işlemler için gereklidir. Ör: http://mydomain.com</text>
    <text name="General">Genel</text>
    <text name="SendPasswordResetLink_Information">Email adresinize bir şifre sıfırlama bağlantısı gönderilecektir. Birkaç dakika içerisinde bir e-posta almazsanız lütfen tekrar deneyin.</text>
    <text name="Send">Gönder</text>
    <text name="PasswordReset">Password reset</text>
    <text name="InvalidUserNameOrEmailAddress">Geçersiz kullanıcı adı ya da email adresi</text>
    <text name="PasswordResetEmail_Subject">Middleware şifre sıfırlama</text>
    <text name="PasswordResetEmail_Title">Middleware şifre sıfırlama.</text>
    <text name="PasswordResetEmail_SubTitle">Bu email, şifrenizi sıfırlamak ve yeniden oluşturmak için gönderilmiştir.</text>
    <text name="PasswordResetEmail_ClickTheLinkBelowToResetYourPassword">Şifrenizi sıfırlamak için aşağıdaki bağlantıya tıklayın:</text>
    <text name="EmailActivation_Subject">Middleware email etkinleştirme</text>
    <text name="EmailActivation_Title">Middleware hoşgeldiniz.</text>
    <text name="EmailActivation_SubTitle">Bu email, email adresinizi doğrulamak için gönderilmiştir.</text>
    <text name="EmailActivation_ClickTheLinkBelowToVerifyYourEmail">Lütfen aşağıdaki bağlantıyı tıklayarak email adresinizi doğrulayın:</text>
    <text name="InvalidEmailAddress">Geçersiz e-posta adresi</text>
    <text name="InvalidPasswordResetCode">Geçersiz şifre sıfırlama kodu!</text>
    <text name="InvalidPasswordResetCode_Detail">Lütfen e-posta gönderilen bağlantıyı tıklayarak giriniz. Sorun çözülmezse yeniden şifre sıfırlama bağlantısı isteyebilirsiniz.</text>
    <text name="PasswordResetLinkExpired">Şifreyi yenileme bağlantısının süresi doldu.</text>
    <text name="PleaseEnterYourNewPassword">Lütfen yeni şifrenizi belirleyin.</text>
    <text name="UserEmailIsNotConfirmedAndCanNotLogin">E-posta adresiniz doğrulanmadı. Lütfen e-posta adresinizi kontrol edin ve gönderilen bağlantıya tıklayarak hesabınızı etkinleştirin. Eğer bir süre beklemenize rağmen e-posta gelmediyse 'E-posta etkinleştirme'ye tıklayarak yeniden bağlantı isteyin.</text>
    <text name="LoginFailed">Giriş başarısız!</text>
    <text name="InvalidEmailConfirmationCode">Geçersiz e-posta doğrulama kodu!</text>
    <text name="InvalidEmailConfirmationCode_Detail">Lütfen e-posta gönderilen bağlantıyı tıklayarak giriniz. Sorun çözülmezse yeniden e-posta doğrulama bağlantısı isteyebilirsiniz.</text>
    <text name="YourEmailIsConfirmedMessage">E-posta adresiniz başarıyla doğrulandı.</text>
    <text name="ShouldChangePasswordOnNextLogin">İlk girişte şifre değiştirilmesi zorunlu olsun.</text>
    <text name="SetRandomPassword">Rastgele şifre belirle.</text>
    <text name="EmailActivation">E-posta etkinleştirme</text>
    <text name="SendEmailActivationLink_Information">E-posta adresinize bir e-posta doğrulama bağlantısı gönderilecektir. Birkaç dakika içerisinde bir e-posta almazsanız lütfen tekrar deneyin.</text>
    <text name="SendActivationEmail">Hesabı etkinleştirmek için e-posta gönder.</text>
    <text name="ChangePassword">Şifre değiştir</text>
    <text name="CurrentPassword">Mevcut şifreniz</text>
    <text name="NewPassword">Yeni şifre</text>
    <text name="NewPasswordRepeat">Yeni şifre (tekrar)</text>
    <text name="YourPasswordHasChangedSuccessfully">Şifreniz başarıyla değiştirildi.</text>
    <text name="SelfUserRegistrationIsDisabledMessage">Sisteme kayıt olamazsınız!</text>
    <text name="SelfUserRegistrationIsDisabledMessage_Detail">Kullanıcıların kendi kendine kaydolması kapatılmıştır. Kaydolmak için lütfen sistem yöneticinisine başvurun.</text>
    <text name="SuccessfullyRegistered">Başarıyla kaydoldunuz</text>
    <text name="ConfirmationMailSentPleaseClickLinkInTheEmail">{0} adresine bir doğrulama e-postası gönderildi. Lütfen gönderilen e-postadaki bağlantıya tıklayarak email adresinizi doğrulayın.</text>
    <text name="YourAccountIsWaitingToBeActivatedByAdmin">Hesabınız yönetici tarafından etkinleştirilmeyi bekliyor.</text>
    <text name="NameSurname">Ad soyad</text>
    <text name="UserManagement">Kullanıcı yönetimi</text>
    <text name="AllowUsersToRegisterThemselves">Kullanıcılar sisteme kendiliğinden kaydolabilsin.</text>
    <text name="AllowUsersToRegisterThemselves_Hint">Eğer bu ayarı kapatırsanız kullanıcılar sadece yönetici tarafından kullanıcı yönetimi sayfasından sisteme eklenebilecektir.</text>
    <text name="NewRegisteredUsersIsActiveByDefault">Yeni kaydolan kullanıcılar doğrudan aktif olsunlar.</text>
    <text name="NewRegisteredUsersIsActiveByDefault_Hint">Eğer bu ayarı kapatırsanız yeni kullanıcı hesapları yönetici tarafından etkinleştirilmedikleri sürece sisteme giremeyeceklerdir.</text>
    <text name="Default">Varsayılan</text>
    <text name="DefaultRole_Description">Yeni kullanıcılar için varsayılan olarak atanır.</text>
    <text name="StaticRole_Tooltip">Sabit roller silinemez.</text>
    <text name="EmailConfirmationRequiredForLogin">Giriş yapmak için e-posta adı doğrulaması gerekir.</text>
    <text name="{0}UserCannotBeDeleted">{0} kullanıcısı silinemez.</text>
    <text name="TenantNameCanNotBeEmpty">Müşteri adı boş bırakılamaz.</text>
    <text name="ExportToExcel">Excele aktar</text>
    <text name="ChangeProfilePicture">Profil resmini değiştir</text>
    <text name="TenantName_Regex_Description">Müşteri adı en az 2 karakter olmalı, bir harfle başlamalı ve harf, rakam, tire ya da alt çizgi ile devam etmelidir.</text>
    <text name="ProfilePicture_Change_Info">{0}MB altında bir JPG/JPEG/PNG dosyası seçebilirsiniz.</text>
    <text name="ProfilePicture_Change_Error">Profil resminiz değiştirilemedi.</text>
    <text name="ProfilePicture_Warn_SizeLimit">Resim boyutu en fazla {0}MB olabilir. Lütfen başka bir dosya seçin.</text>
    <text name="ProfilePicture_Warn_FileType">Sadece JPG/JPEG uzantılı dosya seçebilirsiniz. Lütfen başka bir dosya seçin.</text>
    <text name="Dashboard">Genel görünüm</text>
    <text name="DashboardHeaderInfo">istatistikler ve raporlar</text>
    <text name="GoToApplication">Uygulamaya git</text>
    <text name="TenantInformations">Müşteri bilgileri</text>
    <text name="PersonalInformations">Kişisel bilgiler</text>
    <text name="AccountSettings">Hesap ayarları</text>
    <text name="Captha_Hint">Lütfen robot olmadığınızı kanıtlayın</text>
    <text name="Back">Geri</text>
    <text name="Submit">Gönder</text>
    <text name="SignUp">Üye ol</text>
    <text name="CaptchaCanNotBeEmpty">Bir robot olmadığınızı kanıtlamalısınız.</text>
    <text name="IncorrectCaptchaAnswer">Robot olmadığınızı belirleyemiyorum.</text>
    <text name="FormIsNotValidMessage">Form geçerli değil. Lütfen kontrol edip hataları düzeltin.</text>
    <text name="CanNotChangeAdminUserName">admin kullanıcısının kullanıcı adı değiştirilemez.</text>
    <text name="Error">Hata!</text>
    <text name="OopsYouAreLost">Sayfa bulunamadı!</text>
    <text name="WeCanNotFindThePage">Gitmek istediğiniz sayfayı bulamadık.</text>
    <text name="DashboardDemo_Note_Title">ASP.NET Zero başlangıç projesine hoşgeldiniz!</text>
    <text name="DashboardDemo_Note_Info">
      Sol menüyü kullanarak uygulamayı fonksyonel olarak deneyebilirsiniz.
      Bu genel görünüm sayfası ise sadece örnektir, ancak geri kalan tüm sayfalar ve özellikler tamamen uygulanmış,
      çalışır ve üretime hazır durumdadır.
      Kendi uygulamanızın iş gereksinimlerinizi bu proje üzerine geliştirebilir ve böylece büyük bir zaman kazancı elde edebilirsiniz.
    </text>
    <text name="WelcomePage_Title">Hoşgeldiniz!</text>
    <text name="WelcomePage_Info">Uygulamaya hoşgeldiniz. Menüyü kullanarak uygulamayı kullanmaya başlayabilirsiniz. Eğer herhangi bir menü ögesi göremiyorsanız muhtemelen herhangi bir sayfayı görme yetkiniz bulunmuyor demektir. Bu durumda yetki almak için sistem yöneticisine başvurabilirsiniz.</text>
    <text name="RequestedFileDoesNotExists">İstenilen dosya sistemde bulunamadı!</text>
    <text name="MailSent">E-posta gönderildi</text>
    <text name="PasswordResetMailSentMessage">E-posta adresinize bir şifre sıfırlama bağlantısı gönderilmiştir. Lütfen e-posta adresinizi kontrol ediniz.</text>
    <text name="UseCaptchaOnRegistration">Kullanıcı kaydı sırasında güvenlik resmi doğrulaması (captcha) kullan.</text>
    <text name="FormBasedRegistration">Form Tabanlı Kayıt</text>
    <text name="LdapSettings">LDAP Ayarları</text>
    <text name="EnableLdapAuthentication">LDAP ile giriş yapılabilir.</text>
    <text name="OtherSettings">Diğer Ayarlar</text>
    <text name="AuditLogs">Kullanıcı işlem logları</text>
    <text name="Success">Başarılı</text>
    <text name="Time">Zaman</text>
    <text name="Service">Servis</text>
    <text name="Action">İşlem</text>
    <text name="Duration">Süre</text>
    <text name="IpAddress">IP adresi</text>
    <text name="Client">İstemci</text>
    <text name="Browser">Tarayıcı</text>
    <text name="Xms">{0} ms</text>
    <text name="Close">Kapat</text>
    <text name="Refresh">Yenile</text>
    <text name="ErrorState">Hata durumu</text>
    <text name="All">Hepsi</text>
    <text name="HasError">Hatalı</text>
    <text name="ShowAdvancedFilters">Gelişmiş filtreleri göster</text>
    <text name="HideAdvancedFilters">Gelişmiş filtreleri gizle</text>
    <text name="AuditLogDetail">Kullanıcı işlem log detayı</text>
    <text name="Parameters">Parametreler</text>
    <text name="DateRange">Tarih aralığı</text>
    <text name="ActionInformations">İşlem bilgileri</text>
    <text name="Today">Bugün</text>
    <text name="Yesterday">Dün</text>
    <text name="Last7Days">Son 7 gün</text>
    <text name="Last30Days">Son 30 gün</text>
    <text name="ThisMonth">Bu ay</text>
    <text name="LastMonth">Geçen ay</text>
    <text name="TenantSelection">Müşteri Seçimi</text>
    <text name="TenantSelection_Detail">Lütfen aşağıdaki müşterilerden birini seçin.</text>
    <text name="LoginWith">Şununla gir:</text>
    <text name="PasswordChangeDontRememberMessage">Şifrenizi hatırlayamıyorsanız {0}.</text>
    <text name="ClickHere">buraya tıklayın</text>
    <text name="Apply">Uygula</text>
    <text name="CustomRange">Özel aralık</text>
    <text name="DashboardNoteForMpaVersion">
      <![CDATA[
      <strong>ASP.NET MVC</strong> ve <strong>jQuery</strong> ile Multi-Page Application (çok sayfalı) versiyonunu görmek için tıklayın.
      ]]>
    </text>
    <text name="DashboardNoteForSpaVersion">
      <![CDATA[
      Dikkat: Ayrıca ASP.NET MVC ve <strong>AngularJs</strong> ile geliştirilmiş bir <strong>Single-Page Application</strong> (tek sayfalı) versiyonu var.
      ]]>
    </text>
    <text name="SeeDemo">Demoyu görün</text>
    <text name="Edition">Paket</text>
    <text name="Editions">Paketler</text>
    <text name="EditionsHeaderInfo">Uygulamanın paketlerini yönetin.</text>
    <text name="CreateNewEdition">Yeni paket oluştur</text>
    <text name="EditEdition">Paketi düzenle</text>
    <text name="EditionProperties">Paket bilgileri</text>
    <text name="EditionName">Paket adı</text>
    <text name="Features">Özellikler</text>
    <text name="EditionDeleteWarningMessage">{0} paketini silmek istediğinizden emin misiniz?</text>
    <text name="CreatingNewEdition">Yeni paket oluşturma</text>
    <text name="EditingEdition">Paket düzenleme</text>
    <text name="DeletingEdition">Paket silme</text>
    <text name="ChangingFeatures">Özelliklerini düzenleme</text>
    <text name="ResetSpecialFeatures">Özel yetkileri sıfırla</text>
    <text name="ResetFeaturesTooltip">Bu düğme müşteriye özel ayarlanmış özellikleri sıfırlar ve kaydeder. Müşteri, sadece atandığı pakete ait özelliklere sahip olacaktır.</text>
    <text name="NotAssigned">Atanmamış</text>
    <text name="InvalidFeaturesWarning">Bazı özelliklerin değeri geçerli değil!</text>
    <text name="Languages">Diller</text>
    <text name="LanguagesHeaderInfo">Arayüz dillerini yönetin.</text>
    <text name="CreateNewLanguage">Yeni dil ekle</text>
    <text name="Code">Kod</text>
    <text name="CreatingNewLanguage">Yeni dil oluştur</text>
    <text name="EditingLanguage">Dil düzenleme</text>
    <text name="DeletingLanguages">Dil silme</text>
    <text name="ChangingTexts">Metinleri düzenleme</text>
    <text name="SuccessfullySaved">Başarıyla kaydedildi.</text>
    <text name="Language">Dil</text>
    <text name="Flag">Bayrak</text>
    <text name="SetAsDefaultLanguage">Varsayılan dil yap</text>
    <text name="EditLanguage">Dil düzenle</text>
    <text name="ChangeTexts">Metinleri düzenle</text>
    <text name="TargetValue">Hedef değer</text>
    <text name="BaseValue">Başvuru değeri</text>
    <text name="Key">Anahtar</text>
    <text name="SaveAndClose">Kaydet ve Kapat</text>
    <text name="SaveAndNext">Kaydet ve Sonraki</text>
    <text name="EditText">Metni düzenle</text>
    <text name="LanguageTexts">Dil metinleri</text>
    <text name="LanguageTextsHeaderInfo">Diller için metinleri düzenleyin.</text>
    <text name="EmptyOnes">Boş olanlar</text>
    <text name="Source">Kaynak</text>
    <text name="BaseLanguage">Başvuru dili</text>
    <text name="TargetLanguage">Hedef dil</text>
    <text name="Previous">Önceki</text>
    <text name="LanguageDeleteWarningMessage">{0} dilini silmek istediğinizden emin misiniz?</text>
    <text name="CanNotEditOrDeleteDefaultLanguages">Varsayılan diller düzenlenemez ve silinemezler. Sadece kendi eklediğiniz dilleri düzenleyip silebilirsiniz. Ancak tüm dillerin metinlerini düzenleyebilirsiniz.</text>
    <text name="LookingForMpaVersion">Multi-Page (Çok Sayfalı) Application Versiyonuna Mı Bakmıştınız?</text>
    <text name="LookingForSpaVersion">Single-Page (Tek Sayfalı) Application Versiyonuna Mı Bakmıştınız?</text>
    <text name="ThisLanguageAlreadyExists">Bu dil zaten var!</text>
    <text name="OrganizationUnits">Organizasyon birimleri</text>
    <text name="OrganizationUnitsHeaderInfo">Organizasyon birimleri kullanıcıları ve varlıkları organize etmek için kullanılır</text>
    <text name="OrganizationTree">Organizasyon ağacı</text>
    <text name="Members">Üyeler</text>
    <text name="SelectAnOrganizationUnitToSeeMembers">Üyelerini görebilmek için bir birim seçiniz.</text>
    <text name="OrganizationUnitDeleteWarningMessage">{0} isimli birimi silmek istediğinizden emin misiniz?</text>
    <text name="AddSubUnit">Alt birim ekle</text>
    <text name="AddMember">Üye ekle</text>
    <text name="SuccessfullyAdded">Başarıyla eklendi</text>
    <text name="RemoveUserFromOuWarningMessage">{0} isimli kullanıcıyı {1} biriminden çıkartmak istediğinizden emin misiniz?</text>
    <text name="SuccessfullyRemoved">Başarıyla çıkartıldı</text>
    <text name="SelectAnItem">Bir eleman seçin</text>
    <text name="NewOrganizationUnit">Yeni organizasyon birimi</text>
    <text name="SelectAUser">Bir kullanıcı seçin</text>
    <text name="Select">Seç</text>
    <text name="UserIsAlreadyInTheOrganizationUnit">Bu kullanıcı bu birime zaten eklenmiş durumda!</text>
    <text name="AddRootUnit">Kök birim ekle</text>
    <text name="AddUser">Kullanıcı ekle</text>
    <text name="NoOrganizationUnitDefinedYet">Henüz hiç birim tanımlanmadı.</text>
    <text name="OrganizationUnitMoveConfirmMessage">{0} birimini {1} altına taşımayı onaylayın.</text>
    <text name="Root">Kök</text>
    <text name="SuccessfullyMoved">Başarıyla taşındı.</text>
    <text name="AddedTime">Eklenme zamanı</text>
    <text name="ManagingMembers">Üyeleri yönetme</text>
    <text name="ManagingOrganizationTree">Organizasyon ağacını yönetme</text>
    <text name="LoginForUsers">Kullanıcılar adına giriş yap</text>
    <text name="LoginAsThisUser">Bu kullanıcı olarak giriş yap</text>
    <text name="BackToMyAccount">Kendi hesabına dön</text>
    <text name="LoginForTenants">Müşteriler adına giriş yap</text>
    <text name="LoginAsThisTenant">Bu müşteri olarak giriş yap</text>
    <text name="AuditLogImpersonatedOperationInfo">Not: Bu işlem bu kullanıcı adına başka bir yetkili kullanıcı tarafından yapılmıştır.</text>
    <text name="CustomData">Özel veri</text>
    <text name="None">Yok</text>
    <text name="YouCanBackToYourAccount">Buradan kendi hesabınıza dönebilirsiniz.</text>
    <text name="CascadeImpersonationErrorMessage">İç içe yetkilendirme yapılamaz. Şu anda zaten başkası adına işlem yapıyorsunuz!</text>
    <text name="FromTenantToHostImpersonationErrorMessage">Müşteri kullanıcısından üst kullanıcı adına giriş yapılamaz!</text>
    <text name="DifferentTenantImpersonationErrorMessage">Farklı bir müşterinin kullanıcısı adına giriş yapılamaz!</text>
    <text name="ImpersonationTokenErrorMessage">Yetkilendirme kodu geçersiz ya da süresi dolmuş!</text>
    <text name="NotImpersonatedLoginErrorMessage">Şu anda yetkilendirilmiş bir hesapta değilsiniz!</text>
    <text name="YouCannotLinkToSameAccount">Hesabı kendisine bağlayamazsınız!</text>
    <text name="ChangePasswordBeforeLinkToAnAccount">Bu hesabı başka bir hesaba bağlamadan önce yeni bir şifre belirlemeniz gerkeiyor!</text>
    <text name="LinkedAccounts">Bağlı hesaplar</text>
    <text name="ManageLinkedAccounts">Bağlı hesapları yönet</text>
    <text name="LinkNewAccount">Yeni hesap bağla</text>
    <text name="SuccessfullyUnlinked">Bağlantı başarıyla kaldırıldı.</text>
    <text name="LinkedUserDeleteWarningMessage">{0} kullanıcısına bağlantı silinecektir.</text>
    <text name="SwitchToLinkedAccountTokenErrorMessage">Bağlı hesaba geçme kodu geçersiz ya da süresi dolmuş!</text>
    <text name="WelcomeToTheApplicationNotificationMessage">Middleware uygulamasına Hoşgeldiniz! Bilgilendirme sistemi sizi ilgilendiğiniz olaylar hakkında anında bilgilendirmek için geliştirilmiştir. Bildirim ayarları kısmından ne tür bilgilendirme almak istediğinizi ayarlayabilirsiniz.</text>
    <text name="NewUserRegisteredNotificationDefinition">Yeni bir kullanıcı kaydolduğunda.</text>
    <text name="NewUserRegisteredNotificationMessage">Yeni bir kullanıcı kaydoldu. Kullanıcı adı: {userName}, e-posta adresi: {emailAddress}.</text>
    <text name="SeeAllNotifications">Tüm bildirimleri gör</text>
    <text name="SetAsRead">okundu olarak işaretle</text>
    <text name="SetAllAsRead">Tümünü okundu olarak işaretle</text>
    <text name="NotificationSettings">Bildirim ayarları</text>
    <text name="ReceiveNotifications">Bildirimleri Al</text>
    <text name="ReceiveNotifications_Definition">Bu seçenek bildirim almayı tamamen durdurmak için kullanılabilir.</text>
    <text name="NotificationTypes">Bildirim Türleri</text>
    <text name="ReceiveNotifications_DisableInfo">Bildirim almayı tümüyle kapattınız. Bildirim almayı seçtikten sonra hangi bildirim türlerini almak istediğinizi tek tek belirleyebilirsiniz.</text>
    <text name="Notifications">Bildirimler</text>
    <text name="ThereAreNoNotifications">Bildirim yok.</text>
    <text name="Unread">Okunmamış</text>
    <text name="YouCanNotDeleteOwnAccount">Kendi kullanıcı hesabınızı silemezsiniz!</text>
    <text name="On">Açık</text>
    <text name="Off">Kapalı</text>
    <text name="Maintenance">Bakım</text>
    <text name="Caches">Önbellekler</text>
    <text name="CacheSuccessfullyCleared">Önbellek başarıyla temizlendi.</text>
    <text name="AllCachesSuccessfullyCleared">Tüm önbellekler başarıyla temizlendi.</text>
    <text name="ClearAll">Hepsini temizle</text>
    <text name="Clear">Temizle</text>
    <text name="CachesHeaderInfo">Uygulamadaki önbellekleri bu sayfada temizleyebilirsiniz.</text>
    <text name="TestEmailSettingsHeader">E-posta Ayarlarını Test Et</text>
    <text name="SendTestEmail">Test E-postası Gönder</text>
    <text name="TestEmail_Subject">Middleware test maili</text>
    <text name="TestEmail_Body">Bu bir test mailidir.</text>
    <text name="TestEmailSentSuccessfully">Test e-postası başarıyla gönderildi.</text>
    <text name="WebSiteLogs">Websitesi Logları</text>
    <text name="WebSiteLogsHeaderInfo">Bu sayfada en güncel logları görebilir veya tüm logları tek bir zip dosyası olarak indirebilirsiniz.</text>
    <text name="DownloadAll">Hepsini indir</text>
    <text name="TenantManagement">Müşteri yönetimi</text>
    <text name="AllowTenantsToRegisterThemselves">Müşterilerin sisteme kaydolmasına izin ver.</text>
    <text name="AllowTenantsToRegisterThemselves_Hint">Eğer bu ayarı kapatırsanız, müşterileri sadece yönetici ekleyebilir.</text>
    <text name="NewRegisteredTenantsIsActiveByDefault">Yeni kaydolan müşteriler doğrudan aktif olsun.</text>
    <text name="NewRegisteredTenantsIsActiveByDefault_Hint">Eğer bu ayarı kapatırsanız, yeni müşteriler yönetici tarafından etkinleştirilmedikleri sürece sisteme giremeyeceklerdir.</text>
    <text name="TenantSignUp">Müşteri Kaydı</text>
    <text name="NewTenantRegisteredNotificationDefinition">Yeni bir müşteri kaydolduğunda.</text>
    <text name="NewTenantRegisteredNotificationMessage">Yeni bir müşteri kaydoldu. Müşteri adı: {tenancyName}.</text>
    <text name="LoginAttempts">Giriş denemeleri</text>
    <text name="Failed">Başarısız</text>
    <text name="NewTenant">Yeni müşteri</text>
    <text name="ResizedProfilePicture_Warn_SizeLimit">Kırpılmış resim boyutu en fazla {0}KB olabilir. Lütfen kırpılmış alanı küçültüp tekrar deneyin.</text>
    <text name="RegisterFormUserNameInvalidMessage">Lütfen kullanıcı adı alanına e-posta adresi girmeyin.</text>
    <text name="UseHostDatabase">Host veritabanını kullan</text>
    <text name="DatabaseConnectionString">Veritabanı bağlantı cümlesi</text>
    <text name="TenantDatabaseConnectionStringChangeWarningMessage">Dikkat: Müşteri için veritabanı bağlantı cümlesini değiştirmeden önce veritabanını yeni konumuna taşımanız gerekir. Bağlantı cümlesini değiştirmek veritabanını otomatik olarak taşımayacaktır.</text>
    <text name="Timezone">Zaman dilimi</text>
    <text name="HasOwnDatabase">Kendi veritabanı var</text>
    <text name="TimeZoneSettingChangedRefreshPageNotification">Zaman dilimi ayarı değişti. Değişiklikerin etkili olması için Tamam butonuna basarak sayfayı yenileyin.</text>
    <text name="Ok">Tamam</text>
    <text name="Permission">Yetki</text>
    <text name="Role">Rol</text>
    <text name="Security">Güvenlik</text>
    <text name="PasswordComplexity">Şifre karmaşıklığı</text>
    <text name="UseDefaultSettings">Varsayılan ayarları kullan</text>
    <text name="PasswordComplexityNotSatisfied">Şifre karmaşıklığı yeterli değil.</text>
    <text name="AllowedMinimumLength">Minimum şifre uzunluğu en az {0} olmalıdır.</text>
    <text name="YouAlreadyAddedThisUser">Bu kullanıcıyı zaten eklediniz.</text>
    <text name="YouCannotBeFriendWithYourself">Kendinle arkadaş olamazsın.</text>
    <text name="NewChatMessageEmail_Title">Mesaj Detayları</text>
    <text name="NewChatMessageEmail_SubTitle"></text>
    <text name="NewChatMessageEmail_Subject">Yeni bir sohbet mesajınız var</text>
    <text name="Sender">Gönderen</text>
    <text name="Message">Mesaj</text>
    <text name="UserBlocked">Kullanıcı başarıyla engellendi.</text>
    <text name="UserUnblocked">Kullanıcının engeli kaldırıldı.</text>
    <text name="FriendRemoved">Kullanıcı arkadaş listenizden kaldırıldı.</text>
    <text name="BlockUser">Kullanıcıyı engelle</text>
    <text name="UnblockUser">Engellemeyi kaldır</text>
    <text name="RemoveFriend">Arkadaşı kaldır</text>
    <text name="AreYouSureToRemoveFromFriends">Kullanıcı arkadaş listenizden kaldırılacak.</text>
    <text name="FriendshipRequestAccepted">Arkadaşlık isteği kabul edildi</text>
    <text name="UserSendYouAFriendshipRequest">{0} seni arkadaş olarak ekledi.</text>
    <text name="Friends">Arkadaşlar</text>
    <text name="Others">Diğerleri</text>
    <text name="BlockedUsers">Engellenen Kullanıcılar</text>
    <text name="YouDontHaveAnyFriend">Hiç arkadaşınız yok. Arkadaş eklemek için üstteki kutucuğa bir kullanıcı adı yazıp "Arkadaş Ekle" butonuna basın.</text>
    <text name="YouDontHaveAnyBlockedFriend">Hiç engellenmiş kullanıcı yok. Birini engellemek için, o kullanıcıyı seçin ve açılan kısımdaki kullanıcı işlemlerinden engelleme butonuna basın.</text>
    <text name="ChatUserSearch_Hint">
      <![CDATA[
       Kendi müşteriniz için sadece kullanıcı adı, <br>
      Diğer müşteriler için <strong>[müşteri adı]\[kullanıcı adı]</strong> şeklinde arayın<br><br>
      Örneğin: <br>
      .\admin -> host admin için <br>
      Test\admin -> test admin için <br>
      admin -> kendi admininiz için
      ]]>
    </text>
    <text name="AddFriend">Arkadaş ekle</text>
    <text name="TypeAMessageHere">Mesajınızı yazın...</text>
    <text name="Chat">Sohbet</text>
    <text name="ChatFeature">Sohbet</text>
    <text name="ChatFeatureIsNotEnabledForSender">Sohbet özelliği sizin için aktif değil.</text>
    <text name="ChatFeatureIsNotEnabledForReceiver">Sohbet özelliği karşı taraf için aktif değil.</text>
    <text name="UserIsBlocked">Kullanıcı engellenmiş.</text>
    <text name="ChatIsNotConnectedWarning">Sohbet bağlı değil.</text>
    <text name="Demo_SampleChatMessage">Merhaba, bu bir test mesajıdır. Lütfen benim hesabımla başka bir browserdan giriş yap ve sohbet özelliğini dene.</text>
    <text name="TenantToTenantChatFeatureIsNotEnabledForSender">Diğer müşterilerle sohbet sizin için aktif değil.</text>
    <text name="TenantToTenantChatFeatureIsNotEnabledForReceiver">Diğer müşterilerle sohbet karşı taraf için aktif değil.</text>
    <text name="TenantToHostChatFeatureIsNotEnabledForSender">Üst kullanıcıyla sohbet sizin için aktif değil.</text>
    <text name="TenantToHostChatFeatureIsNotEnabledForReceiver">Üst kullanıcıyla sohbet karşı taraf için aktif değil.</text>
    <text name="TenantToTenantChatFeature">Diğer müşterilerle sohbet</text>
    <text name="TenantToHostChatFeature">Üst kullanıcıyla sohbet</text>
    <text name="FilterByPermission">Yetkiye göre filtrele</text>
    <text name="FilterByRole">Role göre filtrele</text>
    <text name="FilterOrAddUser">Kullanıcı filtrele/ekle</text>
    <text name="HangfireDashboard">Hangfire arayüzü</text>
    <text name="CouldNotCompleteLoginOperation">Giriş işlemi tamamlanamadı.</text>
    <text name="UnAuthorizedOperation">Yetkisiz İşlem</text>
    <text name="YouAreNotAuthorizedToPerformThisOperation">Bu işlemi gerçekleştirmek için gereken yetkiye sahip değilsiniz.</text>
    <text name="TargetUserNotFoundProbablyDeleted">Hedef kullanıcı bulunamadı. Muhtemelen silinmiş olabilir.</text>
    <text name="UserLockedOutMessage">Kullanıcı hesabı kilitlenmiş. Lütfen bir süre sonra tekrar deneyin.</text>
    <text name="SendSecurityCode">Güvenlik Kodu Gönder.</text>
    <text name="SendSecurityCode_Information">Giriş yapabilmeniz için siz olduğunuzu doğrulamanız gerekmektedir. Lütfen bir doğrulama türü seçin. Seçmiş olduğunuz türe göre size bir doğrulama kodu gönderilecektir.</text>
    <text name="SendSecurityCodeErrorMessage">Güvenlik kodu gönderilemedi!</text>
    <text name="VerifySecurityCodeNotLoggedInErrorMessage">Kendinizi doğrulamadan önce giriş yapmalısınız. Muhtemelen zaman aşımı olmuş olabilir. Lütfen giriş sayfasına gidip tekrar deneyin.</text>
    <text name="VerificationCode">Doğrulama Kodu</text>
    <text name="VerifySecurityCode">Güvenlik Kodu Doğrulama</text>
    <text name="VerifySecurityCode_Information">Lütfen size gönderilen doğrulama kodunu girin.</text>
    <text name="RememberThisBrowser">Bu tarayıcıyı hatırla</text>
    <text name="InvalidSecurityCode">Geçersiz güvenlik kodu!</text>
    <text name="PhoneNumber">Telefon numarası</text>
    <text name="Unlock">Giriş kilidini kaldır</text>
    <text name="UnlockedTheUser">{0} için giriş kilidi kaldırıldı.</text>
    <text name="UserLockOut">Kullanıcı Hesap Kilitleme</text>
    <text name="EnableUserAccountLockingOnFailedLoginAttempts">Hatalı giriş denemelerinde kullanıcının hesabını kilitle</text>
    <text name="MaxFailedAccessAttemptsBeforeLockout">Hesap kilitlenmeden önce en fazla kaç kez hatalı deneme yapılabilsin</text>
    <text name="DefaultAccountLockoutDurationAsSeconds">Hesabın kilitli kalma süresi (saniye olarak)</text>
    <text name="TwoFactorLogin">Çift Doğrulamalı Giriş</text>
    <text name="EnableTwoFactorLogin">Çift doğrulamalı kullanıcı girişini etkinleştir.</text>
    <text name="IsEmailVerificationEnabled">Email doğrulamasını etkinleştir.</text>
    <text name="IsSmsVerificationEnabled">SMS (kısa mesaj) doğrulamasını etkinleştir.</text>
    <text name="AllowToRememberBrowserForTwoFactorLogin">Tarayıcıyı hatırlamaya izin ver. Eğer buna izin verirseniz, kullanıcılar aynı tarayıcı için ikinci kez çift doğrulamalı giriş yapmamayı seçebilirler.</text>
    <text name="CurrentTenant">Geçerli müşteri</text>
    <text name="NotSelected">Seçilmemiş</text>
    <text name="Change">Değiştir</text>
    <text name="ChangeTenant">Müşteri değiştir</text>
    <text name="UnknownTenantId{0}">Bilinmeyen müşteri id: {0}</text>
    <text name="TenantIdIsNotActive{0}">Müşteri id aktif değil: {0}</text>
    <text name="TimeoutPleaseTryAgain">Zaman aşımı! Lütfen tekrar deneyin.</text>
    <text name="RemainingTime">Kalan süre</text>
    <text name="SecondShort{0}">{0} sn</text>
    <text name="ResetCode">Sıfırlama şifresi</text>
    <text name="IsTwoFactorEnabled">Çift doğrulamalı kullanıcı girişi etkin</text>
    <text name="IsLockoutEnabled">Kilitleme etkin</text>
    <text name="IsLockoutEnabled_Hint">Kullanıcı belirli bir sayıda hatalı giriş yaparsa bir süre kilitlenir.</text>
    <text name="TenantRegistrationLoginInfo">Giriş yapmak için tıklayın</text>
    <text name="CouldNotValidateExternalUser">Dış kullanıcı girişi doğrulanamadı!</text>
    <text name="LeaveEmptyToSwitchToHost">Üst kullanıcıya geçiş için boş değer girin.</text>
    <text name="PleaseWaitToConfirmYourEmailMessage">E-posta adresiniz doğrulanıyor, lütfen bekleyin...</text>
    <text name="ChatIsConnecting">Sohbet bağlanıyor...</text>
    <text name="Note_RefreshPageForPermissionChanges">Kendi izinlerinizde değişiklik yapıyorsanız, değişikliklerin sizin arayüzünüzdeki etkisini görebilmek için sayfası yenilemeniz (F5) gerekebilir!</text>
    <text name="ApplicationLogo">Uygulama Logosu</text>
    <text name="ApplicationLightLogo">Uygulama Açık Renkli Logosu</text>
    <text name="ApplicationDarkLogo">Uygulama Koyu Renkli Logosu</text>
    <text name="CustomCSS">Özel CSS</text>
    <text name="Upload">Yükle</text>
    <text name="Download">İndir</text>
    <text name="UploadLogo_Info">Lütfen en fazla 30KB boyutunda ve 139x35 piksel çözünürlüğünde bir JPG/JPEG/PNG/GIF dosyası seçin.</text>
    <text name="UploadCSS_Info">Lütfen en fazla 1MB boyutunda bir .css dosyası seçin.</text>
    <text name="Browse">Gözat</text>
    <text name="Appearance">Görünüm</text>
    <text name="ClearedSuccessfully">Başarıyla temizlendi</text>
    <text name="File_Empty_Error">Lütfen bir dosya seçin!</text>
    <text name="File_SizeLimit_Error">Dosyanın boyutu izin verilen sınırın üzerindedir!</text>
    <text name="File_Invalid_Type_Error">Geçersiz dosya türü!</text>
    <text name="MaximumUserCount">Kullanıcı sayısı limiti (0 = limitsiz)</text>
    <text name="MaximumUserCount_Error_Message">İzin verilen kullanıcı sayısına ulaşıldı!</text>
    <text name="MaximumUserCount_Error_Detail">Bu müşteri için en fazla {0} kullanıcı oluşturulabilir.</text>
    <text name="UnlockedTenandAdmin">{0} isimli müşterinin admin kullanıcısının giriş kilidi kaldırıldı.</text>
    <text name="Email">E-posta</text>
    <text name="EmailSecurityCodeSubject">Güvenlik Kodu</text>
    <text name="EmailSecurityCodeBody">Güvenlik kodunuz: {0}</text>
    <text name="Sms">Sms</text>
    <text name="SmsSecurityCodeMessage">Güvenlik kodunuz: {0}</text>
    <text name="PasswordComplexity_RequireDigit_Hint">Şifre en az bir rakam içermeli ('0'-'9').</text>
    <text name="PasswordComplexity_RequireLowercase_Hint">Şifre en az bir küçük harf içermeli ('a'-'z').</text>
    <text name="PasswordComplexity_RequireNonAlphanumeric_Hint">Şifre en az bir alfanumerik olmayan karaketer içermeli.</text>
    <text name="PasswordComplexity_RequireUppercase_Hint">Şifre en az bir büyük harf içermeli ('A'-'Z').</text>
    <text name="PasswordComplexity_RequiredLength_Hint">Şifre en az {0} karakter olmalı.</text>
    <text name="PasswordComplexity_RequireDigit">Rakam zorunlu</text>
    <text name="PasswordComplexity_RequireLowercase">Küçük harf zorunlu</text>
    <text name="PasswordComplexity_RequireNonAlphanumeric">Alfanumerik karaketer zorunlu</text>
    <text name="PasswordComplexity_RequireUppercase">Büyük harf zorunlu</text>
    <text name="PasswordComplexity_RequiredLength">En küçük şifre uzunluğu</text>
    <text name="HostDashboardHeaderInfo">Genel istatislikler ve son işlemler</text>
    <text name="DashboardSampleStatistics">Örnek istatistik</text>
    <text name="DashboardSampleStatisticsHelpText">İlerleme</text>
    <text name="NewTenants">Yeni müşteriler</text>
    <text name="NewSubscriptionAmount">Yeni gelir</text>
    <text name="Income">Gelir</text>
    <text name="IncomeStatistics">Gelir istatistiği</text>
    <text name="ChangeDateRange">Tarih aralığını değiştir</text>
    <text name="Daily">Günlük</text>
    <text name="Weekly">Haftalık</text>
    <text name="Monthly">Aylık</text>
    <text name="DateFormatShort">dd.MM.yyyy</text>
    <text name="EditionStatistics">Paket istatistiği</text>
    <text name="SubscriptionExpiringTenants">Aboneliği sonlanacak müşteriler</text>
    <text name="RemainingDay">Kalan gün</text>
    <text name="SeeAllRecords">Tümünü gör</text>
    <text name="RecentTenants">Son kaydolan müşteriler</text>
    <text name="RecentTenantsHelpText">{0} gün içinde kaydolan son {1} müşteri...</text>
    <text name="ExpiringTenantsHelpText">{0} gün içinde aboneliği sonlanacak ilk {1} müşteri...</text>
    <text name="NoData">Veri bulunamadı</text>
    <text name="SubscriptionEndDate">Abonelik bitiş tarihi</text>
    <text name="TenantNameOrTenancyCode">Müşteri adı / kodu</text>
    <text name="IncomeWithAmount">Gelir: {0}</text>
    <text name="Subscription">Abonelik</text>
    <text name="Extend">Uzat</text>
    <text name="Upgrade">Yükselt</text>
    <text name="PaymentPeriodType">Ödeme pediyodu</text>
    <text name="PaymentInfo">Ödeme bilgisi</text>
    <text name="MonthlyPrice">Aylık ücret</text>
    <text name="AnnualPrice">Yıllık ücret</text>
    <text name="StartUsingFree">Ücretsiz kullanın</text>
    <text name="TryIt">Deneyin</text>
    <text name="Days">Gün</text>
    <text name="PerMonth">Aylık</text>
    <text name="PerYear">Yıllık</text>
    <text name="TestCheckFeature">Test check feature</text>
    <text name="TestCheckFeature2">Test check feature 2</text>
    <text name="Unlimited">Limitsiz</text>
    <text name="LatestPaymentAmount">Son ödenen ücret</text>
    <text name="Payment">Ödeme</text>
    <text name="Next">Sonraki</text>
    <text name="Start">Başla</text>
    <text name="FreeTrial">Ücretsiz deneme</text>
    <text name="BuyNow">Satın al</text>
    <text name="WhatWillDoneAfterSubscriptionExpiry">Abonelik bitince ne yapılacak</text>
    <text name="DeactiveTenant">Müşteriyi pasif yap</text>
    <text name="AssignToAnotherEdition">Başka bir pakete ata</text>
    <text name="SubscriptionPrice">Abonelik ücreti</text>
    <text name="Free">Ücretsiz</text>
    <text name="Paid">Ücretli</text>
    <text name="IsTrialActive">Deneme aktif mi?</text>
    <text name="TrialDayCount">Deneme gün sayısı</text>
    <text name="WaitAfterSubscriptionExpireDate">Abonelik bittikten sonra bekle</text>
    <text name="WaitingDayAfterExpire">Abonelik bittikten sonra bekleme gün sayısı</text>
    <text name="DisplayOrder">Sıralama</text>
    <text name="Annual">Yıllık</text>
    <text name="SubscriptionStartDate">Abonelik başlangıç tarihi</text>
    <text name="EditionPricingTable">Paket ücret tablosu</text>
    <text name="ClientIsRequestingYourPermission">{0} izninizi istiyor</text>
    <text name="ApplicationAccess">Uygulama Erişimi</text>
    <text name="RememberMyDecision">Kararımı hatırla</text>
    <text name="Allow">İzin ver</text>
    <text name="DoNotAllow">İzin verme</text>
    <text name="Your user identifier">Kullanıcı tanımlayıcınız</text>
    <text name="Required">Zorunlu</text>
    <text name="User profile">Profil bilgileriniz</text>
    <text name="Your user profile information (first name, last name, etc.)">Kayıtlı profil bilgileriniz: ad, soyad v.s.</text>
    <text name="Your email address">E-posta adresiniz</text>
    <text name="Your phone number">Telefon numaranız</text>
    <text name="Your postal address">Adresiniz</text>
    <text name="AllFunctionalityYouHaveInTheApplication">Sizin adınıza tüm işlemleri yapma</text>
    <text name="Default (all) API">Varsayılan (tüm) API</text>
    <text name="Offline Access">Çevrimdışı erişim</text>
    <text name="Access to your applications and resources, even when you are offline">Siz çevrimdışı olsanız dahi sizin yerinize uygulama ve kaynaklara erişim.</text>
    <text name="Purchase">Satın al</text>
    <text name="Trial">Deneme</text>
    <text name="IsDisabled">Devre dışı</text>
    <text name="ChartDateFormat">%d/%m/%Y</text>
    <text name="ThereIsNoLoggedInUser">Kullanıcı girişi yapılmamış.</text>
    <text name="IsInTrialPeriod">Deneme sürümü kullanıyor?</text>
    <text name="FailedSubscriptionTerminations_Subject">Hatalı üyelik sonlandırmaları</text>
    <text name="FailedSubscriptionTerminations_Body">Üyelik sonlandırma işlemi {0} müşterileri için {1} tarihinde tamamlanamadı. Detaylı hata mesajlarını sistem loglarında bulabilirsiniz.</text>
    <text name="SubscriptionExpire_Email_Subject">Middleware üyeliğiniz sonlandı</text>
    <text name="SubscriptionExpire_Email_Body">Middleware üyeliğiniz {0} tarihinde sonlandı!</text>
    <text name="UnlimitedTimeSubscription">Sınırsız süreli abonelik</text>
    <text name="SubscriptionEndDateUtc">Abonelik bitiş tarihi (Utc)</text>
    <text name="ExpiringEditionMustBeAFreeEdition">Atanacak paket ücretsiz bir paket olmalı.</text>
    <text name="ThisEditionIsUsedAsAnExpiringEdition">Bu paket başka paketlerin bitiş paketi olarak ayarlanmış. Bu paketi ücretli yapmak istiyorsanız, önce diğer paketlerden kaldırmalısınız.</text>
    <text name="UpgradedTo">{0} paketine yükseltildi</text>
    <text name="ExtendedEdition">{0} paketi uzatıldı</text>
    <text name="CanNotUpgradeSubscriptionSinceTenantHasNoEditionAssigned">Müşteriye paket atanmadığı için abonelik yükseltilmesi yapılamaz.</text>
    <text name="TrialSubscriptionNotification">{0} paketinin deneme sürümünü kullanıyorsunuz, satın almak için {1}.</text>
    <text name="SubscriptionExpireNotification">Aboneliğiniz {0} gün içerisinde bitecek.</text>
    <text name="TrialExpireNotification">Deneme süreniz {0} gün içerisinde bitecek.</text>
    <text name="FreeEditionsCannotHaveTrialVersions">Ücretsiz paketlerin deneme sürümü olamaz.</text>
    <text name="PaymentCouldNotCompleted">Ödeme tamamlanamadı</text>
    <text name="TenantEditionIsNotAssigned">Müşterinin paketi atanmamış</text>
    <text name="Total">Toplam</text>
    <text name="Extend_Edition_Description">{0} Paketini Uzatın</text>
    <text name="Upgrade_Edition_Description">{0} Paketine Yükseltin</text>
    <text name="PaymentMightBeExpiredWarning">İşleminiz zaman aşımına uğramış olabilir, eğer ödemeyi yaptıysanız lütfen bizimle iletişime geçin.</text>
    <text name="GoToSubscriptionManagement">Aboneliğe gidin</text>
    <text name="DemoPayPalAccount">Demo PayPal Hesabı</text>
    <text name="IsEnabled">Etkin</text>
    <text name="IsGoogleAuthenticatorEnabled">Google Authenticator'ı etkinleştir.</text>
    <text name="GoogleAuthenticatorReferrerLink">Bu ekranın ne anlama geldiğinden emin değil misiniz? Şu linke bir göz atın </text>
    <text name="ScanQrCodeWithYourMobileApp">Bu QR kodunu mobil uygulamanız ile tarayın</text>
    <text name="Profile">Profil</text>
    <text name="Enable">Etkinleştir</text>
    <text name="GoogleAuthenticatorIsNotEnabled">Hesabınız için Google Authenticator etkin değil. Ayarlarım sayfasından aktifleştirmelisiniz.</text>
    <text name="SubscriptionExpiringSoon_Email_Subject">Middleware üyeliğiniz sonlanmak üzere</text>
    <text name="SubscriptionExpiringSoon_Email_Body">Middleware üyeliğiniz {0} tarihinde sonlanacaktır.</text>
    <text name="SubscriptionExpire_Title">Middleware üyeliğin sonlanması</text>
    <text name="SubscriptionExpire_SubTitle">Bu e-posta üyeliğinizin bitimi hakkında bilgilendirmek için gönderilmiştir.</text>
    <text name="SubscriptionAssignedToAnother_Email_Body">Middleware üyeliğiniz {1} tarihinde sonlanmıştır. Mevcut paketiniz {0} olarak değiştirilmişir.</text>
    <text name="FailedSubscriptionTerminations_Title">Üyelik sonlandırma hatası</text>
    <text name="FailedSubscriptionTerminations_SubTitle">Bazı müşteriler için üyelik sonlandırma hatası.</text>
    <text name="SubscriptionExpiringSoon_Title">Middleware üyeliğin sonlanması</text>
    <text name="SubscriptionExpiringSoon_SubTitle">Bu e-posta üyelik yakında sonlanacağını bilgilendirmek için gönderilmiştir.</text>
    <text name="AdminRoleCannotRemoveFromAdminUser">Admin rolü admin kullanıcısından silinemez</text>
    <text name="YouCannotRemoveUserRolePermissionsFromAdminRole">Kullanıcı/rol düzenleme yetkilerini admin rolünden kaldıramazsınız</text>
    <text name="YouCannotRemoveUserRolePermissionsFromAdminUser">Kullanıcı/rol düzenleme yetkilerini admin kullanıcısından kaldıramazsınız</text>
    <text name="SubscriptionInformation">Abonelik bilgileri</text>
    <text name="PaymentHistory">Ödeme geçmişi</text>
    <text name="Notification">Bildirim</text>
    <text name="Gateway">Ödeme yöntemi</text>
    <text name="Amount">Tutar</text>
    <text name="Status">Durum</text>
    <text name="Period">Periyod</text>
    <text name="DayCount">Gün sayısı</text>
    <text name="LastModificationTime">Son güncelleme zamanı</text>
    <text name="PaymentId">Ödeme id</text>
    <text name="SubscriptionPaymentGatewayType_Paypal">Paypal</text>
    <text name="SubscriptionPaymentGatewayType_Stripe">Stripe</text>
    <text name="SubscriptionPaymentStatus_Completed">Tamamlandı</text>
    <text name="SubscriptionPaymentStatus_NotPaid">Ödenmedi</text>
    <text name="SubscriptionPaymentStatus_Paid">Ödendi</text>
    <text name="SubscriptionPaymentStatus_Failed">Başarısız Oldu</text>
    <text name="SubscriptionPaymentStatus_Cancelled">İptal Edildi</text>
    <text name="PaymentPeriodType_Annual">Yıllık</text>
    <text name="PaymentPeriodType_Monthly">Aylık</text>
    <text name="ProcessTime">İşlem zamanı</text>
    <text name="TotalRecordsCount">Toplam: {0}</text>
    <text name="SelectUsers">Kullanıcıları şeçin</text>
    <text name="SmsVerificationEnabled">Telefon numarası için SMS ile doğrulama yapılabilir</text>
    <text name="SmsVerificationMessage">Telefon Onay Kodunuz: {0}</text>
    <text name="Verify">Onayla</text>
    <text name="YourCode">Kodunuz</text>
    <text name="VerifyYourCode">Size Gönderilen kodu Onaylayın</text>
    <text name="YourPhoneNumberIsVerified">Telefon numaranız doğrulandı</text>
    <text name="YourPhoneNumberIsNotVerified">Telefon numaranız doğrulanmadı</text>
    <text name="WrongSmsVerificationCode">Yanlış doğrulama kodu !</text>
    <text name="DemoUiComponents">Demo UI Bileşenleri</text>
    <text name="DateAndTimePickers">Tarih ve Saat Seçici</text>
    <text name="FileUpload">Dosya Yükleme</text>
    <text name="PostedValue">Gönderilen değer</text>
    <text name="SelectDate">Tarih seçin</text>
    <text name="UploadedFile">Yüklenen dosya</text>
    <text name="SelectFile">Dosya seçin</text>
    <text name="PostedData">Gönderilen veri</text>
    <text name="Remove">Kaldır</text>
    <text name="OrganizationUnitNotFoundForThisUser">Bu kullanıcıya ait bir Organizasyon Brimi yok.</text>
    <text name="YouCanManageUsersOrganizationUnitsFromOrganizationUnitsPage">Kullanıcının bağlı olduğu organizasyon birimlerini, Organizasyon Birimleri sayfasından yönetebilirsiniz.</text>
    <text name="DemoUiComponents_Info">
      Bu sayfada uygulamanız için örnek olması amacıyla birkaç kullanışlı bileşen gösteriliyor.
      Bu bileşenlerin sunucu tarafı da kodlanmıştır.
    </text>
    <text name="DemoUiComponents_Info_Metronic_Link_Text">Daha fazla bileşen için Metronic temasına bakınız</text>
    <text name="Image">Resim</text>
    <text name="File">Dosya</text>
    <text name="Link">Link</text>
    <text name="Billing">Fatura</text>
    <text name="LegalName">Resmi İsim</text>
    <text name="Address">Adres</text>
    <text name="Tax/VatNo">Vergi No</text>
    <text name="Invoice">Fatura</text>
    <text name="TotalAmount">Toplam Tutar</text>
    <text name="Print">Yazdır</text>
    <text name="ShowInvoice">Faturayı Göster</text>
    <text name="InvoiceInformation">Fatura Bilgileri</text>
    <text name="InvoiceNo">Fatura No</text>
    <text name="Date">Tarih</text>
    <text name="ThisInvoiceIsNotYours">Bu fatura size ait değil !</text>
    <text name="UiCustomizationHeaderInfo">Kullanıcı arayüz görünümünü değiştirin</text>
    <text name="UiCustomization_Layout">Yerleşim</text>
    <text name="UiCustomization_LayoutType">Yerleşim tipi</text>
    <text name="UiCustomization_Fluid">Akışkan görünüm</text>
    <text name="UiCustomization_Boxed">Kutu görünümü</text>
    <text name="UiCustomization_Disabled">Devre dışı</text>
    <text name="UiCustomization_Default">Varsayılan</text>
    <text name="UiCustomization_SpinnerMessage">Dönüş mesajı</text>
    <text name="UiCustomization_ContentSkin">İçerik rengi</text>
    <text name="UiCustomization_LightGrey">Açık gri</text>
    <text name="UiCustomization_White">Beyaz</text>
    <text name="UiCustomization_DesktopFixedHeader">Masaüstü sabit başlık</text>
    <text name="UiCustomization_None">Yok</text>
    <text name="UiCustomization_Hide">Gizle</text>
    <text name="UiCustomization_MobileFixedHeader">Mobil sabit başlık</text>
    <text name="UiCustomization_DisplayHeaderMenu">Üstbilgi menüsünü görüntüle</text>
    <text name="UiCustomization_Light">Açık</text>
    <text name="UiCustomization_Dark">Koyu</text>
    <text name="UiCustomization_DisplaySubmenuArrowDesktop">Alt menü okunu göster (masaüstü)</text>
    <text name="UiCustomization_DropdownSkin">Dropdown görünümü</text>
    <text name="UiCustomization_Menu">Menü</text>
    <text name="UiCustomization_MenuPosition">Konum</text>
    <text name="UiCustomization_Left">Solda</text>
    <text name="UiCustomization_Top">Üstte</text>
    <text name="UiCustomization_MenuSkin">Menü görünümü</text>
    <text name="UiCustomization_FixedMenu">Sabit menü</text>
    <text name="UiCustomization_AllowAsideMinimizing">Menü küçültmeye izin ver</text>
    <text name="UiCustomization_DefaultMinimizedAside">Menü varsayılan olarak küçültülsün</text>
    <text name="UiCustomization_AllowAsideHiding">Menü gizlemeye izin ver</text>
    <text name="UiCustomization_DropdownSubmenuSkin">Dropdown altmenü görünümü</text>
    <text name="UiCustomization_Inherit">Üst menü için tanımlananı kullan</text>
    <text name="UiCustomization_Footer">Alt bilgi</text>
    <text name="UiCustomization_FixedFooter">Sabit alt bilgi</text>
    <text name="UiCustomization_Header">Başlık çubuğu</text>
    <text name="UiCustomization_Theme">Tema</text>
    <text name="VisualSettings">Görsel Ayarlar</text>
    <text name="SaveAsSystemDefault">Sistem varsayılanı olarak kaydet</text>
    <text name="UseSystemDefaults">Varsayılanı kullan</text>
    <text name="NewNotifications">Yeni bildirimler</text>
    <text name="Subscriptions">Abonelikler</text>
    <text name="UiCustomization_DefaultHiddenAside">Menü varsayılan olarak gizlensin</text>
    <text name="LoadWithThreeDot">Yükleniyor...</text>
    <text name="NoInternetConnection">Internet bağlantınız aktif değil!</text>
    <text name="Warning">Uyarı</text>
    <text name="RequestTimedOut">İstek zaman aşımına uğradı, daha sonra tekrar deneyiniz.</text>
    <text name="AnErrorOccurred">Beklenmeyen bir hata oluştu, daha sonra tekrar deneyiniz.</text>
    <text name="AnHttpErrorOccured">Sunucu ile iletişim kurarken hata oluştu.</text>
    <text name="ChangePasswordToLogin">Giriş yapabilmek için öncelikle şifrenizi değiştirin!</text>
    <text name="NoPermission">Hiç yetkiniz yok. Lütfen sistem yöneticinizle iletişime geçin.</text>
    <text name="NoCamera">Cihazda kamera kullanılabilir değil!</text>
    <text name="PickFromGallery">Galeriden seç</text>
    <text name="TakePhoto">Fotograf çek</text>
    <text name="Rotate">Döndür</text>
    <text name="PasswordsDontMatch">Şifreler birbirini tutmuyor!</text>
    <text name="RequiredField">{0} alanı zorunlu.</text>
    <text name="StringLengthDoesntMatch">{0} alanı {2} karakterden daha fazla ve {1} karakterden daha az olamaz.</text>
    <text name="LessThanMinStringLength">{0} alanı {1} karakterden daha az olamaz.</text>
    <text name="InvalidPhoneNumber">{0} alanı geçerli bir telefon numarası değil.</text>
    <text name="InvalidRegularExpression">{0} alanı kurallara uygun değil.</text>
    <text name="LengthNotInRange">{0} alanının uzunluğu {1} ile {2} aralığında olmalıdır.</text>
    <text name="UiCustomization_Mobile">Mobil</text>
    <text name="UiCustomization_Desktop">Masa üstü</text>
    <text name="TwoFactorLoginIsNotSupported">Çift doğrulamalı kullanıcı girişi şu anda desteklenmiyor!</text>
    <text name="LinkToCurrentPage">Geçerli sayfanın bağlantısı</text>
    <text name="ThisFieldIsRequired">Bu alan zorunludur.</text>
    <text name="PleaseEnterAtLeastNCharacter">Lütfen en az {0} karakter giriniz.</text>
    <text name="PleaseEnterNoMoreThanNCharacter">Lütfen en fazla {0} karakter giriniz.</text>
    <text name="SelectTwoFactorProvider">İki faktörlü kimlik doğrulama sağlayıcısı</text>
    <text name="InvoiceInfoIsMissingOrNotCompleted">Fatura oluşturabilmek için Ayarlar->Fatura altında fatura bilgilerini ('Yasal Ad', 'Adres' ve 'Vergi/KDVNo') tanımlamalısınız.</text>
    <text name="InvoiceTo">Sayın</text>
    <text name="OperationLogs">İşlem logları</text>
    <text name="ChangeLogs">Değişiklik logları</text>
    <text name="Object">Nesne</text>
    <text name="Property">Alan</text>
    <text name="OriginalValue">Orijinal değer</text>
    <text name="NewValue">Yeni değer</text>
    <text name="Detail">Detay</text>
    <text name="CreatedAtByUser"><![CDATA[<b>{1}</b> tarafından <b>{0}</b> tarihinde oluşturuldu]]></text>
    <text name="SIAML.Middleware.MultiTenancy.Tenant">Müşteri</text>
    <text name="Abp.Organizations.OrganizationUnit">Organizasyon birimi</text>
    <text name="Search">Bul</text>
    <text name="Pin">Pin</text>
    <text name="TopMenu">Üst menü</text>
    <text name="LeftMenu">Sol menü</text>
    <text name="UserAccounts">Kullanıcı hesapları</text>
    <text name="Blue">Mavi</text>
    <text name="Green">Yeşil</text>
    <text name="Pink">Pembe</text>
    <text name="Yellow">Sarı</text>
    <text name="UiCustomization_HeaderSkin">Başlık rengi</text>
    <text name="TenantsCannotCreateLanguage">Müşteriler dil oluşturamaz.</text>
    <text name="Toggle">Değiştir</text>
    <text name="UserAccount">Kullanıcı hesabı</text>
    <text name="Expand">Genişlet</text>
    <text name="Attach">Ekle</text>
    <text name="Collapse">Daralt</text>
    <text name="AllOfThesePermissionsMustBeGranted">Gereken izinler sağlanamadı. Şu izinlerin tamamı sağlanmış olmalı: {0}</text>
    <text name="AtLeastOneOfThesePermissionsMustBeGranted">Gereken izinler sağlanamadı. Şu izinlerin en az birisi sağlanmış olmalı: {0}</text>
    <text name="OnlyLockedUsers">Sadece kilitli kullanıcılar</text>
    <text name="DefaultFromSenderEmailAddress">Varsayılan gönderici e-posta adresi</text>
    <text name="DefaultFromSenderDisplayName">Varsayılan gönderici görünen ismi</text>
    <text name="DefaultLanguage">Varsayılan dil</text>
    <text name="CurrentUserDidNotLoginToTheApplication">Kullanıcı girişi yapılmamış!</text>
    <text name="MainMenu">Ana menü</text>
    <text name="IncorrectImageFormat">Incorrect image format!</text>
    <text name="NotificationDeleteWarningMessage">Bu bildirim silinecektir</text>
    <text name="ProcessingWithThreeDot">İşleniyor...</text>
    <text name="ThereIsNoSuchImageFileWithGivenToken">Bu kod ile ilişkili bir resim dosyası yok</text>
    <text name="YouAreNotLinkedToAnyAccount">Herhangi bir hesaba bağlı değilsiniz</text>
    <text name="DownloadCollectedData">Bilgilerini indir</text>
    <text name="GdprDataPrepareStartedNotification">Verilerinizi hazırlıyoruz. Verileriniz hazır olduğunda size haber vereceğiz.</text>
    <text name="GdprDataPreparedNotificationMessage">Verileriniz hazırlandı, indirmek için tıklayın.</text>
    <text name="ChatMessage_From">Gönderen</text>
    <text name="ChatMessage_To">Alan</text>
    <text name="ReadState">Okunma durumu</text>
    <text name="You">Sen</text>
    <text name="Anonymous">İsimsiz</text>
    <text name="Messages">Mesajlar</text>
    <text name="ThisNotificationDoesntBelongToYou">Bu bildirim size ait değil.</text>
    <text name="CookieConsent_Message">Bu websitesi size daha iyi bir deneyim sunmak için çerez kullanmaktadır.</text>
    <text name="CookieConsent_Dismiss">Anladım!</text>
    <text name="UiCustomization_Wide">Geniş görünüm</text>
    <text name="SIAML.Middleware.Authorization.Roles.Role">Rol</text>
    <text name="History">Geçmiş</text>
    <text name="IsCookieConsentEnabled">Çerez izni etkin</text>
    <text name="CookieConsent">Çerez izni</text>
    <text name="CheckoutWithStripe">Stripe ile Öde</text>
    <text name="CheckoutWithPaypal">PayPal ile Öde</text>
    <text name="DisableRecurringPayments">Hesabımı otomatik olarak faturalandırma</text>
    <text name="EnableRecurringPayments">Hesabımı otomatik olarak faturalandır</text>
    <text name="ExpiringEdition">Bitiş Paketi</text>
    <text name="Price">Fiyat</text>
    <text name="ThereAreTenantsSubscribedToThisEdition">Bu paket'e üye olan müşteriler var. Lütfen bu müşterileri başka pakete geçirip sonra bu paketi silin.</text>
    <text name="MoveTenantsToAnotherEdition">Müşterileri başka pakete geçir</text>
    <text name="TenantsMovedToEditionNotificationMessage">{sourceEditionName} paketindeki tüm müşteriler {targetEditionName} paketine taşındı.</text>
    <text name="MoveTenantsOfEdition">Müşterileri başka pakete taşı</text>
    <text name="MoveTenantsOfEditionDescription">{0} müşteri taşınacak</text>
    <text name="MoveTenantsToAnotherEditionStartedNotification">Müşterileri seçilen paket'e taşıyoruz. Bu işlem bittiğinde size haber vereceğiz.</text>
    <text name="BuyNow_Edition_Description">{0} paket</text>
    <text name="NewRegistration_Edition_Description">{0} paket</text>
    <text name="Item">Ürün</text>
    <text name="Theme_Default">Varsayılan</text>
    <text name="Theme_Theme1">Tema 1</text>
    <text name="Theme_Theme2">Tema 2</text>
    <text name="Theme_Theme3">Tema 3</text>
    <text name="Theme_Theme4">Tema 4</text>
    <text name="Theme_Theme5">Tema 5</text>
    <text name="Theme_Theme6">Tema 6</text>
    <text name="Theme_Theme7">Tema 7</text>
    <text name="Theme_Theme8">Tema 8</text>
    <text name="Theme_Theme9">Tema 9</text>
    <text name="Theme_Theme10">Tema 10</text>
    <text name="Theme_Theme11">Tema 11</text>
    <text name="Theme_Theme12">Tema 12</text>
    <text name="SelectATheme">Tema Seçiniz</text>
    <text name="QuickThemeSelection">Hızlı tema seçimi</text>
    <text name="IsQuickThemeSelectEnabled">Hızlı tema seçimi etkin</text>
    <text name="AddRole">Rol ekle</text>
    <text name="SelectAnOrganizationUnitToSeeRoles">Rollerini görebilmek için bir birim seçiniz.</text>
    <text name="RemoveRoleFromOuWarningMessage">{0} isimli rolü {1} biriminden çıkartmak istediğinizden emin misiniz?</text>
    <text name="ManagingRoles">Rolleri yönetme</text>
    <text name="EmailMessage_CopyTheLinkBelowToYourBrowser">Yukarıdaki düğme sizin için çalışmıyorsa, aşağıdaki linki tarayıcınıza yapıştırın:</text>
    <text name="UiCustomization_LayoutFixedContent">Sabit içerik (Masaüstü)</text>
    <text name="UiCustomization_LayoutMobileFixedContent">Sabit içerik (Mobil)</text>
    <text name="ExcelOperations">Excel işlemleri</text>
    <text name="ImportFromExcel">Excel'den aktar</text>
    <text name="ImportToExcelSampleFileDownloadInfo">Örnek excel dosyasını indirmek için {0}.</text>
    <text name="ImportUsersProcessStart">Kullanıcı aktarım işlemi başladı.</text>
    <text name="ImportUsersUploadFailed">Kullanıcı aktarım işlemi başarısız oldu.</text>
    <text name="AllUsersSuccessfullyImportedFromExcel">Kullanıcı aktarım işlemi başarıyla tamamlandı. Tüm yeni kullanıcılar kaydedildi.</text>
    <text name="FileCantBeConvertedToUserList">Kullanıcı aktarım işlemi başarısız oldu. Dosya hatalı.</text>
    <text name="{0}IsInvalid">"{0}" geçersiz</text>
    <text name="Exception">Hata</text>
    <text name="InvalidUserImports">Geçersiz kullanıcı aktarmaları</text>
    <text name="ClickToSeeInvalidUsers">Kullanıcı aktarım işlemi tamamlandı. Verilerin bir kısmı hatalı. Kaydedilemeyen kullanıcıları görmek için tıklayınız.</text>
    <text name="YouAreAlreadyLoggedInWithUser">Sisteme şu kullanıcı ile giriş yaptınız</text>
    <text name="RequiresPasswordChange">Şifre değiştirme gerekli</text>
    <text name="RequiresTwoFactorAuth">İki aşamalı doğrulama gerekli</text>
    <text name="Online">Çevrimiçi</text>
    <text name="Offline">Çevrimdışı</text>
    <text name="Reply">Yanıtla</text>
    <text name="UiCustomization_FixedSubHeader">Sabit Altbaşlık</text>
    <text name="UiCustomization_SubHeaderStyle">Altbaşlık stili</text>
    <text name="UiCustomization_SubHeaderStyle_Solid">Koyu</text>
    <text name="UiCustomization_SubHeaderStyle_Transparent">Şeffaf</text>
    <text name="UiCustomization_SubmenuToggle">Menu açılış şekli</text>
    <text name="UiCustomization_SubmenuToggle_Accordion">Akordeon</text>
    <text name="UiCustomization_SubmenuToggle_Dropdown">Dropdown</text>
    <text name="UiCustomization_SubHeader">Altbaşlık</text>
    <text name="UiCustomization_Fixed">Sabit</text>
    <text name="UiCustomization_HeaderMinimizeType">Başlık küçültme tipi</text>
    <text name="UiCustomization_HeaderMinimizeType_All">Başlık ve Menü</text>
    <text name="UiCustomization_HeaderMinimizeType_Topbar">Başlık</text>
    <text name="UiCustomization_HeaderMinimizeType_Menu">Menü</text>
    <text name="UiCustomization_HeaderMenuArrows">Menü okları</text>
    <text name="InvalidPattern">Geçersiz</text>
    <text name="SwitchToTenant">Müşteriye Geç</text>
    <text name="TenancyNameRequired">Müşteri adı zorunlu!</text>
    <text name="EnterTenancyName">Müşteri adını girin...</text>
    <text name="SwitchToTheTenant">Müşteriye Geç</text>
    <text name="SwitchToTheHost">Host'a geç</text>
    <text name="DeleteListedNotifications">Listelenmiş Bildirimleri Sil</text>
    <text name="DeleteListedNotificationsWarningMessage">Tüm listelenmiş bildirimler silinecektir.</text>
    <text name="YourSessionIsAboutToExpire">Oturumunuz Sonlandırılmak Üzere.</text>
    <text name="SessionExpireRedirectingInXSecond">Uzun süre hareketsiz kaldığınız için oturumunuz sonlandırılacaktır. Oturum sonlandırma işlemini durdurmak için site üzerinde herhangi bir mouse/klavye girdisi sağlayınız. Oturumunuzun sonlandırılmasına kalan süre {0}sn.  </text>
    <text name="SessionTimeOut">Oturum Zaman Aşımı Kontrolü</text>
    <text name="IsSessionTimeOutEnabled">Oturum Zaman Aşımı Kontrolü Aktif</text>
    <text name="SessionTimeOutSecond">Oturum Zaman Aşımı Süresi (Saniye)</text>
    <text name="ShowTimeOutNotificationSecond">Geri Sayım Penceresi Bekleme Süresi (Saniye)</text>
    <text name="OneConcurrentLoginPerUser">Kullanıcılar aynı anda tek bir yerden/cihazdan oturum açabilirler</text>
    <text name="OneConcurrentLoginPerUserActive">Bir kullanıcının uygulamayı aynı anda sadece bir yerden/cihazdan kullanmasını zorlar. Aynı anda ikinci yerden oturum açıldığı durumda ilk oturum sonlandırılır.</text>
    <text name="Disable">Devre dışı bırak</text>
    <text name="UseCaptchaOnLogin">Kullanıcı girişi sırasında güvenlik resmi doğrulaması (captcha) kullan.</text>
    <text name="XCountPermissionFiltered">{0} adet yetki filtrelendi.</text>
    <text name="SelectPermissions">Yetkileri Seç</text>
    <text name="DailyPrice">Günlük ücret</text>
    <text name="WeeklyPrice">Haftalık ücret</text>
    <text name="PerDay">Günlük</text>
    <text name="PerWeek">Haftalık</text>
    <text name="ThereIsNoEditionToUpgrade">Yükseltilebilecek herhangi bir paket yok.</text>
    <text name="RoleIsInheritedFromOrganizationUnit">Bu rol kullanıcının organizasyon birimlerinden birinden geliyor.</text>
    <text name="AddWidget">Widget ekle</text>
    <text name="AddPage">Sayfa ekle</text>
    <text name="PageName">Sayfa ismi</text>
    <text name="NewPage">Yeni sayfa</text>
    <text name="DeletePage">Sayfayı sil</text>
    <text name="RenamePage">Sayfayı yeniden adlandır</text>
    <text name="NewPageName">Yeni sayfanın ismi</text>
    <text name="PageNewName">Sayfanın yeni ismi</text>
    <text name="EditMode">Düzenleme modu</text>
    <text name="PageDeleteWarningMessage">"{0}" sayfası kaldırılacak.</text>
    <text name="WidgetDeleteWarningMessage">"{1}" sayfasından "{0}" widget'ını kaldırıyorsunuz.</text>
    <text name="NoWidgetAvailableMessage">Uygun durumda widget bulunamadı!</text>
    <text name="ThereIsNoViewConfigurationForX">{0} widgeti için görünüm ayarı bulunamadı.</text>
    <text name="UnknownDashboard">Bilinmeyen genel görünüm: {0}.</text>
    <text name="FilterDateRangePicker">Tarih Aralığı Filtresi</text>
    <text name="WidgetDailySales">Günlük Satışlar</text>
    <text name="WidgetGeneralStats">Genel İstatistikler</text>
    <text name="WidgetProfitShare">Kar Payı İstatistikleri</text>
    <text name="WidgetMemberActivity">Üye Etkinlikleri</text>
    <text name="WidgetRegionalStats">Bölgesel İstatistikler</text>
    <text name="WidgetSalesSummary">Satış Özeti</text>
    <text name="WidgetTopStats">Genel Özet</text>
    <text name="WidgetIncomeStatistics">Gelir İstatistiği</text>
    <text name="WidgetEditionStatistics">Paket istatistiği</text>
    <text name="WidgetSubscriptionExpiringTenants">Aboneliği sonlanacak müşteriler</text>
    <text name="WidgetRecentTenants">Son kaydolan müşteriler</text>
    <text name="BackToDefaultPage">Varsayılana Dön</text>
    <text name="BackToDefaultPageWarningMessage">"{0}" sayfasını kaldırıp varsayılan ayarlara dönülecek.</text>
    <text name="PageNameCanNotBeEmpty">Sayfa adı boş olamaz.</text>
    <text name="ShowMenuSearchInput">Menüde arama çubuğunu göster.</text>
    <text name="veryWeak">Çok Zayıf</text>
    <text name="weak">Zayıf</text>
    <text name="normal">Normal</text>
    <text name="medium">Orta</text>
    <text name="strong">Güçlü</text>
    <text name="veryStrong">Çok Güçlü</text>
    <text name="AutomaticallyBillMyAccount">Hesabımı Otomatik Olarak Faturalandır.</text>
    <text name="AutomaticBilling">Otomatik Faturalandırma</text>
    <text name="ThereIsNoStripeSessionIdOnPayment">Ödeme işlemine ait Stripe oturum bilgisine ulaşılamadı.</text>
    <text name="ReceivingPaymentResult">Ödeme sonucu alınıyor.</text>
    <text name="ThankYou">Teşekkürler</text>
    <text name="PleaseWait">Lütfen Bekleyiniz</text>
    <text name="YourPaymentHasBeenCompleted">Ödenemiz tamamamlandı.</text>
    <text name="QuickNav">Hızlı Gezinme</text>
    <text name="ExternalPaymentId">Dış Ödeme id</text>
    <text name="CostOfProration">Dönem içindeki fiyat farkı</text>
    <text name="WebhookEvent">Webhook Olayı</text>
    <text name="Webhooks">Webhook</text>
    <text name="WebhookSubscriptions">Webhook Aboneliği</text>
    <text name="WebhookSubscriptionsInfo">Webhook Abonelik Bilgili</text>
    <text name="AddNewWebhookSubscription">Yeni Webhook Aboneliği</text>
    <text name="EditWebhookSubscription">Webhook Aboneliğini Düzenle</text>
    <text name="WebhookEvents">Webhook Olayları</text>
    <text name="IsActive">Aktif Mi</text>
    <text name="WebhookEventDetail">Webhook Olay Detayı</text>
    <text name="Data">Veri</text>
    <text name="WebhookSendAttempts">Webhook Gönderme Girişimi</text>
    <text name="HttpStatusCode">Http Durum Kodu</text>
    <text name="Response">Http Yanıtı</text>
    <text name="Disabled">Devre Dışı</text>
    <text name="WebhookEndpoint">Webhook Uç Noktası</text>
    <text name="AdditionalWebhookHeaders">Ek Webhook Http Başlıkları</text>
    <text name="WebhookSecret">Webhook Secret</text>
    <text name="ViewWebhookSecret">Webhook secret</text>
    <text name="HeaderKey">Header Anahtarı</text>
    <text name="HeaderValue">Header Değeri</text>
    <text name="WebhookEventId">Webhook Olay Id</text>
    <text name="WebhookEventWillBeSendWithSameParameters">Webhook olayı aynı parametreler ile gönderilecek.</text>
    <text name="WebhookSendAttemptInQueue">Webhook gönderme girişimi işlemi kuyruğa alındı. İşlem en kısa zamanda gerçekleştirilecektir.</text>
    <text name="DeactivateSubscriptionWarningMessage">Webhook aboneliği devre dışı bırakılacak ve ilgili uç noktaya webhook gönderimi durduralacaktır.</text>
    <text name="ActivateSubscriptionWarningMessage">Webhook aboneliği aktif edilecek ve abone olduğunuz olaylar için uç noktaya webhook gönderimi yapılacaktır.</text>
    <text name="SuccessfullyDeactivated">Devre dışı bırakıldı.</text>
    <text name="SuccessfullyActivated">Aktif edildi.</text>
    <text name="Deactivate">Devre dışı bırak</text>
    <text name="Activate">Aktive et</text>
    <text name="HeaderKeyAndValueCanNotBeNull">Header anahtarı ve değeri boş olamaz</text>
    <text name="HeaderKeysMustBeUnique">Header anahtarı benzersiz olmalı. Aynı değere sahip iki anahtar kullanılamaz.</text>
    <text name="ViewWebhookEvent">Webhook Olayını Görüntüle</text>
    <text name="GoToSubscription">Aboneliğe Git</text>
    <text name="WebhookSubscriptionDetail">Webhook Abonelik Detayı</text>
    <text name="Resend">Yeniden Gönder</text>
    <text name="YouHaveToSubscribeToTestWebhookToReceiveTestEvent">Öncelikle "TestWebhook" webhook olayına abone olmalısınız.</text>
    <text name="CreatingWebhooks">Webhook oluşturma</text>
    <text name="EditingWebhooks">Webhook düzenleme</text>
    <text name="ChangingWebhookActivity">Webhook aktif/pasif yapma</text>
    <text name="DetailingSubscription">Webhook ayrıntı sayfasını görüntüleme</text>
    <text name="ListingSendAttempts">Webhook gönderim geçmişini listemene</text>
    <text name="ResendingWebhook">Aynı webhooku yeniden gönderme</text>
    <text name="Add">Ekle</text>
    <text name="ShowResponse">Http Yanıtını Görüntüle</text>
    <text name="ShowData">Veriyi Görüntüle</text>
    <text name="GoToLoginPage">Giriş sayfasına git</text>
    <text name="ShowLockScreenWhenTimedOut">Oturum zaman aşımına uğradığında kilit sayfasını göster</text>
    <text name="YourSessionIsLocked">Oturumunuz Kilitlendi.</text>
    <text name="WebhookSubscriptionId">Webhook Abonelik Id</text>
    <text name="ParameterName">Parametre Adı</text>
    <text name="InputType">Veri Tipi</text>
    <text name="Values">Değerler</text>
    <text name="Value">Değer</text>
    <text name="SelectAPermission">Yetki Seçiniz</text>
    <text name="EntityFullName">Varlık Tam Adı</text>
    <text name="SelectAnEntity">Varlık Seçiniz</text>
    <text name="EntityRowId">Varlık Satırı Eşsiz Anahtarı</text>
    <text name="DynamicEntityParameters">Dinamik Varlık Parametreleri</text>
    <text name="XCanNotBeNullOrEmpty">{0} boş olamaz.</text>
    <text name="DeleteDynamicPropertyMessage">Dinamik parametre ve ilişkili tüm kayıtlar silinecektir. (Bu işlem geri alınamaz!)</text>
    <text name="DeleteDynamicPropertyValueMessage">Dinamik parametre verisi ve ilişkili tüm kayıtlar silinecektir. (Bu işlem geri alınamaz!)</text>
    <text name="DeleteDynamicEntityPropertyMessage">Varlığa ait dinamik parametre ve ilişkili tüm kayıtlar silinecektir. (Bu işlem geri alınamaz!)  Varlık Adı:{0}, Dinamik parametre adı:{1}</text>
    <text name="DeleteDynamicEntityPropertyValueMessage">{0} parametresi için tanımlı değerler temizlenecek.</text>
    <text name="DynamicEntityPropertyValues">Dinamik Varlık Özellik Değerleri</text>
    <text name="CreatingDynamicProperties">Dinamik Özellik Oluşturma</text>
    <text name="EditingDynamicProperties">Dinamik Özellik Düzenleme</text>
    <text name="DeletingDynamicProperties">Dinamik Özellik Silme</text>
    <text name="DynamicPropertyValue">Dinamik Özellik Değeri</text>
    <text name="CreatingDynamicPropertyValue">Dinamik Özellik Değeri Oluşturma</text>
    <text name="EditingDynamicPropertyValue">Dinamik Özellik Düzenleme</text>
    <text name="DeletingDynamicPropertyValue">Dinamik Özellik Silme</text>
    <text name="CreatingDynamicEntityProperties">Varlık Dinamik Özelliği Oluşturma</text>
    <text name="EditingDynamicEntityProperties">Varlık Dinamik Özelliği Düzeleme</text>
    <text name="DeletingDynamicEntityProperties">Varlık Dinamik Özelliği Silme</text>
    <text name="EntityDynamicPropertyValue">Varlık Dinamik Özellik Değeri</text>
    <text name="CreatingDynamicEntityPropertyValue">Varlık Dinamik Özelliği Değeri Oluşturma</text>
    <text name="EditingDynamicEntityPropertyValue">Varlık Dinamik Özelliği Değeri Düzenleme</text>
    <text name="DeletingDynamicEntityPropertyValue">Varlık Dinamik Özelliği Değeri Silme</text>
    <text name="UnknownEntityType">Bilinmeyen Varlık Türü {0}</text>
    <text name="TrialWithoutEndDateErrorMessage">Deneme hesapları için abonelik son tarihi tanımlanmış olmalıdır.</text>
    <text name="ManageUserDelegations">Yetki devirlerini yönet</text>
    <text name="UserDelegations">Yetki Devirleri</text>
    <text name="DelegateNewUser">Yeni Yetki Devri</text>
    <text name="StartTime">Başlangıç Zamanı</text>
    <text name="EndTime">Bitiş Zamanı</text>
    <text name="UserDelegationDeleteWarningMessage">{0} kullanıcısına verilen yetki silinecektir.</text>
    <text name="SwitchToDelegatedUserWarningMessage">{0} kullanıcısına geçmek istediğinizden emin misiniz ?</text>
    <text name="SwitchToUser">Kullanıcı değiştir</text>
    <text name="ExpiresAt">{0} da sona eriyor</text>
    <text name="ThereIsNoActiveUserDelegationBetweenYourUserAndCurrentUser">Sizin kullanıcınız ile aktif kullanıcı arasında bir aktif bir yetki devri bulunmuyor !</text>
    <text name="Parameter">Parametre</text>
    <text name="Entity">Varlık</text>
    <text name="Definitions">Tanımlamalar</text>
    <text name="EntityId">Kayıt Numarası</text>
    <text name="SelfUserDelegationErrorMessage">Kendi kendinize yetki devri yapamazsınız !</text>
    <text name="Severity">Önem Derecesi</text>
    <text name="Fatal">Kritik</text>
    <text name="Info">Bilgi</text>
    <text name="AppId">Uygulama Id</text>
    <text name="AppSecret">Uygulama Secret</text>
    <text name="ClientId">İstemci Id</text>
    <text name="ClientSecret">İstemci Secret</text>
    <text name="UserInfoEndpoint">Kullanıcı Bilgisi Bitiş Noktası</text>
    <text name="ConsumerKey">Tüketici anahtarı</text>
    <text name="ConsumerSecret">Tüketici Secret</text>
    <text name="Show">Göster</text>
    <text name="ExternalLoginSettings">Harici Giriş Ayarları</text>
    <text name="UseHostSettings">Üst kullanıcı ayarlarını kullan</text>
    <text name="Hide">Gizle</text>
    <text name="OpenIdClaimsCleanListToRevertToDefaultClaimsMessage">Varsayılan claimslere dönmek için listeyi temizleyiniz.</text>
    <text name="SelfTenantRegistrationIsDisabledMessage_Detail">Müşterilerin kendi kendine kaydolması kapatılmıştır. Kaydolmak için lütfen sistem yöneticinisine başvurun.</text>
    <text name="Tenant">Müşteri</text>
    <text name="MetaDataAddress">Meta data adresi</text>
    <text name="Wtrealm">Wtrealm</text>
    <text name="AllowUsingGravatarProfilePicture">Kullanıcırın Gravatar profil resmi kullanmasına izin ver</text>
    <text name="UseGravatarProfilePicture">Gravatar profil resmimi kullan</text>
    <text name="PleaseSelectAPicture">Lütfen bir resim seçin!</text>
    <text name="BackToMyAccount_Description">Kendi hesabınıza geri dönün</text>
    <text name="ManageLinkedAccounts_Description">Hesabınıza bağlı diğer hesapları yönetin</text>
    <text name="ManageUserDelegations_Description">Hesabınıza yetkili diğer hesapları yönetin</text>
    <text name="ChangePassword_Description">Hesabınızın şifresini değiştirin</text>
    <text name="LoginAttempts_Description">Yakın zamandaki giriş isteklerini görün</text>
    <text name="ChangeProfilePicture_Description">Hesabınızın profil resmini değiştirin</text>
    <text name="MySettings_Description">Hesabınızın ayarlarını değiştirin</text>
    <text name="VisualSettings_Description">Uygulamanın görünümünü değiştirin</text>
    <text name="DownloadCollectedData_Description">Hesabınıza ait verileri indirin</text>
    <text name="New">Yeni</text>
    <text name="NotAMemberYet">Henüz üye değil misiniz ?</text>
    <text name="DynamicEntityProperties">Dinamik Varlık Özellikleri</text>
    <text name="DynamicProperty">Dinamik Özellik</text>
    <text name="DynamicProperties">Dinamik Özellikler</text>
    <text name="AddNewDynamicProperty">Yeni Dinamik Özellik Ekle</text>
    <text name="AddNewDynamicEntityProperty">Yeni Dinamik Varlık Özelliği Ekle</text>
    <text name="EditDynamicProperty">Dinamik Özelliği Düzenle</text>
    <text name="DynamicPropertyManagement">Dinamik Özellik Yönetimi</text>
    <text name="SelectADynamicProperty">Dinamik Özellik Seçiniz</text>
    <text name="PropertyName">Özellik adı</text>
    <text name="AddNewDynamicPropertyValue">Yeni Dinamik Özellik Değeri Ekle</text>
    <text name="EditDynamicPropertyValue">Dinamik Özellik Değerini Düzenle</text>
    <text name="EditValues">Değeri Düzenle</text>
    <text name="FullName">Ad Soyad</text>
    <text name="FirstName">Ad</text>
    <text name="UiCustomization_HoverableAside">Üstüne gelindiğinde menü açılsın</text>
    <text name="SMTPSettingsNotProvidedWarningText">SMTP ayarları girilmemiş, Lütfen SMTP ayarlarını giriniz.</text>
    <text name="SocialLoginDeactivate_Description">Bu giriş seçeneği senin müşterin için pasif hale getirilecek.</text>
    <text name="DisplayName">Görünen Ad</text>
    <text name="AssignDynamicPropertiesToEntity">Varlığa Dinamik Özellik Ata</text>
    <text name="SendEmailWithSavedSettingsWarning">Ayarları kaydetmediniz, test mailini kayıtlı ayarlar ile göndermek istiyor musunuz?</text>
    <text name="DoYouWantToRemoveTheFile">Dosyayı silmek istiyor musunuz?</text>
    <text name="CurrentFile">Şuanki Dosya</text>
    <text name="Dashboard_NoPageDefined_Warning">Bu genel görünüm için hiçbir sayfa eklenmemiş. Lütfen düzenleme modune geçip bir sayfa ekleyin!</text>
    <text name="Filter">Filtre</text>
    <text name="LoginAttemptsHeaderInfo">Giriş denemelerini listeleyip filtreleyin</text>
    <text name="AbpLoginResultType_Success">Başarılı</text>
    <text name="AbpLoginResultType_InvalidUserNameOrEmailAddress">Geçersiz kullanıcı adı veya email</text>
    <text name="AbpLoginResultType_InvalidPassword">Geçersiz şifre</text>
    <text name="AbpLoginResultType_UserIsNotActive">Kullanıcı aktif değil</text>
    <text name="AbpLoginResultType_InvalidTenancyName">Geçersiz müşteri adı</text>
    <text name="AbpLoginResultType_TenantIsNotActive">Müşteri aktif değil</text>
    <text name="AbpLoginResultType_UserEmailIsNotConfirmed">Email doğrulanmamış</text>
    <text name="AbpLoginResultType_UnknownExternalLogin">Bilinmeyen harici giriş</text>
    <text name="AbpLoginResultType_LockedOut">Kilitli</text>
    <text name="AbpLoginResultType_UserPhoneNumberIsNotConfirmed">Telefon numarası doğrulanmamış</text>
    <text name="Result">Sonuç</text>
    <text name="ChangeDefaultLanguage">Varsayılan dili değiştir</text>
    <text name="ActivationMailSentIfEmailAssociatedMessage">E-posta adresi bilinen bir kullanıcı hesabıyla ilişkilendirilmişse, size bir etkinleştirme bağlantısı gönderilecektir.</text>
    <text name="ChooseAFile">Dosya Seçiniz</text>
    <text name="YouAreNotLoggedInAsAHostUser">Host kullanıcısı olarak giriş yapmadınız!</text>
    <text name="WhatsIncludedInYourPlan">Planınızda neler var?</text>
    <text name="NoFeaturesInYourPlan">Planınızda hiçbir özellik bulunmuyor!</text>
    <text name="YourPlan">Planınız</text>
    <text name="WebhookPageInfo">Web kancaları, belirli olaylar gerçekleştiğinde harici servislerin uyarılmasını sağlar. Belirtilen olaylar gerçekleştiğinde, sağlanan URL'lerin her birine bir POST isteği göndereceğiz.</text>
    <text name="UiCustomization_DarkMode">Siyah Mod</text>
    <text name="Theme_Theme13">Tema 13</text>
    <text name="EnableCheckingLastXPasswordWhenPasswordChangeSettingLabel">Kullanıcının yeni şifresinin son x şifrelerden herhangi biriyle aynı olmasını engelle.</text>
    <text name="CheckingLastXPasswordCountSettingLabel">Kullanıcının yeni şifresi, son kaç şifresinden farklı olmalıdır?</text>
    <text name="NewPasswordMustBeDifferentThenLastXPassword">Yeni şifre son {0} şifreden farklı olmalıdır</text>
    <text name="EnablePasswordExpirationSettingLabel">Şifre süresi ayarını etkinleştir</text>
    <text name="PasswordExpirationDayCountSettingLabel">Şifre geçerli gün sayısı</text>
    <text name="PasswordResetCodeExpirationHoursSettingLabel">Şifre yenileme kodu geçerli saat sayısı</text>
    <text name="WidgetNotFound">Widget bulunamadı</text>
    <text name="WidgetCanNotBePlacedMoreThanOnceInAPageWarning">Seçilen widget'ı bir sayfaya birden fazla yerleştiremezsiniz.</text>
    <text name="SubscriptionPaymentNotCompleted_Title">Middleware tamamlanmamış ödeme bildirimi</text>
    <text name="SubscriptionPaymentNotCompleted_SubTitle">Ödemenizi tamamlayın</text>
    <text name="SubscriptionPaymentNotCompleted_Email_Body">Size bu e-posta'yı bir müşteri oluşturduğunuz fakat ödemesini tamamlamadığınız için yazıyoruz. {0} adresine giderek ödemenizi yapabilir ve kayıt işleminizi tamamlayabilirsiniz.</text>
    <text name="SubscriptionPaymentNotCompleted_Email_Subject">Middleware aboneliğiniz için tamamlanmamış ödeme bildirimi</text>
    <text name="UpdateUsersProfilePicture">Kullanıcıların profil resmini düzenleme</text>
    <text name="AdminName">Admin Kullanıcısının Adı</text>
    <text name="AdminSurname">Admin Kullanıcısının Soyadı</text>
    <text name="UnknownWidgetId">Bilinmeyen Widget Id: {0} </text>
    <text name="AllowedUserNameCharactersInfoText">İzin verilen karakterler: {0}</text>
    <text name="NotificationName">Bildirim adı</text>
    <text name="IsPublished">Yayınlandı mı?</text>
    <text name="CreateNewMassNotification">Yeni Toplu Bildirim Oluştur</text>
    <text name="Enum_NotificationSeverity_0">Bilgi</text>
    <text name="Enum_NotificationSeverity_1">Başarılı</text>
    <text name="Enum_NotificationSeverity_2">Uyarı</text>
    <text name="Enum_NotificationSeverity_3">Hata</text>
    <text name="Enum_NotificationSeverity_4">Kritik</text>
    <text name="TargetNotifiers">Hedef Bildiriciler</text>
    <text name="SearchUser">Kullanıcı ara</text>
    <text name="SearchOrganizationUnit">Organizasyon birimi ara</text>
    <text name="User">Kullanıcı</text>
    <text name="OrganizationUnit">Organizasyon birimi</text>
    <text name="SIAML.Middleware.Notifications.SmsRealTimeNotifier">SMS</text>
    <text name="SIAML.Middleware.Notifications.EmailRealTimeNotifier">Email</text>
    <text name="Abp.AspNetCore.SignalR.Notifications.SignalRRealTimeNotifier">Uygulama İçi Bildirim</text>
    <text name="SendMassNotification">Toplu Bildirim Gönder</text>
    <text name="SendMassNotificationWarningMessage">Bildirim gönderilecek (Bu işlem geri alınamaz).</text>
    <text name="Inbox">Gelen Kutusu</text>
    <text name="MassNotifications">Toplu Bildirimler</text>
    <text name="MassNotificationCreate">Toplu Bildirim Gönderme</text>
    <text name="ItemsSelected">Seçilen Öğeler</text>
    <text name="ResponseType">Yanıt Türü</text>
    <text name="ResponseType_Description">Değer olarak code, id_token, token veya bunları kombinasyonlarını kullanabilirsiniz.</text>
    <text name="ShowFullData">Tüm veriyi göster</text>
    <text name="ShowHTMLData">Tüm HTML'i göster</text>
    <text name="NotificationTargetNotifierSmsLengthInfo">Max sms uzunluğu 160 karakterdir. 160 karakterden fazla olan metinler 160şar karakter olarak bölünüp birden fazla sms ile iletilecektir.</text>
    <text name="MassNotificationNoUsersFoundInOrganizationUnitMessage">Seçilen organizasyon birimine bağlı bir kullanıcı bulunamadı. Mesaj gönderebilmek için en az bir kullanıcı seçmeli ya da en az bir kullanıcının bağlı olduğu bir organizasyon birimi seçmelisiniz.</text>
    <text name="MassNotificationUserOrOrganizationUnitFieldIsRequiredMessage">Toplu bildirim göndermek için lütfen bir kullanıcı veya organizasyon birimi seçin!</text>
    <text name="MassNotificationMessageFieldIsRequiredMessage">Lütfen bir mesaj yazın!</text>
    <text name="SendNewVersionNotification">Yeni Sürüm Bildirimi Gönder</text>
    <text name="SendNewVersionNotificationWarningMessage">Yeni sürüm bildirimi gönderilecektir. (Bu işlem geri alınamaz)</text>
    <text name="NewVersionAvailableNotification">Uygulamanızı en son sürüme güncellemek ister misiniz?</text>
    <text name="NewVersionAvailableNotificationMessage">Uygulamanın yeni bir sürümü yayınlandı. Güncel kalmak için lütfen uygulamanızı güncelleyin!</text>
    <text name="SuccessfullySentNewVersionNotification">Mesaj başarıyla tüm kullanıcılara gönderildi.</text>
    <text name="AllowAsideMinimizing_HoverableAside_Warning">Menü küçültmeye izin verildiğinde, üstüne gelindiğinde menü açılsın özelliği de aktif olmalıdır!</text>
    <text name="ValueMustBeBiggerThanOrEqualToX">Girilen değer {0} veya daha büyük olmalı!</text>
    <text name="InvalidVerificationCode">Geçersiz doğrulama kodu</text>
    <text name="YourAuthenticatorCode">Authenticator kodunuz</text>
    <text name="AuthenticatorAppEnabled">Authenticator uygulaması aktif</text>
    <text name="AuthenticatorAppEnabledDescription">İki faktörlü kimlik doğrulama (kısaca 2FA Uygulaması), yalnızca sizin oturum açabilmeniz için hesabınıza ekstra bir güvenlik katmanı eklemenin iyi bir yoludur.</text>
    <text name="ViewRecoveryCodes">Kurtarma Kodlarını Görüntüle</text>
    <text name="DisableAuthenticatorApp">Devre dışı bırak</text>
    <text name="EnableAuthenticatorApp">Authenticator uygulamasını etkinleştir</text>
    <text name="EnableAuthenticatorAppDescription">İki faktörlü kimlik doğrulama, hesabınıza ekstra bir güvenlik katmanı ekler. Giriş yapmak için ek olarak 6 haneli bir kod sağlamanız gerekir.</text>
    <text name="YourCodeOrBackupCode">Doğrulayıcı kodunuz veya kurtarma kodunuz</text>
    <text name="TwoFactorAuthentication">İki Faktörlü Kimlik Doğrulama</text>
    <text name="AuthenticatorAppTitle">Kimlik doğrulaması</text>
    <text name="SaveRecoveryCodesTitle">Güvenlik kodlarınızı kaydedin</text>
    <text name="AuthenticatorAppScan">Authenticator uygulamanızdaki kodu girin</text>
    <text name="AuthenticatorAppScanHelp">QR kodunu taradıktan sonra, uygulama aşağıya girebileceğiniz altı haneli bir kod üretecektir.</text>
    <text name="AuthenticatorAppEnabledHelp">Bir sonraki oturum açışınızda, kimlik doğrulayıcı uygulamanızdan bir kod girmeniz istenecektir.</text>
    <text name="Continue">Devam et</text>
    <text name="Copy">Kopyala</text>
    <text name="Done">Tamamlandı</text>
    <text name="TwoFactorAuthenticationEnabled">İki faktörlü kimlik doğrulama etkinleştirildi</text>
    <text name="TwoFactorAuthenticationDisabled">İki faktörlü kimlik doğrulama devre dışı</text>
  </texts>
</localizationDictionary>
