<?xml version="1.0" encoding="utf-8" ?>
<localizationDictionary culture="es-MX">
  <texts>
    <text name="HomePage">Página de Inicio</text>
    <text name="AboutUs">Nosotros</text>
    <text name="Administration">Administración</text>
    <text name="Roles">Roles</text>
    <text name="Users">Usuarios</text>
    <text name="InvalidFormMessage">El formulario es inválido. Por favor verifique y corríjalo.</text>
    <text name="InvalidUserNameOrPassword">Usuario o contraseña inválidos</text>
    <text name="ThereIsNoTenantDefinedWithName{0}">No hay una instancia definida con el nombre {0}</text>
    <text name="TenantIsNotActive">Instancia {0} no está activa.</text>
    <text name="UserIsNotActiveAndCanNotLogin">Usuario {0} no está activo y no puede hacer login.</text>
    <text name="PleaseEnterLoginInformation">Por favor provea la información de login</text>
    <text name="TenancyName">Nombre de la instancia</text>
    <text name="UserNameOrEmail">Nombre de usuario o correo</text>
    <text name="Password">Contraseña</text>
    <text name="RememberMe">Recuerdame</text>
    <text name="LogIn">Login</text>
    <text name="ForgotPassword">¿Olvidaste tu contraseña?</text>
    <text name="DontYouHaveAnAccount">¿Tienes una cuenta?</text>
    <text name="CreateAnAccount">Crear cuenta</text>
    <text name="Pages">Páginas</text>
    <text name="RoleName">Nombre del rol</text>
    <text name="EditRole">Editar role</text>
    <text name="CreateNewRole">Crear nuevo rol</text>
    <text name="RoleProperties">Propiedades del rol</text>
    <text name="Permissions">Permisos</text>
    <text name="Save">Guardar</text>
    <text name="Cancel">Cancelar</text>
    <text name="RolesHeaderInfo">Uso de roles para agrupar permisos</text>
    <text name="Static">Estático</text>
    <text name="Actions">Acciones</text>
    <text name="Delete">Borrar</text>
    <text name="SavedSuccessfully">Guardado exitosamente.</text>
    <text name="AreYouSure">¿Estas seguro?</text>
    <text name="YesDelete">Sí, ¡borrar!</text>
    <text name="DeletingUser">Eliminando usuario</text>
    <text name="UsersHeaderInfo">Administrar usuarios y permisos.</text>
    <text name="CreateNewUser">Crear nuevo usuario</text>
    <text name="UserName">Nombre de usuario</text>
    <text name="Name">Nombre</text>
    <text name="Surname">Primer apellido</text>
    <text name="EmailAddress">Correo</text>
    <text name="LastLoginTime">Último login</text>
    <text name="EditUser">Editar usuario</text>
    <text name="UserInformations">Información del usuario</text>
    <text name="PasswordRepeat">Contraseña (repetir)</text>
    <text name="SuccessfullyDeleted">Borrado exitosamente.</text>
    <text name="RoleDeleteWarningMessage">Rol {0} será eliminado y desasignado de todos los usuarios.</text>
    <text name="UserDeleteWarningMessage">Usuario {0} será eliminado.</text>
    <text name="Active">Activo</text>
    <text name="EmailConfirm">Confirmar correo</text>
    <text name="Yes">Sí</text>
    <text name="No">No</text>
    <text name="MySettings">Mis preferencias</text>
    <text name="Logout">Salir</text>
    <text name="Reset">Resetear</text>
    <text name="ResetPermissionsTooltip">Este botón de inmediato incializa los permisos y preferencias específicasdel usuario, y guarda los cambios. El usuario tendrá permiso sólo a los roles asignados.</text>
    <text name="ResetSuccessfully">Inicialización exitosa</text>
    <text name="Tenants">Instancias</text>
    <text name="TenantsHeaderInfo">Manage your tenants.</text>
    <text name="CreateNewTenant">Crear nueva instancia</text>
    <text name="TenancyCodeName">Nombre código de la instancia</text>
    <text name="TenantName">Nombre de la instancia</text>
    <text name="TenantDeleteWarningMessage">Instancia {0} será eliminada.</text>
    <text name="AdminEmailAddress">admin email</text>
    <text name="AdminPassword">correo del administrador</text>
    <text name="AdminPasswordRepeat">contraseña del administrador (repetir)</text>
    <text name="EditTenant">Editar instancia</text>
    <text name="ChangingPermissions">Modificando permisos</text>
    <text name="EditingUser">Editando usuario</text>
    <text name="CreatingNewUser">Creando nuevo usuario</text>
    <text name="Edit">Editar</text>
    <text name="EditingTenant">Editando instancia</text>
    <text name="CreatingNewTenant">Creando nueva instancia</text>
    <text name="DeletingTenant">Eliminando instancia</text>
    <text name="EditingRole">Editando rol</text>
    <text name="CreatingNewRole">Creando nuevo rol</text>
    <text name="DeletingRole">Eliminando rol</text>
    <text name="CreationTime">Hora de creación</text>
    <text name="SearchWithThreeDot">Buscar...</text>
    <text name="ResetSpecialPermissions">Inicializar permisos especiales</text>
    <text name="SavingWithThreeDot">Guardando...</text>
    <text name="Settings">Preferencias</text>
    <text name="SaveAll">Guardar todo</text>
    <text name="SettingsHeaderInfo">Mostrar y cambiar preferencias del sistema.</text>
    <text name="EmailSmtp">Correo (SMTP)</text>
    <text name="DefaultFromAddress">Default from (sender) email address</text>
    <text name="DefaultFromDisplayName">Correo default 'de' (remitente)</text>
    <text name="SmtpHost">SMTP host</text>
    <text name="SmtpPort">SMTP puerto</text>
    <text name="UseDefaultCredentials">Usar credenciales default</text>
    <text name="DomainName">Nombre de dominio</text>
    <text name="UseSsl">Usar SSL</text>
    <text name="ThisWebSiteRootAddress">Direccióin raiz del sitio Web</text>
    <text name="ThisWebSiteRootAddress_Hint">Esta será usada al crear ligas a este sitio web. Se necesita para algunas tareas como, crear ligas para el reset de contraseña. Ejemplo: http://midominio.com/</text>
    <text name="General">General</text>
    <text name="SendPasswordResetLink_Information">Se enviará un correo con la liga para el reset de su contraseña. Si no llega el correo en unos minutos, por favor reintente.</text>
    <text name="Send">Enviar</text>
    <text name="PasswordReset">Reset de contraseña</text>
    <text name="InvalidUserNameOrEmailAddress">Usuario o correo inválido</text>
    <text name="PasswordResetEmail_Subject">reset de contraseña de mesa de ayuda</text>
    <text name="PasswordResetEmail_Title">cfapp password reset.</text>
    <text name="PasswordResetEmail_SubTitle">Este correo se envió para el reset o recreación de su contraseña.</text>
    <text name="PasswordResetEmail_ClickTheLinkBelowToResetYourPassword">Por favor dé click en la liga de abajo para resetear su contraseña:</text>
    <text name="EmailActivation_Subject">correo de activación de cuenta de mesa de ayuda</text>
    <text name="EmailActivation_Title">Bienvenido a mesa de ayuda..</text>
    <text name="EmailActivation_SubTitle">This email is sent you to verify your email.</text>
    <text name="EmailActivation_ClickTheLinkBelowToVerifyYourEmail">Este correo se envió para verificar su dirección de correo.</text>
    <text name="InvalidEmailAddress">Dirección de correo inválida</text>
    <text name="InvalidPasswordResetCode">Código de reset de contraseña inválido</text>
    <text name="InvalidPasswordResetCode_Detail">Por favor asegúrese de haber entrado a esta página dando click a la liga enviada a su correo. Si esto no resuelve el problema, puede reintentar la solicitud de generación de la liga para el reset de contraseña.</text>
    <text name="PleaseEnterYourNewPassword">Por favor proporcione su nueva contraseña.</text>
    <text name="UserEmailIsNotConfirmedAndCanNotLogin">Su dirección de correo no ha sido confirmada. Por favor verifique su correo y dé click en la liga de confirmación para activar su cuenta. Si usted no recibió un correo de activación, dé click en 'confirmación de correo' para solicitar un nuevo correo.</text>
    <text name="LoginFailed">¡Login falló!</text>
    <text name="InvalidEmailConfirmationCode">Código de confirmación de correo inválido</text>
    <text name="InvalidEmailConfirmationCode_Detail">Por favor asegúrse de haber entrado a esta página dando click a la liga enviada a su correo. Si esto no resuelve el problema, puede reintentar solicitar un nuevo código de confirmación.</text>
    <text name="YourEmailIsConfirmedMessage">Su correo fue confirmado exitosamente..</text>
    <text name="ShouldChangePasswordOnNextLogin">Debe cambir su contraseña en su próximo login.</text>
    <text name="SetRandomPassword">Asignar contraseña aleatoria.</text>
    <text name="EmailActivation">Activación de correo</text>
    <text name="SendEmailActivationLink_Information">Se enviará una liga a su correo para activar su dirección de correo. Si no recibe el correo en unos minutos, por favor reintente.</text>
    <text name="SendActivationEmail">Enviar correo de activación.</text>
    <text name="ChangePassword">Cambiar contraseña</text>
    <text name="CurrentPassword">Contraseña actual</text>
    <text name="NewPassword">Nueva contraseña</text>
    <text name="NewPasswordRepeat">Nueva contraseña (repetir)</text>
    <text name="YourPasswordHasChangedSuccessfully">Su contraseña fue cambiada exitosamente.</text>
    <text name="SelfUserRegistrationIsDisabledMessage">¡Usted no puede registrarse al sisema!</text>
    <text name="SelfUserRegistrationIsDisabledMessage_Detail">Auto registro está deshabilitado. Por favor contacte al administrador para poder registrarse.</text>
    <text name="SuccessfullyRegistered">Registrado exitosamente</text>
    <text name="ConfirmationMailSentPleaseClickLinkInTheEmail">Se envió correo de confirmación a {0}. Por favor verifique la liga en el correo, para confirmar su dirección de correo.</text>
    <text name="YourAccountIsWaitingToBeActivatedByAdmin">Su cuenta está en espera de ser activada por el administrador del sistema.</text>
    <text name="NameSurname">Apellido</text>
    <text name="UserManagement">Administración de usuarios</text>
    <text name="AllowUsersToRegisterThemselves">Permitir a usuarios registrarse en el sistema.</text>
    <text name="AllowUsersToRegisterThemselves_Hint">Si deshabilitas esta opción, los usuarios sólo podrán ser agregados por el administrador, usando la opción de administración de usuarios.</text>
    <text name="NewRegisteredUsersIsActiveByDefault">El registro de nuevos usuarios está activo por default</text>
    <text name="NewRegisteredUsersIsActiveByDefault_Hint">Si deshabilitas esta opción, nuevos usuarios no estarán activos y no podrán loguearse, hasta que el administrador active la cuenta manualmente.</text>
    <text name="Default">Default</text>
    <text name="DefaultRole_Description">Asignar a nuevos usuarios por default.</text>
    <text name="StaticRole_Tooltip">Roles estáticos no pueden ser eliminados.</text>
    <text name="EmailConfirmationRequiredForLogin">Es necesario confirmar el correo para el login.</text>
    <text name="{0}UserCannotBeDeleted">Usuario {0} no puede ser borrado.</text>
    <text name="TenantNameCanNotBeEmpty">Nombre de instancia no puede estar vacía</text>
    <text name="ExportToExcel">Exportar a Excel</text>
    <text name="ChangeProfilePicture">Cambiar foto de perfil</text>
    <text name="TenantName_Regex_Description">El nombre de la instancia debe ser de al menos 2 caracteres, empezar con una letra y continuar con una letra, número, guión o guión bajo.</text>
    <text name="ProfilePicture_Change_Info">Puedes seleccionar una imagen en formato JPG/JPEG/PNG de máximo {0}MB.</text>
    <text name="ProfilePicture_Change_Error">Tu foto de perfil no pudo ser actualizada.</text>
    <text name="ProfilePicture_Warn_SizeLimit">El tamaño de la imagen debe ser menor a {0}MB. Por favor, selecciona otro archivo.</text>
    <text name="ProfilePicture_Warn_FileType">Sólo puedes seleccionar archivos JPG/JPEG. Por favor, selecciona otro archivo.</text>
    <text name="Dashboard">Tablero de control</text>
    <text name="DashboardHeaderInfo">estadísticas y reportes</text>
    <text name="GoToApplication">Ir a aplicación</text>
    <text name="TenantInformations">Información de la instancia</text>
    <text name="PersonalInformations">Información personal</text>
    <text name="AccountSettings">Preferncia de la cuenta</text>
    <text name="Captha_Hint">Por favor proporciona el código de seguridad que se muestra en la imagen abajo:</text>
    <text name="Back">Regresar</text>
    <text name="Submit">Enviar</text>
    <text name="SignUp">Enrolarse</text>
    <text name="CaptchaCanNotBeEmpty">El código de seguridad no puede estar vacío.</text>
    <text name="IncorrectCaptchaAnswer">El código de seguridad no es válido</text>
    <text name="FormIsNotValidMessage">Form is not valid. Please check and fix errors.</text>
    <text name="CanNotChangeAdminUserName">El formulario tiene errores. Favor de verificar.</text>
    <text name="Error">¡Error!</text>
    <text name="OopsYouAreLost">¡Oops! Estás perdido.</text>
    <text name="WeCanNotFindThePage">No podemos encontrar la página que estás buscando.</text>
    <text name="DashboardDemo_Note_Title">¡Bienvenido al proyecto de inicio de ASP.NET Zero!</text>
    <text name="DashboardDemo_Note_Info">
      En este demo, puedes usar el menú de la izquierda para probar la aplicación.
      Este panel de control es sólo para demostración, pero el resto de las páginas y funcionalidades están totalmente implementadas, trabajando y listas para producción.
      Puedes agregar tus requerimientos de negocio en este proyecto de inicio (o eliminar la funcionalidad que no necesitas).
      De manera que, puedes tener una ganancia significativa en tiempo iniciar de inmediato con los requerimientos de tu proyecto.
    </text>
    <text name="WelcomePage_Title">¡Bienvenido!</text>
    <text name="WelcomePage_Info">Bienvenido a la aplicación. Puedes usar el menú para empezar a usar la aplicación. Si no ves ninguna opción en el menú, probablemente no tienes permisos para ver ninguna página. Pregunta al administrador por los permisos.</text>
    <text name="RequestedFileDoesNotExists">¡El archivo solicitado no existe!</text>
    <text name="MailSent">Correo enviado</text>
    <text name="PasswordResetMailSentMessage">Se envió a tu correo una liga para el reset de tu contraseña. Por favor verifica tu correo.</text>
    <text name="UseCaptchaOnRegistration">Imagen de seguridad de registro de usuarios (captcha).</text>
    <text name="FormBasedRegistration">Registro basado en formulario</text>
    <text name="LdapSettings">Configuraicón LDAP</text>
    <text name="EnableLdapAuthentication">Activar autenticación LDAP..</text>
    <text name="OtherSettings">Otra configuración</text>
    <text name="AuditLogs">Logs de auditoría</text>
    <text name="Success">Éxito</text>
    <text name="Time">Tiempo</text>
    <text name="Service">Servicio</text>
    <text name="Action">Acción</text>
    <text name="Duration">Duración</text>
    <text name="IpAddress">Dirección IP</text>
    <text name="Client">Cliente</text>
    <text name="Browser">Navegador</text>
    <text name="Xms">{0} ms</text>
    <text name="Close">Cerrar</text>
    <text name="Refresh">Refrescar</text>
    <text name="ErrorState">Estado del error</text>
    <text name="All">Todo</text>
    <text name="HasError">Con error</text>
    <text name="ShowAdvancedFilters">Mostrar filtros avanzados</text>
    <text name="HideAdvancedFilters">Esconder filtros avanzados</text>
    <text name="AuditLogDetail">Detalle de log de auditoría</text>
    <text name="Parameters">Parámetros</text>
    <text name="DateRange">Rango de fechas</text>
    <text name="ActionInformations">Información de acción</text>
    <text name="Today">Hoy</text>
    <text name="Yesterday">Ayer</text>
    <text name="Last7Days">Últimos 7 días</text>
    <text name="Last30Days">Últimos 30 días</text>
    <text name="ThisMonth">Este mes</text>
    <text name="LastMonth">Mes anterior</text>
    <text name="TenantSelection">elección de instancia</text>
    <text name="TenantSelection_Detail">Por favor selecciona una de las siguientes instancias.</text>
    <text name="LoginWith">Login con:</text>
    <text name="PasswordChangeDontRememberMessage">Si no puedes recordar tu contraseña, {0}.</text>
    <text name="ClickHere">Haz click aquí</text>
    <text name="Apply">Aplicar</text>
    <text name="CustomRange">Rango personalizado</text>
    <text name="DashboardNoteForMpaVersion">
      <![CDATA[
      Ver demo para Aplicación multi página con <strong>ASP.NET MVC</strong> y <strong>jQuery</strong>.
      ]]>
    </text>
    <text name="DashboardNoteForSpaVersion">
      <![CDATA[
      Aviso: Además existe la versión <strong>Aplicación de una página</strong> construida con ASP.NET MVC y <strong>AngularJs</strong>.
      ]]>
    </text>
    <text name="SeeDemo">Ver demo</text>
    <text name="Edition">Edición</text>
    <text name="Editions">Ediciones</text>
    <text name="EditionsHeaderInfo">Administrar ediciones y características de la aplicación</text>
    <text name="CreateNewEdition">Crear nueva edición</text>
    <text name="EditEdition">Editar edición</text>
    <text name="EditionProperties">Propiedades de la edición</text>
    <text name="EditionName">Nombre de la edición</text>
    <text name="Features">Características</text>
    <text name="EditionDeleteWarningMessage">Estás seguro de eliminar la edición {0}?</text>
    <text name="CreatingNewEdition">Creando nueva edición</text>
    <text name="EditingEdition">Editando edición</text>
    <text name="DeletingEdition">Eliminando edición</text>
    <text name="ChangingFeatures">Modificando características</text>
    <text name="ResetSpecialFeatures">Inicializar características especiales</text>
    <text name="ResetFeaturesTooltip">Este botón inicializa la configuración de características específica para esta instancia y guarda los cambios. Los usuarios de la instancia sólo tendrán las características de la edición asignada.</text>
    <text name="NotAssigned">No asignado</text>
    <text name="InvalidFeaturesWarning">¡Uno o más valores de las características no son válidos!</text>
    <text name="Languages">Idiomas</text>
    <text name="LanguagesHeaderInfo">Administrar idioma de la interfaz de usuarios.</text>
    <text name="CreateNewLanguage">Crear nuevo idioma</text>
    <text name="Code">Códigoe</text>
    <text name="CreatingNewLanguage">Creando nuevo idioma</text>
    <text name="EditingLanguage">Editando idioma</text>
    <text name="DeletingLanguages">Eliminando idioma</text>
    <text name="ChangingTexts">Cambiando textos</text>
    <text name="SuccessfullySaved">Guardado exitosamente.</text>
    <text name="Language">Idioma</text>
    <text name="Flag">Bandera</text>
    <text name="SetAsDefaultLanguage">Establecer como idioma default</text>
    <text name="EditLanguage">Editar idioma</text>
    <text name="ChangeTexts">Cambiar textos</text>
    <text name="TargetValue">Valor destino</text>
    <text name="BaseValue">Valor base</text>
    <text name="Key">Llave</text>
    <text name="SaveAndClose">Guardar &amp; Cerrar</text>
    <text name="SaveAndNext">Guardar &amp; Siguiente</text>
    <text name="EditText">Editar texto</text>
    <text name="LanguageTexts">Textos del idioma</text>
    <text name="LanguageTextsHeaderInfo">Editar textos para idiomas.</text>
    <text name="EmptyOnes">Los vacíos</text>
    <text name="Source">Fuente</text>
    <text name="BaseLanguage">Idioma base</text>
    <text name="TargetLanguage">Idioma destino</text>
    <text name="Previous">Anterior</text>
    <text name="LanguageDeleteWarningMessage">Estas seguro de eliminar el idioma {0}?</text>
    <text name="CanNotEditOrDeleteDefaultLanguages">No puedes editar o eliminar idiomas default. Sólo puedes editar o eliminar idiomas que tu hayas agregado. Sin embargo, puedes cambiar los textos de todos los idiomas.</text>
    <text name="LookingForMpaVersion">¿Estás buscando la versión multi página de la aplicación?</text>
    <text name="LookingForSpaVersion">¿Estás buscando la versión de una página de la aplicación?</text>
    <text name="ThisLanguageAlreadyExists">¡Este idioma ya existe!</text>
    <text name="OrganizationUnits">Unidades organizacionales</text>
    <text name="OrganizationUnitsHeaderInfo">Utiliza las unidades organizacionales para organizar usuarios y entidades</text>
    <text name="OrganizationTree">Árbol organizacional</text>
    <text name="Members">Miembros</text>
    <text name="SelectAnOrganizationUnitToSeeMembers">Selecciona una unidad organizacional para consultar sus miembros.</text>
    <text name="OrganizationUnitDeleteWarningMessage">¿Estás seguro de eliminar la unidad organizacional {0}?</text>
    <text name="AddSubUnit">Agregar sub unidad</text>
    <text name="AddMember">Agregar miembro</text>
    <text name="SuccessfullyAdded">Agregado exitosamente</text>
    <text name="RemoveUserFromOuWarningMessage">Estás seguro de remover al usuario {0} de la unidad organizacional {1}?</text>
    <text name="SuccessfullyRemoved">Removido exitosamente</text>
    <text name="SelectAnItem">Selecciona un elemento</text>
    <text name="NewOrganizationUnit">Nueva unidad organizacional</text>
    <text name="SelectAUser">Selecciona un usuario</text>
    <text name="Select">Selecciona</text>
    <text name="UserIsAlreadyInTheOrganizationUnit">¡Este usuario ya está en la unidad organizacional!</text>
    <text name="AddRootUnit">Agrega unidad raíz</text>
    <text name="AddUser">Agregar usuario</text>
    <text name="NoOrganizationUnitDefinedYet">No se ha definido aún una unidad organizacional.</text>
    <text name="OrganizationUnitMoveConfirmMessage">Por favor confirma mover {0} debajo de {1}.</text>
    <text name="Root">Raíz</text>
    <text name="SuccessfullyMoved">Movido exitosamente.</text>
    <text name="AddedTime">Agregando tiempo</text>
    <text name="ManagingMembers">Administrando miembros</text>
    <text name="ManagingOrganizationTree">Administrando árbol organizacional</text>
    <text name="LoginForUsers">Login para usuarios</text>
    <text name="LoginAsThisUser">Login como este usuario</text>
    <text name="BackToMyAccount">Regresar a mi cuenta</text>
    <text name="LoginForTenants">Login para usuarios de una instancia</text>
    <text name="LoginAsThisTenant">Login como esta instancia</text>
    <text name="AuditLogImpersonatedOperationInfo">Nota: Esta operación es realizada por otro usuario a nombre de este usuario.</text>
    <text name="CustomData">Datos personalizados</text>
    <text name="None">Ninguno</text>
    <text name="YouCanBackToYourAccount">Puedes regresar a tu cuenta aquí.</text>
    <text name="CascadeImpersonationErrorMessage">No puedes realizar impersonalización en cascada. ¡Este es ya un login impersonalizado!</text>
    <text name="FromTenantToHostImpersonationErrorMessage">¡No es posible impersonalizar un usuario 'host' a partir de un usuario de una instancia!</text>
    <text name="DifferentTenantImpersonationErrorMessage">¡No es posible impersonalizar un usuario de una instancia diferente!</text>
    <text name="ImpersonationTokenErrorMessage">¡Token de impersonalización es inválido o expirado!</text>
    <text name="NotImpersonatedLoginErrorMessage">¡Este no es un login impersonalizado!</text>
    <text name="YouCannotLinkToSameAccount">¡No puedes ligar a la misma cuenta!</text>
    <text name="ChangePasswordBeforeLinkToAnAccount">¡Debes cambiar la contraseña antes de ligar esta cuenta!</text>
    <text name="LinkedAccounts">Cuentas ligadas</text>
    <text name="ManageLinkedAccounts">Administrar cuentas</text>
    <text name="LinkNewAccount">Ligar nueva cuenta</text>
    <text name="SuccessfullyUnlinked">Desligada exitosamente</text>
    <text name="LinkedUserDeleteWarningMessage">Se eliminará la liga al usuario {0}.</text>
    <text name="SwitchToLinkedAccountTokenErrorMessage">¡Token de impersonalización es inválido o expirado!</text>
    <text name="WelcomeToTheApplicationNotificationMessage">¡Bienvenido a mesa de ayuda! El sistema de notificaciones se usa para informarte de eventos planeados. Puedes seleccionar qué tipo de notificaciones quieres recibir a partir de la configuración de notificaciones.</text>
    <text name="NewUserRegisteredNotificationDefinition">En un nuevo usuario registrado en la aplicación.</text>
    <text name="NewUserRegisteredNotificationMessage">Un nuevo usuario registrado en la aplicación. Nombre de usuario: {userName}, Dirección de correo: {emailAddress}.</text>
    <text name="SeeAllNotifications">Ver todas las notificaciones</text>
    <text name="SetAsRead">Marcar como leído</text>
    <text name="SetAllAsRead">Marcar todo como leído</text>
    <text name="NotificationSettings">Configuración de notificaciones</text>
    <text name="ReceiveNotifications">Receive Notifications</text>
    <text name="ReceiveNotifications_Definition">Esta opción puede ser usada para habilitar / deshabilitar por completo la recepción de notificaciones.</text>
    <text name="NotificationTypes">Tipo de notificaciones</text>
    <text name="ReceiveNotifications_DisableInfo">Deshabilitaste por completo la recepción de notificaciones. Puedes habilitarlas y seleccionar los tipos de notificación que deseas recibir.</text>
    <text name="Notifications">Notificaciones</text>
    <text name="ThereAreNoNotifications">No hay notificación.</text>
    <text name="Unread">Sin leer</text>
    <text name="YouCanNotDeleteOwnAccount">¡No puedes borrar tu propia cuenta de usuario!</text>
    <text name="On">Encendido</text>
    <text name="Off">Apagado</text>
    <text name="Maintenance">Mantenimiento</text>
    <text name="Caches">Caches</text>
    <text name="CacheSuccessfullyCleared">Cache limpiado exitosamente.</text>
    <text name="AllCachesSuccessfullyCleared">Todos los cachés fueron limpiados.</text>
    <text name="ClearAll">Limpiar todo</text>
    <text name="Clear">Limpiar</text>
    <text name="CachesHeaderInfo">Puedes limpiar los cachés de la aplicación en esta página.</text>
    <text name="TestEmailSettingsHeader">Probar configuración de correo</text>
    <text name="SendTestEmail">Enviar correo de prueba</text>
    <text name="TestEmail_Subject">prueba de correo de mesa de ayuda</text>
    <text name="TestEmail_Body">Este es un correo de prueba.</text>
    <text name="TestEmailSentSuccessfully">Envío de correo de prueba exitoso.</text>
    <text name="WebSiteLogs">Logs del sitio web</text>
    <text name="WebSiteLogsHeaderInfo">Puedes ver los últimos logs en esta página o descargar todos los logs en un archivo Zip.</text>
    <text name="DownloadAll">Descargar todo</text>
    <text name="TenantManagement">Administración de instancias</text>
    <text name="AllowTenantsToRegisterThemselves">Permitir el registro de instancias en el sistema.</text>
    <text name="AllowTenantsToRegisterThemselves_Hint">Si deshabilitas esto, las instancias sólo podrán ser agregadas por el administrador desde la página de administración de instancias.</text>
    <text name="NewRegisteredTenantsIsActiveByDefault">Nuevas instancias registradas están activas por default.</text>
    <text name="NewRegisteredTenantsIsActiveByDefault_Hint">Si deshabilitas esto, las nuevas instancias no estarán activas (y no se pueden loguear), hasta que el administrador activa la cuenta manualmente.</text>
    <text name="TenantSignUp">Registro de instancia</text>
    <text name="NewTenantRegisteredNotificationDefinition">En una nueva instancia registrada en la aplicación.</text>
    <text name="NewTenantRegisteredNotificationMessage">Una nueva instancia registrada en la aplicación. Nombre de la instancia: {tenancyName}.</text>
    <text name="LoginAttempts">Intentos de login</text>
    <text name="Failed">Fallido</text>
    <text name="NewTenant">Nueva instancia</text>
    <text name="ResizedProfilePicture_Warn_SizeLimit">El tamaño de las imágenes redimensionadas debe ser menor a {0}KB. Por favor redimensione aún más y vuelva a intentar.</text>
    <text name="RegisterFormUserNameInvalidMessage">Por favor no especifique una cuenta de correo como nombre de usuario.</text>
    <text name="UseHostDatabase">Usar base de datos 'host'</text>
    <text name="DatabaseConnectionString">Cadena de conexión a la base de datos</text>
    <text name="TenantDatabaseConnectionStringChangeWarningMessage">Nota: Antes de cambiar la cadena de conexión a la base de datos de una instancia, deberías mover la base de datos de la instancia a su nuava locación. Cambiar la cadena de conexión no mueve la base de datos de la instancia.</text>
    <text name="Timezone">Zona horaria</text>
    <text name="HasOwnDatabase">HasOwnDatabase</text>
    <text name="TimeZoneSettingChangedRefreshPageNotification">Configuración de zona horaria actualizada. Presiona el botón Ok para refrescar la página y ver los cambios.</text>
    <text name="Ok">Ok</text>
    <text name="Permission">Permiso</text>
    <text name="Role">Rol</text>
    <text name="Security">Seguridad </text>
    <text name="PasswordComplexity">Complejidad de contraseña</text>
    <text name="MinPasswordLength">Tamaño mínimo de contraseña</text>
    <text name="MaxPasswordLength">Tamaño máximo de contraseña</text>
    <text name="UseNumbers">Usar números en conraseña</text>
    <text name="UseUpperCaseLetters">Usar mayúsculas en contraseña</text>
    <text name="UseLowerCaseLetters">Usar minúsculas en contraseña</text>
    <text name="UsePunctuations">Usar símbolos de puntuación en contraseña</text>
    <text name="UseDefaultSettings">Utilizar la configuración default</text>
    <text name="PasswordComplexityNotSatisfied">No cumple con la configuración de complejidad de contraseña.</text>
    <text name="PasswordComplexity_MinLength_Hint">Contraseña debe ser de al menos {0} caracteres</text>
    <text name="PasswordComplexity_MaxLength_Hint">Contraseña debe ser de máximo {0} caracteres</text>
    <text name="PasswordComplexity_UseNumbers_Hint">Contraseña debe contener al menos un número</text>
    <text name="PasswordComplexity_UseUpperCaseLetters_Hint">Contraseña debe contener al menos una letra en mayúscula</text>
    <text name="PasswordComplexity_UseLowerCaseLetters_Hint">Contraseña debe contener al menos una letra en minúscula</text>
    <text name="PasswordComplexity_UsePunctuations_Hint">Contraseña debe contener al menos un caracter especial</text>
    <text name="YouAlreadySentAFriendshipRequestToThisUser">Ya agrgaste este usuario.</text>
    <text name="YouCannotBeFriendWithYourself">No puedes ser amigo de ti mismo.</text>
    <text name="NewChatMessageEmail_Title">Detalles del mensaje</text>
    <text name="NewChatMessageEmail_SubTitle"></text>
    <text name="NewChatMessageEmail_Subject">Tienes un nuevo mensaje de chat</text>
    <text name="Sender">Remitente</text>
    <text name="Message">Mensaje</text>
    <text name="UserBlocked">Usuario bloqueado exitosamente.</text>
    <text name="UserUnblocked">Usuario desbloqueado exitosamente.</text>
    <text name="BlockUser">Bloquear usuario</text>
    <text name="UnblockUser">Desbloquear</text>
    <text name="FriendshipRequestAccepted">Solicitud de amistad aceptada</text>
    <text name="UserSendYouAFriendshipRequest">{0} Te agregó como amigo.</text>
    <text name="Friends">Amigos</text>
    <text name="Others">Otros</text>
    <text name="BlockedUsers">Usuarios bloqueados</text>
    <text name="YouDontHaveAnyFriend">No tienes ningún amigo. Escribe un nombre de usuario en la casilla superior y presiona el botón 'Agregar amigo'.</text>
    <text name="YouDontHaveAnyBlockedFriend">No tienes usuarios bloqueados. Para bloquear un amigo, selecciona el amigo y selecciona 'Bloquear' a partir de la lista de acciones.</text>
    <text name="ChatUserSearch_Hint">
      <![CDATA[
      Escribe sólo el nombre de usuario para usuarios de la misma instancia, <br>
      <strong>[tenancyName]\[userName]</strong> para usuarios de otras instancias <br><br>
      por ejemplo: <br>
      .\admin -> para el administrador 'host' <br>
      Prueba\admin -> para el administrador de la instancia 'Prueba' <br>
      admin -> para el administrador de tu instancia
      ]]>
    </text>
    <text name="AddFriend">Agregar amigo</text>
    <text name="TypeAMessageHere">Escribe aquí un mensaje...</text>
    <text name="Chat">Chat</text>
    <text name="ChatFeature">Chat</text>
    <text name="ChatFeatureIsNotEnabledForSender">El chat no está habilitado para ti.</text>
    <text name="ChatFeatureIsNotEnabledForReceiver">El chat no está habilitado para la instancia.</text>
    <text name="UserIsBlocked">Usuario está desbloqueado.</text>
    <text name="ChatIsNotConnectedWarning">Chat no está conectado.</text>
    <text name="Demo_SampleChatMessage">Hola, este es un mensaje de prueba. Por favor haz login con mi cuenta en otro navegador y vé cómo funcionan el chat.</text>
    <text name="TenantToTenantChatFeatureIsNotEnabledForSender">Chat con otras instancias no está habilitado para ti.</text>
    <text name="TenantToTenantChatFeatureIsNotEnabledForReceiver">Chat con otras instancias no está habilitado para esta instancia.</text>
    <text name="TenantToHostChatFeatureIsNotEnabledForSender">Chat con 'host' no está habilitado para ti.</text>
    <text name="TenantToHostChatFeatureIsNotEnabledForReceiver">Chat con 'host' no éstá habilitado para esta instancia.</text>
    <text name="TenantToTenantChatFeature">Chat con otras instancias</text>
    <text name="TenantToHostChatFeature">Chat con 'host'</text>
    <text name="FilterByPermission">Filtrar por permiso</text>
    <text name="FilterByRole">Filtrar por rol</text>
    <text name="FilterOrAddUser">Filtrar/Agregar usuario</text>
    <text name="HangfireDashboard">Tablero de control Hangfire</text>
    <text name="CouldNotCompleteLoginOperation">Could not complete the login operation.</text>
    <text name="UnAuthorizedOperation">Unauthorized Operation</text>
    <text name="YouAreNotAuthorizedToPerformThisOperation">You are not authorized to perform this operation.</text>
    <text name="TargetUserNotFoundProbablyDeleted">Usuario destino no pudo ser encontrado. Probablemente fue eliminado.</text>
    <text name="UserLockedOutMessage">La cuenta del usuario está bloqueada. Por favor intenta de nuevo más tarde.</text>
    <text name="SendSecurityCode">Enviar código de seguridad.</text>
    <text name="SendSecurityCode_Information">Debes verificarte para hacer login. Por favor seleccionar un tipo de verificación. Un código será enviado basado en la selección del tipo de verificación.</text>
    <text name="SendSecurityCodeErrorMessage">¡No fue posible enviar el código de verificación!</text>
    <text name="VerifySecurityCodeNotLoggedInErrorMessage">¡Debes loguearte primero para poder verificarte! Probablemente tu login ha expirado. Por favor ve a la página de login e intenta de nuevo.</text>
    <text name="VerificationCode">Código de verificación</text>
    <text name="VerifySecurityCode">Verificar código de seguridad</text>
    <text name="VerifySecurityCode_Information">Por favor, proporciona el código de seguridad que se te envió.</text>
    <text name="RememberThisBrowser">Recuerda este navegador</text>
    <text name="InvalidSecurityCode">¡Código de seguridad inválido!</text>
    <text name="PhoneNumber">Número de teléfono</text>
    <text name="Unlock">Desbloquear</text>
    <text name="UnlockedTheUser">Unlocked the user {0}</text>
    <text name="UserLockOut">Usuario bloqueado</text>
    <text name="EnableUserAccountLockingOnFailedLoginAttempts">Habilitar el bloqueo de usuario en intento de login fallidos</text>
    <text name="MaxFailedAccessAttemptsBeforeLockout">Número máximo de intentos de login fallidos antes de bloquear la cuenta</text>
    <text name="DefaultAccountLockoutDurationAsSeconds">Duración de bloqueo de la cuenta (en segundos)</text>
    <text name="TwoFactorLogin">Login de dos factores</text>
    <text name="EnableTwoFactorLogin">Habilitar login de dos factores.</text>
    <text name="IsEmailVerificationEnabled">Habilitar verificación por correo.</text>
    <text name="IsSmsVerificationEnabled">Habilitar verificación por SMS.</text>
    <text name="AllowToRememberBrowserForTwoFactorLogin">Permitir recordar navegador. Si habilitas esta opción, los usuarios podrán seleccionar recordar el navegador para evitar el login de dos factores por segunda ocasión para el mismo navegador.</text>
    <text name="CurrentTenant">Instancia actual</text>
    <text name="NotSelected">Sin selección</text>
    <text name="Change">Cambiar</text>
    <text name="ChangeTenant">Cambiar Instancia</text>
    <text name="UnknownTenantId{0}">Instancia desconocida, id: {0}</text>
    <text name="TenantIdIsNotActive{0}">Instancia no activa id: {0}</text>
    <text name="TimeoutPleaseTryAgain">¡Se acabó el tiempo! Por favor intenta otra vez</text>
    <text name="RemainingTime">Tiempo restante</text>
    <text name="SecondShort{0}">{0} seg</text>
    <text name="ResetCode">Reinicia el código</text>
    <text name="IsTwoFactorEnabled">Autenticación de dos factores habilitada</text>
    <text name="IsLockoutEnabled">Bloqueo activado</text>
    <text name="IsLockoutEnabled_Hint">El usuario está bloqueado por un tiempo, después de cierto número de intentos fallidos de entrada</text>
    <text name="TenantRegistrationLoginInfo">Presione aquí para entrar</text>
    <text name="CouldNotValidateExternalUser">Could not validate external user login</text>
    <text name="LeaveEmptyToSwitchToHost">Dejar en en blanco para cambiar a la cuenta 'host'</text>
    <text name="PleaseWaitToConfirmYourEmailMessage">Por favor espera mientras se confirma su dirección de correo...</text>
    <text name="ChatIsConnecting">Chat se está conectando...</text>
    <text name="Note_RefreshPageForPermissionChanges">!Si estas cambiando tus propios permisos, podrías necesitar refrescar la página (F5) para que los cambios en los permisos se muestren en la pantalla!</text>
    <text name="ApplicationLogo">Logo de la aplicación</text>
    <text name="CustomCSS">CSS Personalizado</text>
    <text name="Upload">Subir</text>
    <text name="Download">Bajar</text>
    <text name="UploadLogo_Info">Selecciona un archivo JPG/JPEG/PNG/GIF con un tamaño máximo de 30KB y una resolución de 139x35 pixels.</text>
    <text name="UploadCSS_Info">Selecciona un arcivo .css con un tamaño máximo de 1MB.</text>
    <text name="Browse">Navegar</text>
    <text name="Appearance">Apariencia</text>
    <text name="ClearedSuccessfully">Limpiada exitosamente</text>
    <text name="File_Empty_Error">¡Por favor selecciona un archivo!</text>
    <text name="File_SizeLimit_Error">¡El tamaño del archivo excede el límite permitido!</text>
    <text name="File_Invalid_Type_Error">¡Tipo de archivo incorrecto!</text>
    <text name="MaximumUserCount">Cantidad máxima de usuarios (0 = ilimitado)</text>
    <text name="MaximumUserCount_Error_Message">¡Se alcanzó la cantidad máxima de usuarios!</text>
    <text name="MaximumUserCount_Error_Detail">Esta instancia tiene permitido un máximo de {0} usuarios.</text>
    <text name="UnlockedTenandAdmin">Usuario admin desbloqueado para {0}</text>
  </texts>
</localizationDictionary>
