<?xml version="1.0" encoding="utf-8" ?>
<localizationDictionary culture="vi">
  <texts>
    <text name="HomePage">Trang chủ</text>
    <text name="AboutUs">Về chúng tôi</text>
    <text name="Administration">Quản trị</text>
    <text name="Roles">Vai trò</text>
    <text name="Users">Người dùng</text>
    <text name="InvalidFormMessage">Biểu mẫu của bạn không hợp lệ. Vui lòng kiểm tra và sửa lại.</text>
    <text name="InvalidUserNameOrPassword">Sai tên truy cập hoặc mật khẩu</text>
    <text name="ThereIsNoTenantDefinedWithName{0}">Không có thuê bao được định nghĩa với tên {0}</text>
    <text name="TenantIsNotActive">Thuê bao {0} không hoạt động.</text>
    <text name="UserIsNotActiveAndCanNotLogin">Người dùng {0} không hoạt động và không thể đăng nhập.</text>
    <text name="PleaseEnterLoginInformation">Vui lòng nhập thông tin đăng nhập</text>
    <text name="TenancyName">Tên thuê bao</text>
    <text name="UserNameOrEmail">Tên người dùng hoặc email</text>
    <text name="Password">Mật khẩu</text>
    <text name="RememberMe">Lưu thông tin</text>
    <text name="LogIn">Đăng nhập</text>
    <text name="ForgotPassword">Quên mật khẩu?</text>
    <text name="DontYouHaveAnAccount">Bạn không có tài khoản?</text>
    <text name="CreateAnAccount">Tạo tài khoản</text>
    <text name="Pages">Trang</text>
    <text name="RoleName">Tên vai trò</text>
    <text name="EditRole">Chỉnh sửa vai trò</text>
    <text name="CreateNewRole">Tạo vai trò mới</text>
    <text name="RoleProperties">Thuộc tính vai trò</text>
    <text name="Permissions">Quyền</text>
    <text name="Save">Lưu thông tin</text>
    <text name="Cancel">Hủy bỏ</text>
    <text name="RolesHeaderInfo">Sử dụng vai trò để nhóm quyền.</text>
    <text name="Static">Tĩnh</text>
    <text name="Actions">Hành động</text>
    <text name="Delete">Xóa bỏ</text>
    <text name="SavedSuccessfully">Đã lưu thành công.</text>
    <text name="AreYouSure">Bạn có chắc không?</text>
    <text name="YesDelete">Có, xóa!</text>
    <text name="DeletingUser">Đang xóa người dùng</text>
    <text name="UsersHeaderInfo">Quản lý tài khoản người dùng và phân quyền.</text>
    <text name="CreateNewUser">Tạo tài khoản người dùng mới</text>
    <text name="UserName">Tên truy cập</text>
    <text name="Name">Tên</text>
    <text name="Surname">Họ</text>
    <text name="EmailAddress">Địa chỉ email</text>
    <text name="LastLoginTime">Lần đăng nhập cuối cùng</text>
    <text name="EditUser">Người cập nhật</text>
    <text name="UserInformations">Thông tin người dùng</text>
    <text name="PasswordRepeat">Mật khẩu (nhắc lại)</text>
    <text name="SuccessfullyDeleted">Đã xóa thành công.</text>
    <text name="RoleDeleteWarningMessage">Vai trò {0} sẽ bị xóa và bỏ gán cho tất cả người dùng được chỉ định.</text>
    <text name="UserDeleteWarningMessage">Người dùng {0} sẽ bị xóa.</text>
    <text name="Active">Kích hoạt</text>
    <text name="EmailConfirm">Email xác nhận</text>
    <text name="Yes">Có</text>
    <text name="No">Không</text>
    <text name="MySettings">Cài đặt của tôi</text>
    <text name="Logout">Đăng xuất</text>
    <text name="Reset">Cài lại</text>
    <text name="ResetPermissionsTooltip">Nút này ngay lập tức đặt lại cài đặt quyền của người dùng cụ thể và lưu thay đổi. Người dùng sẽ chỉ có quyền từ vai trò được chỉ định.</text>
    <text name="ResetSuccessfully">Đặt lại thành công</text>
    <text name="Tenants">Thuê bao</text>
    <text name="TenantsHeaderInfo">Quản lý thuê bao.</text>
    <text name="CreateNewTenant">Tạo thuê bao mới</text>
    <text name="TenancyCodeName">Mã thuê bao</text>
    <text name="TenantName">Tên thuê bao</text>
    <text name="TenantDeleteWarningMessage">Thuê bao {0} sẽ bị xóa.</text>
    <text name="AdminEmailAddress">email quản trị</text>
    <text name="AdminPassword">mật khẩu quản trị</text>
    <text name="AdminPasswordRepeat">Mật khẩu quản trị viên (nhắc lại)</text>
    <text name="EditTenant">Chỉnh sửa thông tin thuê bao</text>
    <text name="ChangingPermissions">Đang thay đổi quyền</text>
    <text name="EditingUser">Chỉnh sửa người dùng</text>
    <text name="CreatingNewUser">Tạo người dùng mới</text>
    <text name="Edit">Chỉnh sửa</text>
    <text name="EditingTenant">Chỉnh sửa thuê bao</text>
    <text name="CreatingNewTenant">Tạo thuê bao mới</text>
    <text name="DeletingTenant">Đang xóa thuê bao</text>
    <text name="EditingRole">Chỉnh sửa vai trò</text>
    <text name="CreatingNewRole">Tạo vai trò mới</text>
    <text name="DeletingRole">Đang xóa vai trò</text>
    <text name="CreationTime">Thời gian tạo mới</text>
    <text name="SearchWithThreeDot">Tìm kiếm...</text>
    <text name="ResetSpecialPermissions">Đặt lại quyền đặc biệt</text>
    <text name="SavingWithThreeDot">Tiết kiệm...</text>
    <text name="Settings">Cài đặt</text>
    <text name="SaveAll">Lưu tất cả</text>
    <text name="SettingsHeaderInfo">Hiển thị và thay đổi cài đặt ứng dụng.</text>
    <text name="EmailSmtp">Email (SMTP)</text>
    <text name="DefaultFromAddress">Địa chỉ email người gửi mặc định</text>
    <text name="DefaultFromDisplayName">Tên hiển thị của người gửi mặc định</text>
    <text name="SmtpHost">Địa chỉ IP của máy chủ SMTP</text>
    <text name="SmtpPort">Cổng SMTP</text>
    <text name="UseDefaultCredentials">Sử dụng thông tin xác thực mặc định</text>
    <text name="DomainName">Tên miền</text>
    <text name="UseSsl">Sử dụng SSL</text>
    <text name="ThisWebSiteRootAddress">Địa chỉ gốc trang web</text>
    <text name="ThisWebSiteRootAddress_Hint">Nó sẽ được sử dụng khi xây dựng liên kết đến trang web này. Nó cần thiết cho một số nhiệm vụ như xây dựng liên kết đặt lại mật khẩu. Ví dụ: http://mydomain.com/</text>
    <text name="General">Chung</text>
    <text name="SendPasswordResetLink_Information">Liên kết đặt lại mật khẩu sẽ được gửi đến email của bạn để đặt lại mật khẩu của bạn. Nếu bạn không nhận được email trong vòng vài phút, vui lòng thử lại.</text>
    <text name="Send">Gửi</text>
    <text name="PasswordReset">Đặt lại mật khẩu</text>
    <text name="InvalidUserNameOrEmailAddress">Tên người dùng hoặc địa chỉ email không hợp lệ</text>
    <text name="PasswordResetEmail_Subject">DemoCài đặt lại mật khẩu</text>
    <text name="PasswordResetEmail_Title">DemoCài đặt lại mật khẩu.</text>
    <text name="PasswordResetEmail_SubTitle">Email này được gửi cho bạn để đặt lại và tạo lại mật khẩu của bạn.</text>
    <text name="PasswordResetEmail_ClickTheLinkBelowToResetYourPassword">Vui lòng nhấp vào liên kết bên dưới để đặt lại mật khẩu của bạn:</text>
    <text name="EmailActivation_Subject">DemoCài đặt kích hoạt tài khoản email</text>
    <text name="EmailActivation_Title">Chào mừng bạn đến với DemoCore.</text>
    <text name="EmailActivation_SubTitle">Email này được gửi cho bạn để xác minh email của bạn.</text>
    <text name="EmailActivation_ClickTheLinkBelowToVerifyYourEmail">Vui lòng nhấp vào liên kết bên dưới để xác minh địa chỉ email của bạn:</text>
    <text name="InvalidEmailAddress">địa chỉ email không hợp lệ</text>
    <text name="InvalidPasswordResetCode">Mã đặt lại mật khẩu không hợp lệ</text>
    <text name="InvalidPasswordResetCode_Detail">Vui lòng đảm bảo bạn đã nhập trang này bằng cách nhấp vào liên kết được gửi tới email của bạn. Nếu cách này không giải quyết được sự cố, bạn có thể thử yêu cầu liên kết đặt lại mật khẩu mới.</text>
    <text name="PleaseEnterYourNewPassword">Vui lòng nhập mật khẩu mới của bạn.</text>
    <text name="UserEmailIsNotConfirmedAndCanNotLogin">Địa chỉ email của bạn chưa được xác nhận. Vui lòng kiểm tra email của bạn và nhấp vào liên kết xác nhận email để kích hoạt tài khoản của bạn. Nếu bạn không nhận được email kích hoạt, hãy nhấp vào 'xác nhận email' để yêu cầu một email mới.</text>
    <text name="LoginFailed">Đăng nhập thất bại!</text>
    <text name="InvalidEmailConfirmationCode">Mã xác nhận email không hợp lệ</text>
    <text name="InvalidEmailConfirmationCode_Detail">Vui lòng đảm bảo bạn đã nhập trang này bằng cách nhấp vào liên kết được gửi tới email của bạn. Nếu cách này không giải quyết được sự cố, bạn có thể thử yêu cầu mã xác nhận mới.</text>
    <text name="YourEmailIsConfirmedMessage">Địa chỉ email của bạn đã được xác nhận thành công.</text>
    <text name="ShouldChangePasswordOnNextLogin">Cần thay đổi mật khẩu vào lần đăng nhập tiếp theo.</text>
    <text name="SetRandomPassword">Đặt mật khẩu ngẫu nhiên.</text>
    <text name="EmailActivation">Kích hoạt email</text>
    <text name="SendEmailActivationLink_Information">Một liên kết sẽ được gửi đến email của bạn để kích hoạt địa chỉ email của bạn. Nếu bạn không nhận được email trong vòng vài phút, vui lòng thử lại.</text>
    <text name="SendActivationEmail">Gửi email kích hoạt.</text>
    <text name="ChangePassword">Đổi mật khẩu</text>
    <text name="CurrentPassword">Mật khẩu hiện tại</text>
    <text name="NewPassword">Mật khẩu mới</text>
    <text name="NewPasswordRepeat">Mật khẩu mới (lặp lại)</text>
    <text name="YourPasswordHasChangedSuccessfully">Mật khẩu của bạn đã thay đổi thành công.</text>
    <text name="SelfUserRegistrationIsDisabledMessage">Bạn không thể đăng ký hệ thống!</text>
    <text name="SelfUserRegistrationIsDisabledMessage_Detail">Đăng ký tự người dùng bị tắt. Vui lòng liên hệ với quản trị viên hệ thống để đăng ký.</text>
    <text name="SuccessfullyRegistered">Đăng ký thành công</text>
    <text name="ConfirmationMailSentPleaseClickLinkInTheEmail">Một thư xác nhận được gửi tới {0}. Vui lòng nhấp vào liên kết trong email để xác nhận địa chỉ thư của bạn.</text>
    <text name="YourAccountIsWaitingToBeActivatedByAdmin">Tài khoản của bạn đang chờ được kích hoạt bởi quản trị viên hệ thống.</text>
    <text name="NameSurname">Tên họ</text>
    <text name="UserManagement">Quản lý người dùng</text>
    <text name="AllowUsersToRegisterThemselves">Cho phép người dùng tự đăng ký.</text>
    <text name="AllowUsersToRegisterThemselves_Hint">Nếu bạn tắt chức năng này, người dùng sẽ chỉ được quản trị viên thêm vào bằng trang quản lý người dùng.</text>
    <text name="NewRegisteredUsersIsActiveByDefault">Người dùng đăng ký mới mặc định sẽ được kích hoạt.</text>
    <text name="NewRegisteredUsersIsActiveByDefault_Hint">Nếu bạn tắt chức năng này, người dùng mới sẽ không được kích hoạt (và không thể đăng nhập) cho đến khi quản trị viên kích hoạt tài khoản theo cách thủ công.</text>
    <text name="Default">Mặc định</text>
    <text name="DefaultRole_Description">Mặc định gán cho tài khoản được tạo mới</text>
    <text name="StaticRole_Tooltip">Không thể xóa các vai trò tĩnh.</text>
    <text name="EmailConfirmationRequiredForLogin">Yêu cầu xác nhận email để đăng nhập.</text>
    <text name="{0}UserCannotBeDeleted">Không thể xóa tài khoản '{0}'.</text>
    <text name="TenantNameCanNotBeEmpty">Tên thuê bao không được để trống</text>
    <text name="ExportToExcel">Xuất sang excel</text>
    <text name="ChangeProfilePicture">Thay đổi hình ảnh đại diện</text>
    <text name="TenantName_Regex_Description">Tên thuê bao phải có ít nhất 2 ký tự, bắt đầu bằng một chữ cái và tiếp tục với chữ cái, số, dấu gạch ngang hoặc dấu gạch dưới.</text>
    <text name="ProfilePicture_Change_Info">Bạn có thể chọn tập tin JPG / JPEG / PNG có kích thước tối đa {0} MB.</text>
    <text name="ProfilePicture_Change_Error">Không thể thay đổi ảnh tiểu sử của bạn.</text>
    <text name="ProfilePicture_Warn_SizeLimit">Kích thước hình ảnh phải nhỏ hơn {0} MB. Vui lòng chọn một tập tin khác.</text>
    <text name="ProfilePicture_Warn_FileType">Bạn chỉ có thể chọn tập tin JPG / JPEG. Vui lòng chọn một tập tin khác.</text>
    <text name="Dashboard">Dashboard</text>
    <text name="DashboardHeaderInfo">Bảng thông tin thống kê và báo cáo tổng hợp</text>
    <text name="GoToApplication">Chuyển đến ứng dụng</text>
    <text name="TenantInformations">Thông tin thuê bao</text>
    <text name="PersonalInformations">Thông tin cá nhân</text>
    <text name="AccountSettings">Cài đặt tài khoản</text>
    <text name="Captha_Hint">Vui lòng chứng minh rằng bạn không phải là rô-bốt</text>
    <text name="Back">Trở lại</text>
    <text name="Submit">Gửi đi</text>
    <text name="SignUp">Đăng ký</text>
    <text name="CaptchaCanNotBeEmpty">Mã bảo mật không được để trống.</text>
    <text name="IncorrectCaptchaAnswer">Mã bảo mật không hợp lệ.</text>
    <text name="FormIsNotValidMessage">Biểu mẫu không hợp lệ. Vui lòng kiểm tra và sửa lỗi.</text>
    <text name="CanNotChangeAdminUserName">Không thể thay đổi tên truy cập của quản trị viên.</text>
    <text name="Error">Lỗi!</text>
    <text name="OopsYouAreLost">Rất tiếc! Bạn thua rồi.</text>
    <text name="WeCanNotFindThePage">Chúng tôi không thể tìm thấy trang bạn đang tìm kiếm.</text>
    <text name="DashboardDemo_Note_Title">Chào mừng bạn đến với dự án khởi động ASP.NET Zero!</text>
    <text name="DashboardDemo_Note_Info">
      Trong bản demo này, bạn có thể sử dụng menu bên trái để kiểm tra ứng dụng.
      Trang bảng điều khiển này chỉ để minh họa, nhưng tất cả các trang và chức năng khác được triển khai đầy đủ, hoạt động và sẵn sàng để sản xuất.
      Bạn có thể thêm / áp dụng các yêu cầu nghiệp vụ của mình vào dự án khởi động này (hoặc loại bỏ bất kỳ chức năng nào bạn không cần).
      Do đó, bạn có thể có được thời gian biểu thị để bắt đầu ngay lập tức các yêu cầu dự án của riêng bạn.
    </text>
    <text name="WelcomePage_Title">Chào mừng bạn!</text>
    <text name="WelcomePage_Info">Chào mừng bạn đến với ứng dụng. Bạn có thể sử dụng menu để bắt đầu sử dụng ứng dụng. Nếu bạn không thấy bất kỳ mục menu nào, có thể bạn không có quyền xem bất kỳ trang nào. Xem xét yêu cầu quản trị hệ thống cho phép.</text>
    <text name="RequestedFileDoesNotExists">Tập tin được yêu cầu không tồn tại!</text>
    <text name="MailSent">Thư đã gửi</text>
    <text name="PasswordResetMailSentMessage">Liên kết đặt lại mật khẩu được gửi đến địa chỉ email của bạn. Vui lòng kiểm tra email của bạn.</text>
    <text name="UseCaptchaOnRegistration">Sử dụng câu hỏi hình ảnh bảo mật (captcha) khi đăng ký.</text>
    <text name="FormBasedRegistration">Đăng ký dựa trên biểu mẫu</text>
    <text name="LdapSettings">Cài đặt LDAP</text>
    <text name="EnableLdapAuthentication">Bật Xác thực LDAP.</text>
    <text name="OtherSettings">Các thiết lập khác</text>
    <text name="AuditLogs">Nhật ký kiểm tra</text>
    <text name="Success">Thành công</text>
    <text name="Time">Thời gian</text>
    <text name="Service">Dịch vụ</text>
    <text name="Action">Hoạt động</text>
    <text name="Duration">Khoảng thời gian</text>
    <text name="IpAddress">địa chỉ IP</text>
    <text name="Client">Khách hàng</text>
    <text name="Browser">Trình duyệt</text>
    <text name="Xms">{0} mili giây</text>
    <text name="Close">Đóng</text>
    <text name="Refresh">Làm tươi</text>
    <text name="ErrorState">Trạng thái lỗi</text>
    <text name="All">Tất cả</text>
    <text name="HasError">Có lỗi</text>
    <text name="ShowAdvancedFilters">Hiển thị bộ lọc nâng cao</text>
    <text name="HideAdvancedFilters">Ẩn bộ lọc nâng cao</text>
    <text name="AuditLogDetail">Chi tiết nhật ký kiểm tra</text>
    <text name="Parameters">Thông số</text>
    <text name="DateRange">Phạm vi ngày</text>
    <text name="ActionInformations">Thông tin hành động</text>
    <text name="Today">Hôm nay</text>
    <text name="Yesterday">Hôm qua</text>
    <text name="Last7Days">7 ngày qua</text>
    <text name="Last30Days">30 ngày trước</text>
    <text name="ThisMonth">Tháng này</text>
    <text name="LastMonth">Tháng trước</text>
    <text name="TenantSelection">Lựa chọn đối tượng thuê</text>
    <text name="TenantSelection_Detail">Vui lòng chọn một trong các đối tượng thuê sau.</text>
    <text name="LoginWith">Đăng nhập với:</text>
    <text name="PasswordChangeDontRememberMessage">Nếu bạn không thể nhớ mật khẩu của mình, {0}.</text>
    <text name="ClickHere">bấm vào đây</text>
    <text name="Apply">Ứng dụng</text>
    <text name="CustomRange">Phạm vi tùy chỉnh</text>
    <text name="DashboardNoteForMpaVersion">
      <![CDATA[
      Xem thêm phiên bản Demo dành cho Multi-Page Application (MPA) sử dụng <strong>ASP.NET MVC</strong> và <strong>jQuery</strong>.
      ]]>
    </text>
    <text name="DashboardNoteForSpaVersion">
      <![CDATA[
      Lưu ý: Cũng có phiên bản dành cho <strong>Single-Page Application (SPA)</strong> được xây dựng bằng ASP.NET MVC và <strong>AngularJs</strong>.
      ]]>
    </text>
    <text name="SeeDemo">Xem bản trình diễn</text>
    <text name="Edition">Phiên bản</text>
    <text name="Editions">Phiên bản</text>
    <text name="EditionsHeaderInfo">Quản lý các phiên bản và chức năng của ứng dụng</text>
    <text name="CreateNewEdition">Tạo phiên bản mới</text>
    <text name="EditEdition">Chỉnh sửa phiên bản</text>
    <text name="EditionProperties">Thuộc tính phiên bản</text>
    <text name="EditionName">Tên phiên bản</text>
    <text name="Features">Chức năng</text>
    <text name="EditionDeleteWarningMessage">Bạn có chắc chắn xóa phiên bản {0}?</text>
    <text name="CreatingNewEdition">Tạo phiên bản mới</text>
    <text name="EditingEdition">Chỉnh sửa phiên bản</text>
    <text name="DeletingEdition">Đang xóa phiên bản</text>
    <text name="ChangingFeatures">Thay đổi chức năng</text>
    <text name="ResetSpecialFeatures">Đặt lại các chức năng đặc biệt</text>
    <text name="ResetFeaturesTooltip">Nút này ngay lập tức đặt lại các cài đặt chức năng cụ thể của thuê bao và lưu thay đổi. Thuê bao sẽ chỉ có các chức năng từ phiên bản được chỉ định.</text>
    <text name="NotAssigned">Chưa chỉ định</text>
    <text name="InvalidFeaturesWarning">Một hoặc nhiều giá trị chức năng không hợp lệ!</text>
    <text name="Languages">Ngôn ngữ</text>
    <text name="LanguagesHeaderInfo">Quản lý ngôn ngữ giao diện người dùng.</text>
    <text name="CreateNewLanguage">Tạo ngôn ngữ mới</text>
    <text name="Code">Mã</text>
    <text name="CreatingNewLanguage">Đang tạo ngôn ngữ mới</text>
    <text name="EditingLanguage">Chỉnh sửa ngôn ngữ</text>
    <text name="DeletingLanguages">Xóa ngôn ngữ</text>
    <text name="ChangingTexts">Thay đổi văn bản</text>Đang chỉnh sửa ngôn ngữ
    <text name="SuccessfullySaved">Lưu thành công.</text>
    <text name="Language">Ngôn ngữ</text>
    <text name="Flag">Cờ</text>
    <text name="SetAsDefaultLanguage">Đặt làm ngôn ngữ mặc định</text>
    <text name="EditLanguage">Chỉnh sửa ngôn ngữ</text>
    <text name="ChangeTexts">Thay đổi văn bản</text>
    <text name="TargetValue">Giá trị của mục tiêu</text>
    <text name="BaseValue">Giá trị cơ sở</text>
    <text name="Key">Chìa khóa</text>
    <text name="SaveAndClose">Lưu &amp; Đóng</text>
    <text name="SaveAndNext">Lưu &amp; Chuyển tiếp</text>
    <text name="EditText">Chỉnh sửa văn bản</text>
    <text name="LanguageTexts">Văn bản ngôn ngữ</text>
    <text name="LanguageTextsHeaderInfo">Chỉnh sửa văn bản cho các ngôn ngữ.</text>
    <text name="EmptyOnes">Những cái trống</text>
    <text name="Source">Nguồn</text>
    <text name="BaseLanguage">Ngôn ngữ cơ bản</text>
    <text name="TargetLanguage">Ngôn ngữ mục tiêu</text>
    <text name="Previous">Trước</text>
    <text name="LanguageDeleteWarningMessage">Bạn có chắc chắn muốn xóa ngôn ngữ {0} không?</text>
    <text name="CanNotEditOrDeleteDefaultLanguages">Không thể chỉnh sửa hoặc xóa ngôn ngữ mặc định. Bạn chỉ có thể chỉnh sửa hoặc xóa các ngôn ngữ bạn đã thêm. Nhưng bạn có thể thay đổi văn bản của tất cả các ngôn ngữ.</text>
    <text name="LookingForMpaVersion">Bạn đang tìm phiên bản ứng dụng nhiều trang?</text>
    <text name="LookingForSpaVersion">Bạn đang tìm phiên bản ứng dụng một trang?</text>
    <text name="ThisLanguageAlreadyExists">Ngôn ngữ này đã tồn tại!</text>
    <text name="OrganizationUnitsHeaderInfo">Sử dụng Cơ cấu Tổ chức để tổ chức người dùng và tổ chức</text>
    <text name="OrganizationTree">Sơ đồ Cơ cấu Tổ chức dạng cây</text>
    <text name="Members">Các thành viên</text>
    <text name="SelectAnOrganizationUnitToSeeMembers">Chọn Cơ cấu Tổ chức để xem thành viên.</text>
    <text name="OrganizationUnitDeleteWarningMessage">Bạn có chắc chắn muốn xóa Cơ cấu Tổ chức {0} không?</text>
    <text name="AddSubUnit">Thêm đơn vị phụ</text>
    <text name="AddMember">Thêm thành viên</text>
    <text name="SuccessfullyAdded">Thêm thành công</text>
    <text name="RemoveUserFromOuWarningMessage">Bạn có chắc chắn muốn xóa người dùng {0} khỏi Cơ cấu Tổ chức {1} không?</text>
    <text name="SuccessfullyRemoved">Đã xóa thành công</text>
    <text name="SelectAnItem">Chọn một mục</text>
    <text name="NewOrganizationUnit">Cơ cấu Tổ chức mới</text>
    <text name="SelectAUser">Chọn người dùng</text>
    <text name="Select">Lựa chọn</text>
    <text name="UserIsAlreadyInTheOrganizationUnit">Người dùng này đã có trong Cơ cấu Tổ chức!</text>
    <text name="AddRootUnit">Thêm đơn vị gốc</text>
    <text name="AddUser">Thêm người dùng</text>
    <text name="NoOrganizationUnitDefinedYet">Chưa có Cơ cấu Tổ chức nào được xác định.</text>
    <text name="OrganizationUnitMoveConfirmMessage">Vui lòng xác nhận để di chuyển {0} đến dưới {1}.</text>
    <text name="Root">Gốc</text>
    <text name="SuccessfullyMoved">Đã di chuyển thành công.</text>
    <text name="AddedTime">Thời gian thêm mới</text>
    <text name="ManagingMembers">Quản lý thành viên</text>
    <text name="ManagingOrganizationTree">Quản lý cây tổ chức</text>
    <text name="LoginForUsers">Đăng nhập cho người dùng</text>
    <text name="LoginAsThisUser">Đăng nhập với tư cách người dùng này</text>
    <text name="BackToMyAccount">Quay lại tài khoản của tôi</text>
    <text name="LoginForTenants">Đăng nhập cho thuê bao</text>
    <text name="LoginAsThisTenant">Đăng nhập với tư cách thuê bao này</text>
    <text name="AuditLogImpersonatedOperationInfo">Lưu ý: Thao tác này được thực hiện bởi một người dùng khác thay mặt cho người dùng này.</text>
    <text name="CustomData">Dữ liệu tùy chỉnh</text>
    <text name="None">Không</text>
    <text name="YouCanBackToYourAccount">Bạn có thể quay lại tài khoản của mình tại đây.</text>
    <text name="CascadeImpersonationErrorMessage">Không thể làm cho mạo danh thác. Đây là một thông tin đăng nhập mạo danh!</text>
    <text name="FromTenantToHostImpersonationErrorMessage">Không thể mạo danh người dùng Host từ người dùng thuê bao!</text>
    <text name="DifferentTenantImpersonationErrorMessage">Không thể mạo danh người dùng của thuê bao khác nhau!</text>
    <text name="ImpersonationTokenErrorMessage">Mã thông báo mạo danh không hợp lệ hoặc đã hết hạn!</text>
    <text name="NotImpersonatedLoginErrorMessage">Đây không phải là thông tin đăng nhập mạo danh!</text>
    <text name="YouCannotLinkToSameAccount">Bạn không thể liên kết với cùng một tài khoản!</text>
    <text name="ChangePasswordBeforeLinkToAnAccount">Bạn phải thay đổi mật khẩu của mình trước khi liên kết tài khoản này!</text>
    <text name="LinkedAccounts">Tài khoản được liên kết</text>
    <text name="ManageLinkedAccounts">Quản lý tài khoản được liên kết</text>
    <text name="LinkNewAccount">Liên kết tài khoản mới</text>
    <text name="SuccessfullyUnlinked">Đã hủy liên kết thành công</text>
    <text name="LinkedUserDeleteWarningMessage">Liên kết tới người dùng {0} sẽ bị xóa.</text>
    <text name="SwitchToLinkedAccountTokenErrorMessage">Mã thông báo mạo danh không hợp lệ hoặc đã hết hạn!</text>
    <text name="WelcomeToTheApplicationNotificationMessage">Chào mừng bạn đến với DemoCore! Hệ thống thông báo được sử dụng để thông báo cho bạn về các sự kiện dự định. Bạn có thể chọn loại thông báo bạn muốn nhận từ cài đặt thông báo.</text>
    <text name="NewUserRegisteredNotificationDefinition">Khi có người dùng mới được đăng ký vào ứng dụng.</text>
    <text name="NewUserRegisteredNotificationMessage">Một người dùng mới đã đăng ký vào ứng dụng. Tên người dùng: {userName}, Địa chỉ email: {emailAddress}.</text>
    <text name="SeeAllNotifications">Xem tất cả thông báo</text>
    <text name="SetAsRead">thiết lập là đã đọc</text>
    <text name="SetAllAsRead">Đặt tất cả là đã đọc</text>
    <text name="NotificationSettings">Thiết lập thông báo</text>
    <text name="ReceiveNotifications">Nhận thông báo</text>
    <text name="ReceiveNotifications_Definition">Tùy chọn này có thể được sử dụng để bật / tắt hoàn toàn thông báo nhận.</text>
    <text name="NotificationTypes">Loại thông báo</text>
    <text name="ReceiveNotifications_DisableInfo">Bạn đã tắt hoàn toàn nhận thông báo. Bạn có thể bật nó và chọn loại thông báo bạn muốn nhận.</text>
    <text name="Notifications">Thông báo</text>
    <text name="ThereAreNoNotifications">Không có thông báo.</text>
    <text name="Unread">Chưa đọc</text>
    <text name="YouCanNotDeleteOwnAccount">Bạn không thể xóa tài khoản người dùng riêng!</text>
    <text name="On">Bật</text>
    <text name="Off">Tắt</text>
    <text name="Maintenance">Bảo trì</text>
    <text name="Caches">Bộ nhớ cache</text>
    <text name="CacheSuccessfullyCleared">Đã xóa bộ nhớ cache thành công.</text>
    <text name="AllCachesSuccessfullyCleared">Tất cả bộ đệm đã được xóa thành công.</text>
    <text name="ClearAll">Xóa tất cả</text>
    <text name="Clear">Xóa</text>
    <text name="CachesHeaderInfo">Bạn có thể xóa bộ nhớ cache của ứng dụng trên trang này.</text>
    <text name="TestEmailSettingsHeader">Kiểm tra cài đặt email</text>
    <text name="SendTestEmail">Gửi email kiểm tra</text>
    <text name="TestEmail_Subject">DemoXem thêm email kiểm tra</text>
    <text name="TestEmail_Body">Đây là một email thử nghiệm.</text>
    <text name="TestEmailSentSuccessfully">Kiểm tra e-mail đã được gửi thành công.</text>
    <text name="WebSiteLogs">Nhật ký trang web</text>
    <text name="WebSiteLogsHeaderInfo">Bạn có thể xem nhật ký mới nhất trong trang này hoặc tải xuống tất cả nhật ký trong một tập tin zip.</text>
    <text name="DownloadAll">Tải xuống tất cả</text>
    <text name="TenantManagement">Quản lý thuê bao</text>
    <text name="AllowTenantsToRegisterThemselves">Cho phép thuê bao đăng ký tự đăng ký mới trên hệ thống.</text>
    <text name="AllowTenantsToRegisterThemselves_Hint">Nếu bạn tắt chức năng này, thuê bao sẽ chỉ được quản trị viên thêm bằng cách sử dụng trang quản lý thuê bao.</text>
    <text name="NewRegisteredTenantsIsActiveByDefault">Thuê bao đăng ký mới mặc định sẽ được kích hoạt.</text>
    <text name="NewRegisteredTenantsIsActiveByDefault_Hint">Nếu bạn vô hiệu hóa chức năng này, thuê bao mới sẽ không được kích hoạt (và không thể đăng nhập) cho đến khi quản trị viên kích hoạt tài khoản theo cách thủ công.</text>
    <text name="TenantSignUp">Đăng ký thuê bao</text>
    <text name="NewTenantRegisteredNotificationDefinition">Trên thuê bao mới đã đăng ký với đơn đăng ký.</text>
    <text name="NewTenantRegisteredNotificationMessage">Người thuê mới đã đăng ký với ứng dụng. Tên thuê nhà: {tenancyName}.</text>
    <text name="LoginAttempts">Số lần đăng nhập thất bại</text>
    <text name="Failed">Thất bại</text>
    <text name="NewTenant">Thuê bao mới</text>
    <text name="ResizedProfilePicture_Warn_SizeLimit">Kích thước hình ảnh được chỉnh lại kích thước phải nhỏ hơn {0} KB. Vui lòng đổi kích thước xuống và thử lại.</text>
    <text name="RegisterFormUserNameInvalidMessage">Vui lòng không nhập địa chỉ email cho tên người dùng.</text>
    <text name="UseHostDatabase">Sử dụng chung cơ sở dữ liệu với Host</text>
    <text name="DatabaseConnectionString">Chuỗi kết nối cơ sở dữ liệu</text>
    <text name="TenantDatabaseConnectionStringChangeWarningMessage">Lưu ý: Trước khi thay đổi chuỗi kết nối cơ sở dữ liệu cho một đối tượng thuê, bạn nên di chuyển cơ sở dữ liệu thuê bao đến vị trí mới. Thay đổi chuỗi kết nối không di chuyển cơ sở dữ liệu thuê bao.</text>
    <text name="Timezone">Múi giờ</text>
    <text name="HasOwnDatabase">Có cơ sở dữ liệu riêng</text>
    <text name="TimeZoneSettingChangedRefreshPageNotification">Đã thay đổi cài đặt múi giờ. Nhấp vào nút OK để làm mới trang và các thay đổi có hiệu lực.</text>
    <text name="Ok">Được</text>
    <text name="Permission">Giấy phép</text>
    <text name="Role">Vai trò</text>
    <text name="Security">Bảo mật</text>
    <text name="PasswordComplexity">Mật khẩu phức tạp</text>
    <text name="UseDefaultSettings">Sử dụng các cài đặt mặc định</text>
    <text name="PasswordComplexityNotSatisfied">Độ phức tạp của mật khẩu không hài lòng.</text>
    <text name="YouAlreadySentAFriendshipRequestToThisUser">Bạn đã thêm người dùng này.</text>
    <text name="YouCannotBeFriendWithYourself">Bạn không thể là bạn với chính mình.</text>
    <text name="NewChatMessageEmail_Title">Thông tin chi tiết</text>
    <text name="NewChatMessageEmail_SubTitle"></text>
    <text name="NewChatMessageEmail_Subject">Bạn có một tin nhắn trò chuyện mới</text>
    <text name="Sender">Người gửi</text>
    <text name="Message">Thông điệp</text>
    <text name="UserBlocked">Đã chặn thành công người dùng.</text>
    <text name="UserUnblocked">Chặn thành công khỏi người dùng.</text>
    <text name="BlockUser">Chặn người dùng</text>
    <text name="UnblockUser">Mở khóa</text>
    <text name="FriendshipRequestAccepted">Yêu cầu kết bạn đã được chấp nhận</text>
    <text name="UserSendYouAFriendshipRequest">{0} đã thêm bạn làm bạn bè.</text>
    <text name="Friends">Bạn bè</text>
    <text name="Others">Khác</text>
    <text name="BlockedUsers">Người dùng bị chặn</text>
    <text name="YouDontHaveAnyFriend">Bạn không có bạn bè nào. Viết tên truy cập của người dùng vào hộp nhập liệu ở trên và nhấp vào nút "Thêm bạn bè".</text>
    <text name="YouDontHaveAnyBlockedFriend">Bạn không có bất kỳ người dùng bị chặn nào. Để thiết lập ngăn chặn, hãy chọn một người dùng và chọn chặn từ các hành động thả xuống.</text>
    <text name="ChatUserSearch_Hint">
      <![CDATA[
      Chỉ cần ghi TênTàiKhoản nếu trong cùng một đơn vị thuê bao, <br>
      <strong>[TênThuêBao]\[TênTàiKhoản]</strong> nếu khác đơn vị thuê bao <br><br>
      Ví dụ: <br>
      .\admin -> tức là 'admin' của Host<br>
      Test\admin -> tức là 'admin' của đơn vị thuê bao Test<br>
      admin -> tức là 'admin' của chính đơn vị thuê bao của bạn
      ]]>
    </text>
    <text name="AddFriend">Thêm bạn</text>
    <text name="TypeAMessageHere">Nhập tin nhắn tại đây ...</text>
    <text name="Chat">Trò chuyện</text>
    <text name="ChatFeature">Trò chuyện</text>
    <text name="ChatFeatureIsNotEnabledForSender">Trò chuyện không được bật cho bạn.</text>
    <text name="ChatFeatureIsNotEnabledForReceiver">Trò chuyện không được bật cho thuê bao.</text>
    <text name="UserIsBlocked">Người dùng bị chặn.</text>
    <text name="ChatIsNotConnectedWarning">Trò chuyện chưa được kết nối.</text>
    <text name="Demo_SampleChatMessage">Xin chào, Đây là tin nhắn thử nghiệm. Vui lòng đăng nhập bằng tài khoản của tôi trong một trình duyệt khác và kiểm tra chức năng trò chuyện hoạt động như thế nào.</text>
    <text name="TenantToTenantChatFeatureIsNotEnabledForSender">Trò chuyện với thuê bao khác không được bật cho bạn.</text>
    <text name="TenantToTenantChatFeatureIsNotEnabledForReceiver">Trò chuyện với thuê bao khác không được bật cho thuê bao.</text>
    <text name="TenantToHostChatFeatureIsNotEnabledForSender">Trò chuyện với Host không được bật cho bạn.</text>
    <text name="TenantToHostChatFeatureIsNotEnabledForReceiver">Trò chuyện với Host không được bật cho thuê bao.</text>
    <text name="TenantToTenantChatFeature">Trò chuyện với thuê bao khác</text>
    <text name="TenantToHostChatFeature">Trò chuyện với Host</text>
    <text name="FilterByPermission">Lọc theo quyền</text>
    <text name="FilterByRole">Lọc theo vai trò</text>
    <text name="FilterOrAddUser">Lọc / Thêm người dùng</text>
    <text name="HangfireDashboard">Bảng điều khiển Hangfire</text>
    <text name="CouldNotCompleteLoginOperation">Không thể hoàn tất thao tác đăng nhập.</text>
    <text name="UnAuthorizedOperation">Hoạt động trái phép</text>
    <text name="YouAreNotAuthorizedToPerformThisOperation">Bạn không được phép thực hiện thao tác này.</text>
    <text name="TargetUserNotFoundProbablyDeleted">Không thể tìm thấy người dùng mục tiêu. Nó có thể bị xóa.</text>
    <text name="UserLockedOutMessage">Tài khoản người dùng đã bị khóa. Vui lòng thử lại sau.</text>
    <text name="SendSecurityCode">Gửi mã bảo mật.</text>
    <text name="SendSecurityCode_Information">Bạn nên xác minh chính mình để đăng nhập. Vui lòng chọn loại xác minh. Mã sẽ được gửi dựa trên loại xác minh đã chọn.</text>
    <text name="SendSecurityCodeErrorMessage">Không thể gửi mã bảo mật!</text>
    <text name="VerifySecurityCodeNotLoggedInErrorMessage">Bạn nên đăng nhập trước, để xác minh bản thân! Có thể, thông tin đăng nhập của bạn đã hết thời gian chờ. Vui lòng truy cập trang đăng nhập và thử lại.</text>
    <text name="VerificationCode">Mã xác nhận</text>
    <text name="VerifySecurityCode">Xác minh mã bảo mật</text>
    <text name="VerifySecurityCode_Information">Vui lòng nhập mã xác minh được gửi cho bạn.</text>
    <text name="RememberThisBrowser">Nhớ trình duyệt này</text>
    <text name="InvalidSecurityCode">Mã bảo mật không hợp lệ!</text>
    <text name="PhoneNumber">Số điện thoại</text>
    <text name="Unlock">Mở khóa</text>
    <text name="UnlockedTheUser">Đã mở khóa người dùng {0}</text>
    <text name="UserLockOut">Khóa người dùng</text>
    <text name="EnableUserAccountLockingOnFailedLoginAttempts">Bật chức năng Khóa tài khoản người dùng dựa trên số lần đăng nhập thất bại</text>
    <text name="MaxFailedAccessAttemptsBeforeLockout">Số lần đăng nhập thất bại tối đa cho phép trước khi khóa tài khoản</text>
    <text name="DefaultAccountLockoutDurationAsSeconds">Thời giản khóa tài khoản (tính bằng giây)</text>
    <text name="TwoFactorLogin">Bảo mật 2 lớp</text>
    <text name="EnableTwoFactorLogin">Bật chức năng Bảo mật 2 lớp.</text>
    <text name="IsEmailVerificationEnabled">Bật xác minh email.</text>
    <text name="IsSmsVerificationEnabled">Bật xác minh SMS.</text>
    <text name="AllowToRememberBrowserForTwoFactorLogin">Cho phép ghi nhớ trình duyệt. Nếu bạn cho phép điều này, người dùng có thể chọn để nhớ trình duyệt và bỏ qua Bảo mật 2 lớp cho cùng một trình duyệt.</text>
    <text name="CurrentTenant">Thuê bao hiện tại</text>
    <text name="NotSelected">Chưa chọn</text>
    <text name="Change">Thay đổi</text>
    <text name="ChangeTenant">Thay đổi thuê bao</text>
    <text name="UnknownTenantId{0}">Id thuê bao không xác định: {0}</text>
    <text name="TenantIdIsNotActive{0}">Id thuê bao không hoạt động: {0}</text>
    <text name="TimeoutPleaseTryAgain">Hết giờ! Vui lòng thử lại.</text>
    <text name="RemainingTime">Thời gian còn lại</text>
    <text name="SecondShort{0}">{0} giây</text>
    <text name="ResetCode">Đặt lại mã</text>
    <text name="IsTwoFactorEnabled">Đã bật xác thực hai yếu tố</text>
    <text name="IsLockoutEnabled">Bật chức năng Khóa tài khoản tự động</text>
    <text name="IsLockoutEnabled_Hint">Người dùng bị khóa trong một thời gian sau một số lần đăng nhập thất bại nhất định.</text>
    <text name="TenantRegistrationLoginInfo">Nhấn vào đây để đăng nhập</text>
    <text name="CouldNotValidateExternalUser">Không thể xác thực đăng nhập người dùng bên ngoài</text>
    <text name="LeaveEmptyToSwitchToHost">Để trống để chuyển sang Host</text>
    <text name="PleaseWaitToConfirmYourEmailMessage">Vui lòng chờ trong khi xác nhận địa chỉ email của bạn ...</text>
    <text name="ChatIsConnecting">Trò chuyện đang kết nối ...</text>
    <text name="Note_RefreshPageForPermissionChanges">Nếu bạn đang thay đổi quyền của riêng bạn, bạn có thể cần phải làm mới trang (F5) để có hiệu lực của các thay đổi quyền trên màn hình của riêng bạn!</text>
    <text name="ApplicationLogo">Biểu trưng ứng dụng</text>
    <text name="CustomCSS">CSS tùy chỉnh</text>
    <text name="Upload">Tải lên</text>
    <text name="Download">Tải về</text>
    <text name="UploadLogo_Info">Chọn tập tin JPG / JPEG / PNG / GIF có kích thước tối đa 30KB và độ phân giải 139x35 pixel.</text>
    <text name="UploadCSS_Info">Chọn tập tin .css có kích thước tối đa là 1MB.</text>
    <text name="Browse">Duyệt</text>
    <text name="Appearance">Xuất hiện</text>
    <text name="ClearedSuccessfully">Đã xóa thành công</text>
    <text name="File_Empty_Error">Vui lòng chọn một tập tin!</text>
    <text name="File_SizeLimit_Error">Kích thước của tập tin vượt quá giới hạn cho phép!</text>
    <text name="File_Invalid_Type_Error">Loại tập tin không hợp lệ!</text>
    <text name="MaximumUserCount">Số lượng người dùng tối đa</text>
    <text name="MaximumUserCount_Description">0 = không giới hạn</text>
    <text name="MaximumUserCount_Error_Message">Đã đạt đến số lượng người dùng tối đa được phép!</text>
    <text name="MaximumUserCount_Error_Detail">Người thuê này được phép có tối đa {0} người dùng.</text>
    <text name="UnlockedTenandAdmin">Đã mở khóa Quản trị viên cho {0}</text>
    <text name="Email">E-mail</text>
    <text name="EmailSecurityCodeSubject">Mã bảo mật</text>
    <text name="EmailSecurityCodeBody">Mã bảo mật của bạn là: {0}</text>
    <text name="Sms">Tin nhắn</text>
    <text name="SmsSecurityCodeMessage">Mã bảo mật của bạn là: {0}</text>
    <text name="PasswordComplexity_RequireDigit_Hint">Mật khẩu phải có ít nhất một chữ số ('0' - '9').</text>
    <text name="PasswordComplexity_RequireLowercase_Hint">Mật khẩu phải có ít nhất một chữ thường ('a' - 'z').</text>
    <text name="PasswordComplexity_RequireNonAlphanumeric_Hint">Mật khẩu phải có ít nhất một ký tự không phải chữ và số.</text>
    <text name="PasswordComplexity_RequireUppercase_Hint">Mật khẩu phải có ít nhất một chữ hoa ('A' - 'Z').</text>
    <text name="PasswordComplexity_RequiredLength_Hint">Mật khẩu phải có ít nhất {0} ký tự.</text>
    <text name="PasswordComplexity_RequireDigit">Yêu cầu phải bao gồm chữ số</text>
    <text name="PasswordComplexity_RequireLowercase">Yêu cầu phải bao gồm chữ thường</text>
    <text name="PasswordComplexity_RequireNonAlphanumeric">Yêu cầu phải bao gồm ký tự đặc biệt</text>
    <text name="PasswordComplexity_RequireUppercase">Yêu cầu phải bao gồm chữ hoa</text>
    <text name="PasswordComplexity_RequiredLength">Độ dài yêu cầu</text>
    <text name="HostDashboardHeaderInfo">Bảng thông tin thống kê và báo cáo tổng hợp</text>
    <text name="DashboardSampleStatistics">Thống kê mẫu</text>
    <text name="DashboardSampleStatisticsHelpText">Phát triển</text>
    <text name="NewTenants">Thuê bao mới</text>
    <text name="NewSubscriptionAmount">Số tiền đăng ký mới</text>
    <text name="Income">Thu nhập</text>
    <text name="IncomeStatistics">Thống kê thu nhập</text>
    <text name="ChangeDateRange">Thay đổi phạm vi ngày</text>
    <text name="Daily">Hàng ngày</text>
    <text name="Weekly">Hàng tuần</text>
    <text name="Monthly">Hàng tháng</text>
    <text name="DateFormatShort">dd.MM.yyyy</text>
    <text name="EditionStatistics">Thống kê phiên bản</text>
    <text name="SubscriptionExpiringTenants">Thuê bao hết hạn đăng ký</text>
    <text name="RemainingDay">Ngày còn lại</text>
    <text name="SeeAllRecords">Xem tất cả hồ sơ</text>
    <text name="RecentTenants">Thuê bao gần đây</text>
    <text name="RecentTenantsHelpText">{1} khách hàng cuối cùng đã đăng ký sau {0} ngày ...</text>
    <text name="ExpiringTenantsHelpText">{1} khách hàng đầu tiên hết hạn sau {0} ngày ...</text>
    <text name="NoData">Không có dữ liệu</text>
    <text name="SubscriptionEndDate">Ngày kết thúc đăng ký</text>
    <text name="TenantNameOrTenancyCode">Tên thuê bao / mã thuê bao</text>
    <text name="IncomeWithAmount">Thu nhập: {0}</text>
    <text name="Subscription">Đăng ký</text>
    <text name="Extend">Mở rộng</text>
    <text name="Upgrade">Nâng cấp</text>
    <text name="PaymentPeriodType">Loại thời gian thanh toán</text>
    <text name="PaymentInfo">Thông tin thanh toán</text>
    <text name="MonthlyPrice">Giá hàng tháng</text>
    <text name="AnnualPrice">Giá thường niên</text>
    <text name="StartUsingFree">Bắt đầu sử dụng miễn phí</text>
    <text name="TryIt">Thử nó</text>
    <text name="Days">Ngày</text>
    <text name="PerMonth">Mỗi tháng</text>
    <text name="PerYear">Mỗi năm</text>
    <text name="TestCheckFeature">Kiểm tra chức năng kiểm tra</text>
    <text name="TestCheckFeature2">Kiểm tra chức năng kiểm tra 2</text>
    <text name="Unlimited">Không giới hạn</text>
    <text name="LatestPaymentAmount">Số tiền thanh toán mới nhất</text>
    <text name="Payment">Thanh toán</text>
    <text name="Next">Kế tiếp</text>
    <text name="Start">Bắt đầu</text>
    <text name="FreeTrial">Dùng thử miễn phí</text>
    <text name="BuyNow">Mua ngay</text>
    <text name="WhatWillDoneAfterSubscriptionExpiry">Điều gì sẽ được thực hiện sau khi hết hạn đăng ký</text>
    <text name="DeactiveTenant">Thuê bao</text>
    <text name="AssignToAnotherEdition">Chỉ định cho một phiên bản khác</text>
    <text name="SubscriptionPrice">Giá thuê bao</text>
    <text name="Free">Miễn phí</text>
    <text name="Paid">Trả tiền</text>
    <text name="IsTrialActive">Thử nghiệm đang hoạt động</text>
    <text name="TrialDayCount">Số ngày dùng thử</text>
    <text name="WaitAfterSubscriptionExpireDate">Đợi sau ngày hết hạn đăng ký</text>
    <text name="WaitingDayAfterExpire">Chờ một ngày sau khi hết hạn</text>
    <text name="DisplayOrder">Thứ tự hiển thị</text>
    <text name="Annual">Hàng năm</text>
    <text name="SubscriptionStartDate">Ngày bắt đầu đăng ký</text>
    <text name="Pricing">Định giá</text>
    <text name="ClientIsRequestingYourPermission">{0} đang yêu cầu sự cho phép của bạn</text>
    <text name="ApplicationAccess">Truy cập ứng dụng</text>
    <text name="RememberMyDecision">Nhớ quyết định của tôi</text>
    <text name="Allow">Cho phép</text>
    <text name="DoNotAllow">Không cho phép</text>
    <text name="Your user identifier">Mã nhận dạng người dùng của bạn</text>
    <text name="Required">Cần thiết</text>
    <text name="User profile">Thông tin người dùng</text>
    <text name="Your user profile information (first name, last name, etc.)">Thông tin hồ sơ người dùng của bạn (tên, họ, v.v.)</text>
    <text name="Your email address">Địa chỉ email của bạn</text>
    <text name="Your phone number">Số điện thoại của bạn</text>
    <text name="Your postal address">Địa chỉ bưu điện của bạn</text>
    <text name="AllFunctionalityYouHaveInTheApplication">Tất cả chức năng bạn có trong ứng dụng</text>
    <text name="Default (all) API">API mặc định (tất cả)</text>
    <text name="Offline Access">Truy cập ngoại tuyến</text>
    <text name="Access to your applications and resources, even when you are offline">Truy cập vào các ứng dụng và tài nguyên của bạn, ngay cả khi bạn đang ngoại tuyến</text>
    <text name="Purchase">Thanh toán</text>
    <text name="Trial">Thử nghiệm</text>
    <text name="IsDisabled">Bị vô hiệu hóa</text>
    <text name="ChartDateFormat">% m /% d /% Y</text>
    <text name="ThereIsNoLoggedInUser">Không có người dùng đã đăng nhập.</text>
    <text name="IsInTrialPeriod">Đang trong giai đoạn dùng thử?</text>
    <text name="FailedSubscriptionTerminations_Email_Subject">Chấm dứt đăng ký không thành công</text>
    <text name="FailedSubscriptionTerminations_Email_Body">Đăng ký chấm dứt không thành công cho những thuê bao sau {0} tại {1}. Bạn có thể tìm thấy thông báo lỗi chi tiết trong nhật ký hệ thống.</text>
    <text name="SubscriptionExpire_Email_Subject">Đăng ký DemoCore của bạn đã hết hạn</text>
    <text name="SubscriptionExpire_Email_Body">Đăng ký DemoCore của bạn đã hết hạn vào lúc {0}.</text>
    <text name="UnlimitedTimeSubscription">Đăng ký thời gian không giới hạn</text>
    <text name="SubscriptionEndDateUtc">Ngày kết thúc đăng ký (Utc)</text>
    <text name="ExpiringEditionMustBeAFreeEdition">Phiên bản hết hạn phải là phiên bản miễn phí</text>
    <text name="ThisEditionIsUsedAsAnExpiringEdition">Phiên bản này được sử dụng làm phiên bản hết hạn cho một phiên bản khác. Nếu bạn muốn làm cho phiên bản này được trả tiền, trước tiên bạn nên xóa nó khỏi phiên bản khác.</text>
    <text name="UpgradedTo">Đã nâng cấp lên phiên bản {0}</text>
    <text name="ExtendedEdition">Phiên bản mở rộng {0}</text>
    <text name="TrialSubscriptionNotification">Bạn đang trong giai đoạn dùng thử cho {0} phiên bản, {1} để mua.</text>
    <text name="SubscriptionExpireNotification">Đăng ký của bạn sẽ hết hạn sau {0} ngày.</text>
    <text name="TrialExpireNotification">Thời gian dùng thử của bạn sẽ hết hạn sau {0} ngày.</text>
    <text name="CanNotUpgradeSubscriptionSinceTenantHasNoEditionAssigned">Không thể nâng cấp đăng ký vì thuê bao không có phiên bản nào được chỉ định.</text>
    <text name="PaymentCouldNotCompleted">Thanh toán không thể hoàn thành</text>
    <text name="TenantEditionIsNotAssigned">Phiên bản thuê bao không được chỉ định</text>
    <text name="FreeEditionsCannotHaveTrialVersions">Phiên bản miễn phí không thể có phiên bản dùng thử</text>
    <text name="Total">Toàn bộ</text>
    <text name="Extend_Edition_Description">Mở rộng {0} Phiên bản</text>
    <text name="Upgrade_Edition_Description">Nâng cấp lên {0} Phiên bản</text>
    <text name="PaymentMightBeExpiredWarning">Hoạt động của bạn có thể hết hạn, vui lòng liên hệ với chúng tôi nếu bạn đã thực hiện thanh toán.</text>
    <text name="GoToSubscriptionManagement">Chuyển tới đăng ký</text>
    <text name="DemoPayPalAccount">Tài khoản PayPal Demo</text>
    <text name="IsEnabled">Được kích hoạt</text>
    <text name="IsGoogleAuthenticatorEnabled">Bật Google Authenticator</text>
    <text name="GoogleAuthenticatorReferrerLink">Bạn không chắc chắn màn hình này có nghĩa là gì? Bạn có thể cần phải kiểm tra điều này</text>
    <text name="ScanQrCodeWithYourMobileApp">Quét mã QR này bằng ứng dụng dành cho thiết bị di động của bạn</text>
    <text name="Profile">Hồ sơ</text>
    <text name="Enable">Bật</text>
    <text name="GoogleAuthenticatorIsNotEnabled">Google Authenticator chưa được kích hoạt cho tài khoản của bạn. Trước tiên, bạn phải bật chức năng này trong cài đặt của mình.</text>
    <text name="SubscriptionExpiringSoon_Email_Subject">Thông báo hết hạn đăng ký DemoCore của bạn</text>
    <text name="SubscriptionExpiringSoon_Email_Body">Đăng ký DemoCore của bạn sẽ hết hạn vào lúc {0}.</text>
    <text name="SubscriptionExpire_Title">DemoChi đăng ký hết hạn</text>
    <text name="SubscriptionExpire_SubTitle">Email này được gửi cho bạn để thông báo về thời hạn đăng ký của bạn</text>
    <text name="SubscriptionAssignedToAnother_Email_Body">Đăng ký DemoCore của bạn đã hết hạn vào {1}. Phiên bản hiện tại của bạn được gán cho {0}.</text>
    <text name="FailedSubscriptionTerminations_Title">Đăng ký không thành công</text>
    <text name="FailedSubscriptionTerminations_SubTitle">Đăng ký chấm dứt không thành công đối với một số thuê bao</text>
    <text name="SubscriptionExpiringSoon_Title">DemoThông báo hết hạn đăng ký</text>
    <text name="SubscriptionExpiringSoon_SubTitle">Email này được gửi cho bạn để thông báo về việc hết hạn đăng ký của bạn.</text>
    <text name="AdminRoleCannotRemoveFromAdminUser">Vai trò quản trị không thể xóa khỏi người dùng quản trị</text>
    <text name="YouCannotRemoveUserRolePermissionsFromAdminRole">Bạn không thể xóa chỉnh sửa quyền của người dùng / vai trò khỏi vai trò quản trị</text>
    <text name="YouCannotRemoveUserRolePermissionsFromAdminUser">Bạn không thể xóa chỉnh sửa quyền của người dùng / vai trò khỏi người dùng quản trị</text>
    <text name="Notification">Thông báo</text>
    <text name="TotalRecordsCount">Tổng cộng: {0}</text>
    <text name="SubscriptionInformation">Thông tin đăng ký</text>
    <text name="PaymentHistory">Lịch sử thanh toán</text>
    <text name="Gateway">Gateway</text>
    <text name="Amount">Số tiền</text>
    <text name="Status">Trạng thái</text>
    <text name="Period">Giai đoạn</text>
    <text name="DayCount">Số ngày</text>
    <text name="LastModificationTime">Lần sửa đổi cuối cùng</text>
    <text name="PaymentId">Id thanh toán</text>
    <text name="SubscriptionPaymentGatewayType_Paypal">Paypal</text>
    <text name="SubscriptionPaymentGatewayType_Stripe">Stripe</text>
    <text name="SubscriptionPaymentStatus_Completed">Đã hoàn thành</text>
    <text name="SubscriptionPaymentStatus_NotPaid">Not Paid</text>
    <text name="SubscriptionPaymentStatus_Paid">Paid</text>
    <text name="SubscriptionPaymentStatus_Failed">Thất bại</text>
    <text name="SubscriptionPaymentStatus_Cancelled">Cancelled</text>
    <text name="PaymentPeriodType_Annual">Hàng năm</text>
    <text name="PaymentPeriodType_Monthly">Hàng tháng</text>
    <text name="ProcessTime">Thời gian xử lý</text>
    <text name="SmsVerificationEnabled">Kích hoạt xác minh số điện thoại (qua SMS)</text>
    <text name="SmsVerificationMessage">Mã xác minh của bạn: {0}</text>
    <text name="Verify">Kiểm chứng</text>
    <text name="YourCode">Mã của bạn</text>
    <text name="VerifyYourCode">Xác minh mã của bạn</text>
    <text name="YourPhoneNumberIsVerified">Số điện thoại của bạn đã được xác minh</text>
    <text name="YourPhoneNumberIsNotVerified">Số điện thoại của bạn chưa được xác minh</text>
    <text name="WrongSmsVerificationCode">Mã xác minh sai!</text>
    <text name="SelectUsers">Chọn người dùng</text>
    <text name="OrganizationUnits">Cơ cấu Tổ chức</text>
    <text name="YouCanManageUsersOrganizationUnitsFromOrganizationUnitsPage">Bạn có thể quản lý các Cơ cấu Tổ chức của người dùng từ trang Cơ cấu Tổ chức.</text>
    <text name="DemoUiComponents">Thành phần giao diện người dùng demo</text>
    <text name="DateAndTimePickers">Bộ chọn ngày và giờ</text>
    <text name="FileUpload">Tập tin tải lên</text>
    <text name="PostedValue">Giá trị đã đăng</text>
    <text name="SelectDate">Chọn ngày</text>
    <text name="SelectFile">Chọn tập tin</text>
    <text name="UploadedFile">Tập tin đã tải lên</text>
    <text name="PostedData">Dữ liệu đã đăng</text>
    <text name="Remove">Tẩy</text>
    <text name="OrganizationUnitNotFoundForThisUser">Không tìm thấy Cơ cấu Tổ chức nào cho người dùng này.</text>
    <text name="DemoUiComponents_Info">
      Trang này giới thiệu một số thành phần giao diện người dùng hữu ích mà bạn có thể sử dụng trong ứng dụng của mình.
      Các thành phần này được triển khai full stack (bao gồm cả server side).
    </text>
    <text name="DemoUiComponents_Info_Metronic_Link_Text">Tham khảo Theme Metronic để biết thêm các thành phần giao diện người dùng</text>
    <text name="Image">Hình ảnh</text>
    <text name="File">Tập tin</text>
    <text name="Link">Liên kết</text>
    <text name="Billing">Thanh toán</text>
    <text name="LegalName">Tên pháp nhân</text>
    <text name="Address">Địa chỉ</text>
    <text name="Tax/VatNo">Thuế / VAT</text>
    <text name="Invoice">Hóa đơn</text>
    <text name="TotalAmount">Tổng cộng</text>
    <text name="Print">In</text>
    <text name="ShowInvoice">Hiển thị hóa đơn</text>
    <text name="InvoiceInformation">Thông tin hóa đơn</text>
    <text name="InvoiceNo">Số hóa đơn</text>
    <text name="Date">Ngày</text>
    <text name="ThisInvoiceIsNotYours">Hóa đơn này không phải của bạn!</text>
    <text name="UiCustomizationHeaderInfo">Thay đổi giao diện người dùng</text>
    <text name="UiCustomization_Layout">Bố trí</text>
    <text name="UiCustomization_LayoutType">Loại bố cục</text>
    <text name="UiCustomization_Fluid">Fluid</text>
    <text name="UiCustomization_Boxed">Boxed</text>
    <text name="UiCustomization_Disabled">Vô hiệu</text>
    <text name="UiCustomization_Default">Mặc định</text>
    <text name="UiCustomization_SpinnerMessage">Tin nhắn Spinner</text>
    <text name="UiCustomization_ContentSkin">Giao diện Nội dung</text>
    <text name="UiCustomization_LightGrey">Màu xám nhạt</text>
    <text name="UiCustomization_White">Màu trắng</text>
    <text name="UiCustomization_DesktopFixedHeader">Tiêu đề cố định</text>
    <text name="UiCustomization_None">Không</text>
    <text name="UiCustomization_Hide">Ẩn giấu</text>
    <text name="UiCustomization_MobileFixedHeader">Tiêu đề cố định</text>
    <text name="UiCustomization_DisplayHeaderMenu">Trình đơn tiêu đề hiển thị</text>
    <text name="UiCustomization_DropdownSkinDesktop">Giao diện</text>
    <text name="UiCustomization_Light">Sáng</text>
    <text name="UiCustomization_Dark">Tối</text>
    <text name="UiCustomization_DisplaySubmenuArrowDesktop">Hiển thị mũi tên menu phụ</text>
    <text name="UiCustomization_DropdownSkin">Giao diện menu thả xuống</text>
    <text name="UiCustomization_Menu">Menu</text>
    <text name="UiCustomization_MenuPosition">Vị trí</text>
    <text name="UiCustomization_Left">Bên trái</text>
    <text name="UiCustomization_Top">Trên đỉnh</text>
    <text name="UiCustomization_MenuSkin">Giao diện Menu</text>
    <text name="UiCustomization_FixedMenu">Menu cố định</text>
    <text name="UiCustomization_AllowAsideMinimizing">Cho phép thu nhỏ sang một bên</text>
    <text name="UiCustomization_DefaultMinimizedAside">Mặc định thu nhỏ sang một bên</text>
    <text name="UiCustomization_AllowAsideHiding">Cho phép ẩn sang một bên</text>
    <text name="UiCustomization_DropdownSubmenuSkin">Giao diện menu con thả xuống</text>
    <text name="UiCustomization_Inherit">Thừa kế</text>
    <text name="UiCustomization_Footer">Chân trang</text>
    <text name="UiCustomization_FixedFooter">Chân trang cố định</text>
    <text name="UiCustomization_PushFooter">Đẩy chân trang</text>
    <text name="UiCustomization_Header">Thanh tiêu đề</text>
    <text name="UiCustomization_Theme">Chủ đề</text>
    <text name="VisualSettings">Cài đặt giao diện</text>
    <text name="SaveAsSystemDefault">Lưu làm mặc định hệ thống</text>
    <text name="UseSystemDefaults">Sử dụng mặc định hệ thống</text>
    <text name="NewNotifications">Thông báo mới</text>
    <text name="Subscriptions">Đăng ký</text>
    <text name="UiCustomization_DefaultHiddenAside">Mặc định ẩn sang một bên</text>
    <text name="LoadWithThreeDot">Tải...</text>
    <text name="NoInternetConnection">Bạn hiện chưa kết nối với internet</text>
    <text name="Warning">Cảnh báo</text>
    <text name="RequestTimedOut">Yêu cầu của bạn đã hết thời gian, vui lòng thử lại sau.</text>
    <text name="AnErrorOccurred">Một lỗi xảy ra, xin vui lòng thử lại sau.</text>
    <text name="AnHttpErrorOccured">Đã xảy ra lỗi khi kết nối với máy chủ.</text>
    <text name="ChangePasswordToLogin">Bạn phải thay đổi mật khẩu của mình trước khi đăng nhập!</text>
    <text name="NoPermission">Bạn không có bất kỳ sự cho phép nào. Kết nối với quản trị viên của bạn.</text>
    <text name="NoCamera">Không tìm thấy máy ảnh nào!</text>
    <text name="PickFromGallery">Chọn từ thư viện</text>
    <text name="TakePhoto">Chụp một tấm</text>
    <text name="Rotate">Quay</text>
    <text name="PasswordsDontMatch">Mật khẩu không phù hợp!</text>
    <text name="RequiredField">Trường {0} là bắt buộc.</text>
    <text name="StringLengthDoesntMatch">Trường {0} phải có độ dài tối thiểu {1} và độ dài tối đa là {2}.</text>
    <text name="LessThanMinStringLength">Trường {0} phải có độ dài minumum {1}.</text>
    <text name="InvalidPhoneNumber">Trường {0} không phải là số điện thoại hợp lệ</text>
    <text name="InvalidRegularExpression">Trường {0} không hợp lệ.</text>
    <text name="LengthNotInRange">Phần thứ mười của trường {0} phải nằm trong khoảng từ {1} đến {2}.</text>
    <text name="UiCustomization_Mobile">Điện thoại di động</text>
    <text name="UiCustomization_Desktop">Máy tính để bàn</text>
    <text name="TwoFactorLoginIsNotSupported">Bảo mật 2 lớp không được hỗ trợ!</text>
    <text name="LinkToCurrentPage">Liên kết đến trang hiện tại</text>
    <text name="ThisFieldIsRequired">Trường này là bắt buộc.</text>
    <text name="PleaseEnterAtLeastNCharacter">Vui lòng nhập ít nhất {0} ký tự.</text>
    <text name="PleaseEnterNoMoreThanNCharacter">Vui lòng nhập không quá {0} ký tự.</text>
    <text name="SelectTwoFactorProvider">Chọn nhà cung cấp xác thực hai yếu tố</text>
    <text name="InvoiceInfoIsMissingOrNotCompleted">Thông tin hóa đơn bị thiếu hoặc chưa hoàn thành</text>
    <text name="InvoiceTo">Hóa đơn đến</text>
    <text name="OperationLogs">Nhật ký hoạt động</text>
    <text name="ChangeLogs">Thay đổi nhật ký</text>
    <text name="Object">Đối tượng</text>
    <text name="Property">Bất động sản</text>
    <text name="OriginalValue">Giá trị ban đầu</text>
    <text name="NewValue">Giá trị mới</text>
    <text name="Detail">Chi tiết</text>
    <text name="CreatedAtByUser"><![CDATA[Được tạo lúc <b>{0}</b> bởi <b>{1}</b>]]></text>
    <text name="TruongViet.DemoCore.MultiTenancy.Tenant">Thuê bao</text>
    <text name="Abp.Organizations.OrganizationUnit">Cơ cấu Tổ chức</text>
    <text name="Search">Tìm kiếm</text>
    <text name="Pin">Ghim</text>
    <text name="TopMenu">Menu trên cùng</text>
    <text name="LeftMenu">Menu bên trái</text>
    <text name="UserAccounts">Tài khoản người dùng</text>
    <text name="Blue">Màu lam</text>
    <text name="Green">Màu lục</text>
    <text name="Pink">Màu hồng</text>
    <text name="Yellow">Màu vàng</text>
  </texts>
</localizationDictionary>
